May 06 09:35:56 nixos kernel: Linux version 7.0.3 (nixbld@localhost) (gcc (GCC) 15.2.0, GNU ld (GNU Binutils) 2.46) #1-NixOS SMP PREEMPT_DYNAMIC Thu Apr 30 09:13:05 UTC 2026
May 06 09:35:56 nixos kernel: Command line: initrd=\EFI\nixos\4wgv3zqq6vzw6dgn9l76c7w0ljr13yr9-initrd-linux-7.0.3-initrd.efi init=/nix/store/s7b60vcqjwdivb544ys08qy76qwwnrny-nixos-system-unnamed-26.05.20260430.15f4ee4/init root=fstab resume=/dev/disk/by-label/swap loglevel=4 lsm=landlock,yama,bpf vt.default_red=0x28,0xfb,0xb8,0xfa,0x83,0xd3,0x8e,0xd5,0x66,0xfb,0xb8,0xfa,0x83,0xd3,0x8e,0xfb vt.default_grn=0x28,0x49,0xbb,0xbd,0xa5,0x86,0xc0,0xc4,0x5c,0x49,0xbb,0xbd,0xa5,0x86,0xc0,0xf1 vt.default_blu=0x28,0x34,0x26,0x2f,0x98,0x9b,0x7c,0xa1,0x54,0x34,0x26,0x2f,0x98,0x9b,0x7c,0xc7
May 06 09:35:56 nixos kernel: BIOS-provided physical RAM map:
May 06 09:35:56 nixos kernel: BIOS-e820: [mem 0x0000000000000000-0x000000000009ffff]  System RAM
May 06 09:35:56 nixos kernel: BIOS-e820: [mem 0x00000000000a0000-0x00000000000fffff]  device reserved
May 06 09:35:56 nixos kernel: BIOS-e820: [mem 0x0000000000100000-0x0000000009d1efff]  System RAM
May 06 09:35:56 nixos kernel: BIOS-e820: [mem 0x0000000009d1f000-0x0000000009ffffff]  device reserved
May 06 09:35:56 nixos kernel: BIOS-e820: [mem 0x000000000a000000-0x000000000a1fffff]  System RAM
May 06 09:35:56 nixos kernel: BIOS-e820: [mem 0x000000000a200000-0x000000000a20cfff]  ACPI NVS
May 06 09:35:56 nixos kernel: BIOS-e820: [mem 0x000000000a20d000-0x000000000affffff]  System RAM
May 06 09:35:56 nixos kernel: BIOS-e820: [mem 0x000000000b000000-0x000000000b01ffff]  device reserved
May 06 09:35:56 nixos kernel: BIOS-e820: [mem 0x000000000b020000-0x00000000c3ae9fff]  System RAM
May 06 09:35:56 nixos kernel: BIOS-e820: [mem 0x00000000c3aea000-0x00000000c3e24fff]  device reserved
May 06 09:35:56 nixos kernel: BIOS-e820: [mem 0x00000000c3e25000-0x00000000c4090fff]  ACPI data
May 06 09:35:56 nixos kernel: BIOS-e820: [mem 0x00000000c4091000-0x00000000c5838fff]  ACPI NVS
May 06 09:35:56 nixos kernel: BIOS-e820: [mem 0x00000000c5839000-0x00000000c69fefff]  device reserved
May 06 09:35:56 nixos kernel: BIOS-e820: [mem 0x00000000c69ff000-0x00000000c7ffffff]  System RAM
May 06 09:35:56 nixos kernel: BIOS-e820: [mem 0x00000000c8000000-0x00000000caffffff]  device reserved
May 06 09:35:56 nixos kernel: BIOS-e820: [gap 0x00000000cb000000-0x00000000ceffffff]
May 06 09:35:56 nixos kernel: BIOS-e820: [mem 0x00000000cf000000-0x00000000cfffffff]  device reserved
May 06 09:35:56 nixos kernel: BIOS-e820: [gap 0x00000000d0000000-0x00000000efffffff]
May 06 09:35:56 nixos kernel: BIOS-e820: [mem 0x00000000f0000000-0x00000000f7ffffff]  device reserved
May 06 09:35:56 nixos kernel: BIOS-e820: [gap 0x00000000f8000000-0x00000000fd1fffff]
May 06 09:35:56 nixos kernel: BIOS-e820: [mem 0x00000000fd200000-0x00000000fd2fffff]  device reserved
May 06 09:35:56 nixos kernel: BIOS-e820: [gap 0x00000000fd300000-0x00000000fd5fffff]
May 06 09:35:56 nixos kernel: BIOS-e820: [mem 0x00000000fd600000-0x00000000fd6fffff]  device reserved
May 06 09:35:56 nixos kernel: BIOS-e820: [gap 0x00000000fd700000-0x00000000fe9fffff]
May 06 09:35:56 nixos kernel: BIOS-e820: [mem 0x00000000fea00000-0x00000000fea0ffff]  device reserved
May 06 09:35:56 nixos kernel: BIOS-e820: [gap 0x00000000fea10000-0x00000000feb7ffff]
May 06 09:35:56 nixos kernel: BIOS-e820: [mem 0x00000000feb80000-0x00000000fec01fff]  device reserved
May 06 09:35:56 nixos kernel: BIOS-e820: [gap 0x00000000fec02000-0x00000000fec0ffff]
May 06 09:35:56 nixos kernel: BIOS-e820: [mem 0x00000000fec10000-0x00000000fec10fff]  device reserved
May 06 09:35:56 nixos kernel: BIOS-e820: [gap 0x00000000fec11000-0x00000000fec2ffff]
May 06 09:35:56 nixos kernel: BIOS-e820: [mem 0x00000000fec30000-0x00000000fec30fff]  device reserved
May 06 09:35:56 nixos kernel: BIOS-e820: [gap 0x00000000fec31000-0x00000000fecfffff]
May 06 09:35:56 nixos kernel: BIOS-e820: [mem 0x00000000fed00000-0x00000000fed00fff]  device reserved
May 06 09:35:56 nixos kernel: BIOS-e820: [gap 0x00000000fed01000-0x00000000fed3ffff]
May 06 09:35:56 nixos kernel: BIOS-e820: [mem 0x00000000fed40000-0x00000000fed44fff]  device reserved
May 06 09:35:56 nixos kernel: BIOS-e820: [gap 0x00000000fed45000-0x00000000fed7ffff]
May 06 09:35:56 nixos kernel: BIOS-e820: [mem 0x00000000fed80000-0x00000000fed8ffff]  device reserved
May 06 09:35:56 nixos kernel: BIOS-e820: [gap 0x00000000fed90000-0x00000000fedc1fff]
May 06 09:35:56 nixos kernel: BIOS-e820: [mem 0x00000000fedc2000-0x00000000fedcffff]  device reserved
May 06 09:35:56 nixos kernel: BIOS-e820: [gap 0x00000000fedd0000-0x00000000fedd3fff]
May 06 09:35:56 nixos kernel: BIOS-e820: [mem 0x00000000fedd4000-0x00000000fedd5fff]  device reserved
May 06 09:35:56 nixos kernel: BIOS-e820: [gap 0x00000000fedd6000-0x00000000feffffff]
May 06 09:35:56 nixos kernel: BIOS-e820: [mem 0x00000000ff000000-0x00000000ffffffff]  device reserved
May 06 09:35:56 nixos kernel: BIOS-e820: [mem 0x0000000100000000-0x000000042e2fffff]  System RAM
May 06 09:35:56 nixos kernel: BIOS-e820: [mem 0x000000042e300000-0x000000042fffffff]  device reserved
May 06 09:35:56 nixos kernel: NX (Execute Disable) protection: active
May 06 09:35:56 nixos kernel: APIC: Static calls initialized
May 06 09:35:56 nixos kernel: efi: EFI v2.7 by American Megatrends
May 06 09:35:56 nixos kernel: efi: ACPI=0xc4090000 ACPI 2.0=0xc4090014 TPMFinalLog=0xc47ee000 SMBIOS=0xc67f0000 SMBIOS 3.0=0xc67ef000 MEMATTR=0xc0823318 ESRT=0xc23d6098 RNG=0xc4070f18 INITRD=0xb818cf98 TPMEventLog=0xc3f77018 
May 06 09:35:56 nixos kernel: random: crng init done
May 06 09:35:56 nixos kernel: efi: Remove mem74: MMIO range=[0xf0000000-0xf7ffffff] (128MB) from e820 map
May 06 09:35:56 nixos kernel: e820: remove [mem 0xf0000000-0xf7ffffff] device reserved
May 06 09:35:56 nixos kernel: efi: Remove mem75: MMIO range=[0xfd200000-0xfd2fffff] (1MB) from e820 map
May 06 09:35:56 nixos kernel: e820: remove [mem 0xfd200000-0xfd2fffff] device reserved
May 06 09:35:56 nixos kernel: efi: Remove mem76: MMIO range=[0xfd600000-0xfd6fffff] (1MB) from e820 map
May 06 09:35:56 nixos kernel: e820: remove [mem 0xfd600000-0xfd6fffff] device reserved
May 06 09:35:56 nixos kernel: efi: Not removing mem77: MMIO range=[0xfea00000-0xfea0ffff] (64KB) from e820 map
May 06 09:35:56 nixos kernel: efi: Remove mem78: MMIO range=[0xfeb80000-0xfec01fff] (0MB) from e820 map
May 06 09:35:56 nixos kernel: e820: remove [mem 0xfeb80000-0xfec01fff] device reserved
May 06 09:35:56 nixos kernel: efi: Not removing mem79: MMIO range=[0xfec10000-0xfec10fff] (4KB) from e820 map
May 06 09:35:56 nixos kernel: efi: Not removing mem80: MMIO range=[0xfec30000-0xfec30fff] (4KB) from e820 map
May 06 09:35:56 nixos kernel: efi: Not removing mem81: MMIO range=[0xfed00000-0xfed00fff] (4KB) from e820 map
May 06 09:35:56 nixos kernel: efi: Not removing mem82: MMIO range=[0xfed40000-0xfed44fff] (20KB) from e820 map
May 06 09:35:56 nixos kernel: efi: Not removing mem83: MMIO range=[0xfed80000-0xfed8ffff] (64KB) from e820 map
May 06 09:35:56 nixos kernel: efi: Not removing mem84: MMIO range=[0xfedc2000-0xfedcffff] (56KB) from e820 map
May 06 09:35:56 nixos kernel: efi: Not removing mem85: MMIO range=[0xfedd4000-0xfedd5fff] (8KB) from e820 map
May 06 09:35:56 nixos kernel: efi: Remove mem86: MMIO range=[0xff000000-0xffffffff] (16MB) from e820 map
May 06 09:35:56 nixos kernel: e820: remove [mem 0xff000000-0xffffffff] device reserved
May 06 09:35:56 nixos kernel: SMBIOS 3.3.0 present.
May 06 09:35:56 nixos kernel: DMI: ASUS System Product Name/PRIME B550M-A (WI-FI), BIOS 3611 09/29/2024
May 06 09:35:56 nixos kernel: DMI: Memory slots populated: 2/4
May 06 09:35:56 nixos kernel: tsc: Fast TSC calibration using PIT
May 06 09:35:56 nixos kernel: tsc: Detected 4199.909 MHz processor
May 06 09:35:56 nixos kernel: e820: update [mem 0x00000000-0x00000fff] System RAM ==> device reserved
May 06 09:35:56 nixos kernel: e820: remove [mem 0x000a0000-0x000fffff] System RAM
May 06 09:35:56 nixos kernel: last_pfn = 0x42e300 max_arch_pfn = 0x400000000
May 06 09:35:56 nixos kernel: MTRR map: 6 entries (4 fixed + 2 variable; max 21), built from 9 variable MTRRs
May 06 09:35:56 nixos kernel: x86/PAT: Configuration [0-7]: WB  WC  UC- UC  WB  WP  UC- WT  
May 06 09:35:56 nixos kernel: e820: update [mem 0xd0000000-0xffffffff] System RAM ==> device reserved
May 06 09:35:56 nixos kernel: last_pfn = 0xc8000 max_arch_pfn = 0x400000000
May 06 09:35:56 nixos kernel: esrt: Reserving ESRT space from 0x00000000c23d6098 to 0x00000000c23d60d0.
May 06 09:35:56 nixos kernel: e820: update [mem 0xc23d6000-0xc23d6fff] System RAM ==> device reserved
May 06 09:35:56 nixos kernel: Using GB pages for direct mapping
May 06 09:35:56 nixos kernel: Secure boot disabled
May 06 09:35:56 nixos kernel: RAMDISK: [mem 0xb66d3000-0xb818afff]
May 06 09:35:56 nixos kernel: ACPI: Early table checksum verification disabled
May 06 09:35:56 nixos kernel: ACPI: RSDP 0x00000000C4090014 000024 (v02 ALASKA)
May 06 09:35:56 nixos kernel: ACPI: XSDT 0x00000000C408F728 0000CC (v01 ALASKA A M I    01072009 AMI  01000013)
May 06 09:35:56 nixos kernel: ACPI: FACP 0x00000000C4080000 000114 (v06 ALASKA A M I    01072009 AMI  00010013)
May 06 09:35:56 nixos kernel: ACPI: DSDT 0x00000000C4075000 00ACB3 (v02 ALASKA A M I    01072009 INTL 20120913)
May 06 09:35:56 nixos kernel: ACPI: FACS 0x00000000C481E000 000040
May 06 09:35:56 nixos kernel: ACPI: IVRS 0x00000000C408E000 0000D0 (v02 AMD    AmdTable 00000001 AMD  00000001)
May 06 09:35:56 nixos kernel: ACPI: SSDT 0x00000000C4086000 0072B0 (v02 AMD    Artic    00000002 MSFT 04000000)
May 06 09:35:56 nixos kernel: ACPI: SSDT 0x00000000C4082000 003B8E (v02 AMD    AMD AOD  00000001 INTL 20120913)
May 06 09:35:56 nixos kernel: ACPI: SSDT 0x00000000C4081000 0001AD (v02 ALASKA CPUSSDT  01072009 AMI  01072009)
May 06 09:35:56 nixos kernel: ACPI: FIDT 0x00000000C4074000 00009C (v01 ALASKA A M I    01072009 AMI  00010013)
May 06 09:35:56 nixos kernel: ACPI: MCFG 0x00000000C4072000 00003C (v01 ALASKA A M I    01072009 MSFT 00010013)
May 06 09:35:56 nixos kernel: ACPI: HPET 0x00000000C4071000 000038 (v01 ALASKA A M I    01072009 AMI  00000005)
May 06 09:35:56 nixos kernel: ACPI: BGRT 0x00000000C406F000 000038 (v01 ALASKA A M I    01072009 AMI  00010013)
May 06 09:35:56 nixos kernel: ACPI: WPBT 0x00000000C3F90000 00003C (v01 ALASKA A M I    00000001 ASUS 00000001)
May 06 09:35:56 nixos kernel: ACPI: TPM2 0x00000000C3F8F000 00004C (v04 ALASKA A M I    00000001 AMI  00000000)
May 06 09:35:56 nixos kernel: ACPI: SSDT 0x00000000C3F8C000 002844 (v02 AMD    AmdTable 00000001 AMD  00000001)
May 06 09:35:56 nixos kernel: ACPI: CRAT 0x00000000C3F8B000 000B68 (v01 AMD    AmdTable 00000001 AMD  00000001)
May 06 09:35:56 nixos kernel: ACPI: CDIT 0x00000000C3F8A000 000029 (v01 AMD    AmdTable 00000001 AMD  00000001)
May 06 09:35:56 nixos kernel: ACPI: SSDT 0x00000000C3F89000 000259 (v02 AMD    ArticDGP 00000001 INTL 20120913)
May 06 09:35:56 nixos kernel: ACPI: SSDT 0x00000000C3F85000 003E6E (v02 AMD    ArticN   00000001 INTL 20120913)
May 06 09:35:56 nixos kernel: ACPI: WSMT 0x00000000C3F84000 000028 (v01 ALASKA A M I    01072009 AMI  00010013)
May 06 09:35:56 nixos kernel: ACPI: APIC 0x00000000C3F83000 00015E (v04 ALASKA A M I    01072009 AMI  00010013)
May 06 09:35:56 nixos kernel: ACPI: SSDT 0x00000000C3F82000 00007D (v02 AMD    ArticDIS 00000001 INTL 20120913)
May 06 09:35:56 nixos kernel: ACPI: SSDT 0x00000000C3F81000 0000BF (v01 AMD    AmdTable 00001000 INTL 20120913)
May 06 09:35:56 nixos kernel: ACPI: FPDT 0x00000000C3F80000 000044 (v01 ALASKA A M I    01072009 AMI  01000013)
May 06 09:35:56 nixos kernel: ACPI: Reserving FACP table memory at [mem 0xc4080000-0xc4080113]
May 06 09:35:56 nixos kernel: ACPI: Reserving DSDT table memory at [mem 0xc4075000-0xc407fcb2]
May 06 09:35:56 nixos kernel: ACPI: Reserving FACS table memory at [mem 0xc481e000-0xc481e03f]
May 06 09:35:56 nixos kernel: ACPI: Reserving IVRS table memory at [mem 0xc408e000-0xc408e0cf]
May 06 09:35:56 nixos kernel: ACPI: Reserving SSDT table memory at [mem 0xc4086000-0xc408d2af]
May 06 09:35:56 nixos kernel: ACPI: Reserving SSDT table memory at [mem 0xc4082000-0xc4085b8d]
May 06 09:35:56 nixos kernel: ACPI: Reserving SSDT table memory at [mem 0xc4081000-0xc40811ac]
May 06 09:35:56 nixos kernel: ACPI: Reserving FIDT table memory at [mem 0xc4074000-0xc407409b]
May 06 09:35:56 nixos kernel: ACPI: Reserving MCFG table memory at [mem 0xc4072000-0xc407203b]
May 06 09:35:56 nixos kernel: ACPI: Reserving HPET table memory at [mem 0xc4071000-0xc4071037]
May 06 09:35:56 nixos kernel: ACPI: Reserving BGRT table memory at [mem 0xc406f000-0xc406f037]
May 06 09:35:56 nixos kernel: ACPI: Reserving WPBT table memory at [mem 0xc3f90000-0xc3f9003b]
May 06 09:35:56 nixos kernel: ACPI: Reserving TPM2 table memory at [mem 0xc3f8f000-0xc3f8f04b]
May 06 09:35:56 nixos kernel: ACPI: Reserving SSDT table memory at [mem 0xc3f8c000-0xc3f8e843]
May 06 09:35:56 nixos kernel: ACPI: Reserving CRAT table memory at [mem 0xc3f8b000-0xc3f8bb67]
May 06 09:35:56 nixos kernel: ACPI: Reserving CDIT table memory at [mem 0xc3f8a000-0xc3f8a028]
May 06 09:35:56 nixos kernel: ACPI: Reserving SSDT table memory at [mem 0xc3f89000-0xc3f89258]
May 06 09:35:56 nixos kernel: ACPI: Reserving SSDT table memory at [mem 0xc3f85000-0xc3f88e6d]
May 06 09:35:56 nixos kernel: ACPI: Reserving WSMT table memory at [mem 0xc3f84000-0xc3f84027]
May 06 09:35:56 nixos kernel: ACPI: Reserving APIC table memory at [mem 0xc3f83000-0xc3f8315d]
May 06 09:35:56 nixos kernel: ACPI: Reserving SSDT table memory at [mem 0xc3f82000-0xc3f8207c]
May 06 09:35:56 nixos kernel: ACPI: Reserving SSDT table memory at [mem 0xc3f81000-0xc3f810be]
May 06 09:35:56 nixos kernel: ACPI: Reserving FPDT table memory at [mem 0xc3f80000-0xc3f80043]
May 06 09:35:56 nixos kernel: No NUMA configuration found
May 06 09:35:56 nixos kernel: Faking a node at [mem 0x0000000000000000-0x000000042e2fffff]
May 06 09:35:56 nixos kernel: NODE_DATA(0) allocated [mem 0x42e2fa780-0x42e2ffcff]
May 06 09:35:56 nixos kernel: ACPI: PM-Timer IO Port: 0x808
May 06 09:35:56 nixos kernel: ACPI: LAPIC_NMI (acpi_id[0xff] high edge lint[0x1])
May 06 09:35:56 nixos kernel: IOAPIC[0]: apic_id 13, version 33, address 0xfec00000, GSI 0-23
May 06 09:35:56 nixos kernel: IOAPIC[1]: apic_id 14, version 33, address 0xfec01000, GSI 24-55
May 06 09:35:56 nixos kernel: ACPI: INT_SRC_OVR (bus 0 bus_irq 0 global_irq 2 dfl dfl)
May 06 09:35:56 nixos kernel: ACPI: INT_SRC_OVR (bus 0 bus_irq 9 global_irq 9 low level)
May 06 09:35:56 nixos kernel: ACPI: Using ACPI (MADT) for SMP configuration information
May 06 09:35:56 nixos kernel: ACPI: HPET id: 0x10228201 base: 0xfed00000
May 06 09:35:56 nixos kernel: e820: update [mem 0xbefc0000-0xbf170fff] System RAM ==> device reserved
May 06 09:35:56 nixos kernel: CPU topo: Max. logical packages:   1
May 06 09:35:56 nixos kernel: CPU topo: Max. logical nodes:      1
May 06 09:35:56 nixos kernel: CPU topo: Num. nodes per package:  1
May 06 09:35:56 nixos kernel: CPU topo: Max. logical dies:       1
May 06 09:35:56 nixos kernel: CPU topo: Max. dies per package:   1
May 06 09:35:56 nixos kernel: CPU topo: Max. threads per core:   2
May 06 09:35:56 nixos kernel: CPU topo: Num. cores per package:     6
May 06 09:35:56 nixos kernel: CPU topo: Num. threads per package:  12
May 06 09:35:56 nixos kernel: CPU topo: Allowing 12 present CPUs plus 0 hotplug CPUs
May 06 09:35:56 nixos kernel: PM: hibernation: Registered nosave memory: [mem 0x00000000-0x00000fff]
May 06 09:35:56 nixos kernel: PM: hibernation: Registered nosave memory: [mem 0x000a0000-0x000fffff]
May 06 09:35:56 nixos kernel: PM: hibernation: Registered nosave memory: [mem 0x09d1f000-0x09ffffff]
May 06 09:35:56 nixos kernel: PM: hibernation: Registered nosave memory: [mem 0x0a200000-0x0a20cfff]
May 06 09:35:56 nixos kernel: PM: hibernation: Registered nosave memory: [mem 0x0b000000-0x0b01ffff]
May 06 09:35:56 nixos kernel: PM: hibernation: Registered nosave memory: [mem 0xbefc0000-0xbf170fff]
May 06 09:35:56 nixos kernel: PM: hibernation: Registered nosave memory: [mem 0xc23d6000-0xc23d6fff]
May 06 09:35:56 nixos kernel: PM: hibernation: Registered nosave memory: [mem 0xc3aea000-0xc69fefff]
May 06 09:35:56 nixos kernel: PM: hibernation: Registered nosave memory: [mem 0xc8000000-0xffffffff]
May 06 09:35:56 nixos kernel: [gap 0xd0000000-0xfe9fffff] available for PCI devices
May 06 09:35:56 nixos kernel: Booting paravirtualized kernel on bare hardware
May 06 09:35:56 nixos kernel: clocksource: refined-jiffies: mask: 0xffffffff max_cycles: 0xffffffff, max_idle_ns: 1910969940391419 ns
May 06 09:35:56 nixos kernel: Zone ranges:
May 06 09:35:56 nixos kernel:   DMA      [mem 0x0000000000001000-0x0000000000ffffff]
May 06 09:35:56 nixos kernel:   DMA32    [mem 0x0000000001000000-0x00000000ffffffff]
May 06 09:35:56 nixos kernel:   Normal   [mem 0x0000000100000000-0x000000042e2fffff]
May 06 09:35:56 nixos kernel:   Device   empty
May 06 09:35:56 nixos kernel: Movable zone start for each node
May 06 09:35:56 nixos kernel: Early memory node ranges
May 06 09:35:56 nixos kernel:   node   0: [mem 0x0000000000001000-0x000000000009ffff]
May 06 09:35:56 nixos kernel:   node   0: [mem 0x0000000000100000-0x0000000009d1efff]
May 06 09:35:56 nixos kernel:   node   0: [mem 0x000000000a000000-0x000000000a1fffff]
May 06 09:35:56 nixos kernel:   node   0: [mem 0x000000000a20d000-0x000000000affffff]
May 06 09:35:56 nixos kernel:   node   0: [mem 0x000000000b020000-0x00000000c3ae9fff]
May 06 09:35:56 nixos kernel:   node   0: [mem 0x00000000c69ff000-0x00000000c7ffffff]
May 06 09:35:56 nixos kernel:   node   0: [mem 0x0000000100000000-0x000000042e2fffff]
May 06 09:35:56 nixos kernel: Initmem setup node 0 [mem 0x0000000000001000-0x000000042e2fffff]
May 06 09:35:56 nixos kernel: On node 0, zone DMA: 1 pages in unavailable ranges
May 06 09:35:56 nixos kernel: On node 0, zone DMA: 96 pages in unavailable ranges
May 06 09:35:56 nixos kernel: On node 0, zone DMA32: 737 pages in unavailable ranges
May 06 09:35:56 nixos kernel: On node 0, zone DMA32: 13 pages in unavailable ranges
May 06 09:35:56 nixos kernel: On node 0, zone DMA32: 32 pages in unavailable ranges
May 06 09:35:56 nixos kernel: On node 0, zone DMA32: 12053 pages in unavailable ranges
May 06 09:35:56 nixos kernel: On node 0, zone Normal: 7424 pages in unavailable ranges
May 06 09:35:56 nixos kernel: setup_percpu: NR_CPUS:384 nr_cpumask_bits:12 nr_cpu_ids:12 nr_node_ids:1
May 06 09:35:56 nixos kernel: percpu: Embedded 99 pages/cpu s282624 r8192 d114688 u524288
May 06 09:35:56 nixos kernel: pcpu-alloc: s282624 r8192 d114688 u524288 alloc=1*2097152
May 06 09:35:56 nixos kernel: pcpu-alloc: [0] 00 01 02 03 [0] 04 05 06 07 
May 06 09:35:56 nixos kernel: pcpu-alloc: [0] 08 09 10 11 
May 06 09:35:56 nixos kernel: Kernel command line: initrd=\EFI\nixos\4wgv3zqq6vzw6dgn9l76c7w0ljr13yr9-initrd-linux-7.0.3-initrd.efi init=/nix/store/s7b60vcqjwdivb544ys08qy76qwwnrny-nixos-system-unnamed-26.05.20260430.15f4ee4/init root=fstab resume=/dev/disk/by-label/swap loglevel=4 lsm=landlock,yama,bpf vt.default_red=0x28,0xfb,0xb8,0xfa,0x83,0xd3,0x8e,0xd5,0x66,0xfb,0xb8,0xfa,0x83,0xd3,0x8e,0xfb vt.default_grn=0x28,0x49,0xbb,0xbd,0xa5,0x86,0xc0,0xc4,0x5c,0x49,0xbb,0xbd,0xa5,0x86,0xc0,0xf1 vt.default_blu=0x28,0x34,0x26,0x2f,0x98,0x9b,0x7c,0xa1,0x54,0x34,0x26,0x2f,0x98,0x9b,0x7c,0xc7
May 06 09:35:56 nixos kernel: printk: log buffer data + meta data: 262144 + 1114112 = 1376256 bytes
May 06 09:35:56 nixos kernel: Dentry cache hash table entries: 2097152 (order: 12, 16777216 bytes, linear)
May 06 09:35:56 nixos kernel: Inode-cache hash table entries: 1048576 (order: 11, 8388608 bytes, linear)
May 06 09:35:56 nixos kernel: software IO TLB: area num 16.
May 06 09:35:56 nixos kernel: Fallback order for Node 0: 0 
May 06 09:35:56 nixos kernel: Built 1 zonelists, mobility grouping on.  Total pages: 4141180
May 06 09:35:56 nixos kernel: Policy zone: Normal
May 06 09:35:56 nixos kernel: mem auto-init: stack:all(zero), heap alloc:on, heap free:off
May 06 09:35:56 nixos kernel: SLUB: HWalign=64, Order=0-3, MinObjects=0, CPUs=12, Nodes=1
May 06 09:35:56 nixos kernel: allocated 33292288 bytes of page_ext
May 06 09:35:56 nixos kernel: ftrace: allocating 49309 entries in 196 pages
May 06 09:35:56 nixos kernel: ftrace: allocated 196 pages with 3 groups
May 06 09:35:56 nixos kernel: Dynamic Preempt: lazy
May 06 09:35:56 nixos kernel: rcu: Preemptible hierarchical RCU implementation.
May 06 09:35:56 nixos kernel: rcu:         RCU event tracing is enabled.
May 06 09:35:56 nixos kernel: rcu:         RCU restricting CPUs from NR_CPUS=384 to nr_cpu_ids=12.
May 06 09:35:56 nixos kernel:         Trampoline variant of Tasks RCU enabled.
May 06 09:35:56 nixos kernel:         Rude variant of Tasks RCU enabled.
May 06 09:35:56 nixos kernel:         Tracing variant of Tasks RCU enabled.
May 06 09:35:56 nixos kernel: rcu: RCU calculated value of scheduler-enlistment delay is 100 jiffies.
May 06 09:35:56 nixos kernel: rcu: Adjusting geometry for rcu_fanout_leaf=16, nr_cpu_ids=12
May 06 09:35:56 nixos kernel: RCU Tasks: Setting shift to 4 and lim to 1 rcu_task_cb_adjust=1 rcu_task_cpu_ids=12.
May 06 09:35:56 nixos kernel: RCU Tasks Rude: Setting shift to 4 and lim to 1 rcu_task_cb_adjust=1 rcu_task_cpu_ids=12.
May 06 09:35:56 nixos kernel: NR_IRQS: 24832, nr_irqs: 1064, preallocated irqs: 16
May 06 09:35:56 nixos kernel: rcu: srcu_init: Setting srcu_struct sizes based on contention.
May 06 09:35:56 nixos kernel: kfence: initialized - using 2097152 bytes for 255 objects at 0x(____ptrval____)-0x(____ptrval____)
May 06 09:35:56 nixos kernel: Console: colour dummy device 80x25
May 06 09:35:56 nixos kernel: printk: legacy console [tty0] enabled
May 06 09:35:56 nixos kernel: ACPI: Core revision 20251212
May 06 09:35:56 nixos kernel: clocksource: hpet: mask: 0xffffffff max_cycles: 0xffffffff, max_idle_ns: 133484873504 ns
May 06 09:35:56 nixos kernel: APIC: Switch to symmetric I/O mode setup
May 06 09:35:56 nixos kernel: AMD-Vi: Using global IVHD EFR:0x206d73ef22254ade, EFR2:0x0
May 06 09:35:56 nixos kernel: x2apic enabled
May 06 09:35:56 nixos kernel: APIC: Switched APIC routing to: cluster x2apic
May 06 09:35:56 nixos kernel: ..TIMER: vector=0x30 apic1=0 pin1=2 apic2=-1 pin2=-1
May 06 09:35:56 nixos kernel: clocksource: tsc-early: mask: 0xffffffffffffffff max_cycles: 0x3c8a0b6cbe2, max_idle_ns: 440795385310 ns
May 06 09:35:56 nixos kernel: Calibrating delay loop (skipped), value calculated using timer frequency.. 8399.81 BogoMIPS (lpj=4199909)
May 06 09:35:56 nixos kernel: x86/cpu: User Mode Instruction Prevention (UMIP) activated
May 06 09:35:56 nixos kernel: LVT offset 1 assigned for vector 0xf9
May 06 09:35:56 nixos kernel: LVT offset 2 assigned for vector 0xf4
May 06 09:35:56 nixos kernel: Last level iTLB entries: 4KB 512, 2MB 512, 4MB 256
May 06 09:35:56 nixos kernel: Last level dTLB entries: 4KB 2048, 2MB 2048, 4MB 1024, 1GB 0
May 06 09:35:56 nixos kernel: process: using mwait in idle threads
May 06 09:35:56 nixos kernel: mitigations: Enabled attack vectors: user_kernel, user_user, guest_host, guest_guest, SMT mitigations: auto
May 06 09:35:56 nixos kernel: Speculative Store Bypass: Mitigation: Speculative Store Bypass disabled via prctl
May 06 09:35:56 nixos kernel: Transient Scheduler Attacks: Mitigation: Clear CPU buffers
May 06 09:35:56 nixos kernel: Spectre V2 : Mitigation: Retpolines
May 06 09:35:56 nixos kernel: Spectre V2 : User space: Mitigation: STIBP always-on protection
May 06 09:35:56 nixos kernel: Speculative Return Stack Overflow: Mitigation: Safe RET
May 06 09:35:56 nixos kernel: VMSCAPE: Mitigation: IBPB before exit to userspace
May 06 09:35:56 nixos kernel: Spectre V1 : Mitigation: usercopy/swapgs barriers and __user pointer sanitization
May 06 09:35:56 nixos kernel: Spectre V2 : Spectre v2 / SpectreRSB: Filling RSB on context switch and VMEXIT
May 06 09:35:56 nixos kernel: Spectre V2 : Enabling Restricted Speculation for firmware calls
May 06 09:35:56 nixos kernel: Spectre V2 : mitigation: Enabling conditional Indirect Branch Prediction Barrier
May 06 09:35:56 nixos kernel: active return thunk: srso_alias_return_thunk
May 06 09:35:56 nixos kernel: x86/fpu: Supporting XSAVE feature 0x001: 'x87 floating point registers'
May 06 09:35:56 nixos kernel: x86/fpu: Supporting XSAVE feature 0x002: 'SSE registers'
May 06 09:35:56 nixos kernel: x86/fpu: Supporting XSAVE feature 0x004: 'AVX registers'
May 06 09:35:56 nixos kernel: x86/fpu: Supporting XSAVE feature 0x200: 'Protection Keys User registers'
May 06 09:35:56 nixos kernel: x86/fpu: Supporting XSAVE feature 0x800: 'Control-flow User registers'
May 06 09:35:56 nixos kernel: x86/fpu: Supporting XSAVE feature 0x1000: 'Control-flow Kernel registers (KVM only)'
May 06 09:35:56 nixos kernel: x86/fpu: xstate_offset[2]:  576, xstate_sizes[2]:  256
May 06 09:35:56 nixos kernel: x86/fpu: xstate_offset[9]:  832, xstate_sizes[9]:    8
May 06 09:35:56 nixos kernel: x86/fpu: xstate_offset[11]:  840, xstate_sizes[11]:   16
May 06 09:35:56 nixos kernel: x86/fpu: xstate_offset[12]:  856, xstate_sizes[12]:   24
May 06 09:35:56 nixos kernel: x86/fpu: Enabled xstate features 0x1a07, context size is 880 bytes, using 'compacted' format.
May 06 09:35:56 nixos kernel: Freeing SMP alternatives memory: 44K
May 06 09:35:56 nixos kernel: pid_max: default: 32768 minimum: 301
May 06 09:35:56 nixos kernel: landlock: Up and running.
May 06 09:35:56 nixos kernel: Yama: becoming mindful.
May 06 09:35:56 nixos kernel: LSM support for eBPF active
May 06 09:35:56 nixos kernel: Mount-cache hash table entries: 32768 (order: 6, 262144 bytes, linear)
May 06 09:35:56 nixos kernel: Mountpoint-cache hash table entries: 32768 (order: 6, 262144 bytes, linear)
May 06 09:35:56 nixos kernel: VFS: Finished mounting rootfs on nullfs
May 06 09:35:56 nixos kernel: smpboot: CPU0: AMD Ryzen 5 5600G with Radeon Graphics (family: 0x19, model: 0x50, stepping: 0x0)
May 06 09:35:56 nixos kernel: Performance Events: Fam17h+ core perfctr, AMD PMU driver.
May 06 09:35:56 nixos kernel: ... version:                   0
May 06 09:35:56 nixos kernel: ... bit width:                 48
May 06 09:35:56 nixos kernel: ... generic counters:          6
May 06 09:35:56 nixos kernel: ... generic bitmap:            000000000000003f
May 06 09:35:56 nixos kernel: ... fixed-purpose counters:    0
May 06 09:35:56 nixos kernel: ... fixed-purpose bitmap:      0000000000000000
May 06 09:35:56 nixos kernel: ... value mask:                0000ffffffffffff
May 06 09:35:56 nixos kernel: ... max period:                00007fffffffffff
May 06 09:35:56 nixos kernel: ... global_ctrl mask:          000000000000003f
May 06 09:35:56 nixos kernel: signal: max sigframe size: 3376
May 06 09:35:56 nixos kernel: rcu: Hierarchical SRCU implementation.
May 06 09:35:56 nixos kernel: rcu:         Max phase no-delay instances is 400.
May 06 09:35:56 nixos kernel: Timer migration: 2 hierarchy levels; 8 children per group; 2 crossnode level
May 06 09:35:56 nixos kernel: NMI watchdog: Enabled. Permanently consumes one hw-PMU counter.
May 06 09:35:56 nixos kernel: smp: Bringing up secondary CPUs ...
May 06 09:35:56 nixos kernel: smpboot: x86: Booting SMP configuration:
May 06 09:35:56 nixos kernel: .... node  #0, CPUs:        #1  #2  #3  #4  #5  #6  #7  #8  #9 #10 #11
May 06 09:35:56 nixos kernel: Spectre V2 : Update user space SMT mitigation: STIBP always-on
May 06 09:35:56 nixos kernel: smp: Brought up 1 node, 12 CPUs
May 06 09:35:56 nixos kernel: smpboot: Total of 12 processors activated (100797.81 BogoMIPS)
May 06 09:35:56 nixos kernel: Memory: 16001348K/16564720K available (17473K kernel code, 2929K rwdata, 13796K rodata, 3692K init, 4652K bss, 508924K reserved, 0K cma-reserved)
May 06 09:35:56 nixos kernel: devtmpfs: initialized
May 06 09:35:56 nixos kernel: x86/mm: Memory block size: 128MB
May 06 09:35:56 nixos kernel: ACPI: PM: Registering ACPI NVS region [mem 0x0a200000-0x0a20cfff] (53248 bytes)
May 06 09:35:56 nixos kernel: ACPI: PM: Registering ACPI NVS region [mem 0xc4091000-0xc5838fff] (24805376 bytes)
May 06 09:35:56 nixos kernel: clocksource: jiffies: mask: 0xffffffff max_cycles: 0xffffffff, max_idle_ns: 1911260446275000 ns
May 06 09:35:56 nixos kernel: posixtimers hash table entries: 8192 (order: 5, 131072 bytes, linear)
May 06 09:35:56 nixos kernel: futex hash table entries: 4096 (262144 bytes on 1 NUMA nodes, total 256 KiB, linear).
May 06 09:35:56 nixos kernel: PM: RTC time: 23:35:56, date: 2026-05-05
May 06 09:35:56 nixos kernel: NET: Registered PF_NETLINK/PF_ROUTE protocol family
May 06 09:35:56 nixos kernel: DMA: preallocated 2048 KiB GFP_KERNEL pool for atomic allocations
May 06 09:35:56 nixos kernel: DMA: preallocated 2048 KiB GFP_KERNEL|GFP_DMA pool for atomic allocations
May 06 09:35:56 nixos kernel: DMA: preallocated 2048 KiB GFP_KERNEL|GFP_DMA32 pool for atomic allocations
May 06 09:35:56 nixos kernel: audit: initializing netlink subsys (disabled)
May 06 09:35:56 nixos kernel: audit: type=2000 audit(1778024156.158:1): state=initialized audit_enabled=0 res=1
May 06 09:35:56 nixos kernel: thermal_sys: Registered thermal governor 'fair_share'
May 06 09:35:56 nixos kernel: thermal_sys: Registered thermal governor 'bang_bang'
May 06 09:35:56 nixos kernel: thermal_sys: Registered thermal governor 'step_wise'
May 06 09:35:56 nixos kernel: thermal_sys: Registered thermal governor 'user_space'
May 06 09:35:56 nixos kernel: thermal_sys: Registered thermal governor 'power_allocator'
May 06 09:35:56 nixos kernel: cpuidle: using governor menu
May 06 09:35:56 nixos kernel: efi: Freeing EFI boot services memory: 71532K
May 06 09:35:56 nixos kernel: acpiphp: ACPI Hot Plug PCI Controller Driver version: 0.5
May 06 09:35:56 nixos kernel: PCI: ECAM [mem 0xf0000000-0xf7ffffff] (base 0xf0000000) for domain 0000 [bus 00-7f]
May 06 09:35:56 nixos kernel: PCI: Using configuration type 1 for base access
May 06 09:35:56 nixos kernel: kprobes: kprobe jump-optimization is enabled. All kprobes are optimized if possible.
May 06 09:35:56 nixos kernel: HugeTLB: registered 1.00 GiB page size, pre-allocated 0 pages
May 06 09:35:56 nixos kernel: HugeTLB: 16380 KiB vmemmap can be freed for a 1.00 GiB page
May 06 09:35:56 nixos kernel: HugeTLB: registered 2.00 MiB page size, pre-allocated 0 pages
May 06 09:35:56 nixos kernel: HugeTLB: 28 KiB vmemmap can be freed for a 2.00 MiB page
May 06 09:35:56 nixos kernel: ACPI: Added _OSI(Module Device)
May 06 09:35:56 nixos kernel: ACPI: Added _OSI(Processor Device)
May 06 09:35:56 nixos kernel: ACPI: Added _OSI(Processor Aggregator Device)
May 06 09:35:56 nixos kernel: ACPI: 9 ACPI AML tables successfully acquired and loaded
May 06 09:35:56 nixos kernel: ACPI: [Firmware Bug]: BIOS _OSI(Linux) query ignored
May 06 09:35:56 nixos kernel: ACPI: \_SB_: platform _OSC: OS support mask [002e7eff]
May 06 09:35:56 nixos kernel: ACPI: Interpreter enabled
May 06 09:35:56 nixos kernel: ACPI: PM: (supports S0 S3 S4 S5)
May 06 09:35:56 nixos kernel: ACPI: Using IOAPIC for interrupt routing
May 06 09:35:56 nixos kernel: PCI: Using host bridge windows from ACPI; if necessary, use "pci=nocrs" and report a bug
May 06 09:35:56 nixos kernel: PCI: Ignoring E820 reservations for host bridge windows
May 06 09:35:56 nixos kernel: ACPI: Enabled 5 GPEs in block 00 to 1F
May 06 09:35:56 nixos kernel: ACPI: PCI Root Bridge [PCI0] (domain 0000 [bus 00-ff])
May 06 09:35:56 nixos kernel: acpi PNP0A08:00: _OSC: OS supports [ExtendedConfig ASPM ClockPM Segments MSI HPX-Type3]
May 06 09:35:56 nixos kernel: acpi PNP0A08:00: _OSC: platform does not support [LTR]
May 06 09:35:56 nixos kernel: acpi PNP0A08:00: _OSC: OS now controls [PCIeHotplug PME PCIeCapability]
May 06 09:35:56 nixos kernel: acpi PNP0A08:00: [Firmware Info]: ECAM [mem 0xf0000000-0xf7ffffff] for domain 0000 [bus 00-7f] only partially covers this bridge
May 06 09:35:56 nixos kernel: PCI host bridge to bus 0000:00
May 06 09:35:56 nixos kernel: pci_bus 0000:00: root bus resource [io  0x0000-0x03af window]
May 06 09:35:56 nixos kernel: pci_bus 0000:00: root bus resource [io  0x03e0-0x0cf7 window]
May 06 09:35:56 nixos kernel: pci_bus 0000:00: root bus resource [io  0x03b0-0x03df window]
May 06 09:35:56 nixos kernel: pci_bus 0000:00: root bus resource [io  0x0d00-0xffff window]
May 06 09:35:56 nixos kernel: pci_bus 0000:00: root bus resource [mem 0x000a0000-0x000dffff window]
May 06 09:35:56 nixos kernel: pci_bus 0000:00: root bus resource [mem 0xd0000000-0xfcffffff window]
May 06 09:35:56 nixos kernel: pci_bus 0000:00: root bus resource [mem 0x430000000-0x7fffffffff window]
May 06 09:35:56 nixos kernel: pci_bus 0000:00: root bus resource [bus 00-ff]
May 06 09:35:56 nixos kernel: pci 0000:00:00.0: [1022:1630] type 00 class 0x060000 conventional PCI endpoint
May 06 09:35:56 nixos kernel: pci 0000:00:00.2: [1022:1631] type 00 class 0x080600 conventional PCI endpoint
May 06 09:35:56 nixos kernel: pci 0000:00:01.0: [1022:1632] type 00 class 0x060000 conventional PCI endpoint
May 06 09:35:56 nixos kernel: pci 0000:00:01.1: [1022:1633] type 01 class 0x060400 PCIe Root Port
May 06 09:35:56 nixos kernel: pci 0000:00:01.1: PCI bridge to [bus 01]
May 06 09:35:56 nixos kernel: pci 0000:00:01.1:   bridge window [io  0xf000-0xffff]
May 06 09:35:56 nixos kernel: pci 0000:00:01.1:   bridge window [mem 0xfb000000-0xfc0fffff]
May 06 09:35:56 nixos kernel: pci 0000:00:01.1:   bridge window [mem 0x7fe0000000-0x7ff20fffff 64bit pref]
May 06 09:35:56 nixos kernel: pci 0000:00:01.1: PME# supported from D0 D3hot D3cold
May 06 09:35:56 nixos kernel: pci 0000:00:02.0: [1022:1632] type 00 class 0x060000 conventional PCI endpoint
May 06 09:35:56 nixos kernel: pci 0000:00:02.1: [1022:1634] type 01 class 0x060400 PCIe Root Port
May 06 09:35:56 nixos kernel: pci 0000:00:02.1: PCI bridge to [bus 02-0a]
May 06 09:35:56 nixos kernel: pci 0000:00:02.1:   bridge window [io  0xe000-0xefff]
May 06 09:35:56 nixos kernel: pci 0000:00:02.1:   bridge window [mem 0xfc600000-0xfc9fffff]
May 06 09:35:56 nixos kernel: pci 0000:00:02.1: enabling Extended Tags
May 06 09:35:56 nixos kernel: pci 0000:00:02.1: PME# supported from D0 D3hot D3cold
May 06 09:35:56 nixos kernel: pci 0000:00:08.0: [1022:1632] type 00 class 0x060000 conventional PCI endpoint
May 06 09:35:56 nixos kernel: pci 0000:00:08.1: [1022:1635] type 01 class 0x060400 PCIe Root Port
May 06 09:35:56 nixos kernel: pci 0000:00:08.1: PCI bridge to [bus 0b]
May 06 09:35:56 nixos kernel: pci 0000:00:08.1:   bridge window [mem 0xfc200000-0xfc5fffff]
May 06 09:35:56 nixos kernel: pci 0000:00:08.1: enabling Extended Tags
May 06 09:35:56 nixos kernel: pci 0000:00:08.1: PME# supported from D0 D3hot D3cold
May 06 09:35:56 nixos kernel: pci 0000:00:14.0: [1022:790b] type 00 class 0x0c0500 conventional PCI endpoint
May 06 09:35:56 nixos kernel: pci 0000:00:14.3: [1022:790e] type 00 class 0x060100 conventional PCI endpoint
May 06 09:35:56 nixos kernel: pci 0000:00:18.0: [1022:166a] type 00 class 0x060000 conventional PCI endpoint
May 06 09:35:56 nixos kernel: pci 0000:00:18.1: [1022:166b] type 00 class 0x060000 conventional PCI endpoint
May 06 09:35:56 nixos kernel: pci 0000:00:18.2: [1022:166c] type 00 class 0x060000 conventional PCI endpoint
May 06 09:35:56 nixos kernel: pci 0000:00:18.3: [1022:166d] type 00 class 0x060000 conventional PCI endpoint
May 06 09:35:56 nixos kernel: pci 0000:00:18.4: [1022:166e] type 00 class 0x060000 conventional PCI endpoint
May 06 09:35:56 nixos kernel: pci 0000:00:18.5: [1022:166f] type 00 class 0x060000 conventional PCI endpoint
May 06 09:35:56 nixos kernel: pci 0000:00:18.6: [1022:1670] type 00 class 0x060000 conventional PCI endpoint
May 06 09:35:56 nixos kernel: pci 0000:00:18.7: [1022:1671] type 00 class 0x060000 conventional PCI endpoint
May 06 09:35:56 nixos kernel: pci 0000:01:00.0: [10de:1e81] type 00 class 0x030000 PCIe Legacy Endpoint
May 06 09:35:56 nixos kernel: pci 0000:01:00.0: BAR 0 [mem 0xfb000000-0xfbffffff]
May 06 09:35:56 nixos kernel: pci 0000:01:00.0: BAR 1 [mem 0x7fe0000000-0x7fefffffff 64bit pref]
May 06 09:35:56 nixos kernel: pci 0000:01:00.0: BAR 3 [mem 0x7ff0000000-0x7ff1ffffff 64bit pref]
May 06 09:35:56 nixos kernel: pci 0000:01:00.0: BAR 5 [io  0xf000-0xf07f]
May 06 09:35:56 nixos kernel: pci 0000:01:00.0: ROM [mem 0xfc000000-0xfc07ffff pref]
May 06 09:35:56 nixos kernel: pci 0000:01:00.0: PME# supported from D0 D3hot D3cold
May 06 09:35:56 nixos kernel: pci 0000:01:00.0: 16.000 Gb/s available PCIe bandwidth, limited by 2.5 GT/s PCIe x8 link at 0000:00:01.1 (capable of 126.016 Gb/s with 8.0 GT/s PCIe x16 link)
May 06 09:35:56 nixos kernel: pci 0000:01:00.1: [10de:10f8] type 00 class 0x040300 PCIe Endpoint
May 06 09:35:56 nixos kernel: pci 0000:01:00.1: BAR 0 [mem 0xfc080000-0xfc083fff]
May 06 09:35:56 nixos kernel: pci 0000:01:00.2: [10de:1ad8] type 00 class 0x0c0330 PCIe Endpoint
May 06 09:35:56 nixos kernel: pci 0000:01:00.2: BAR 0 [mem 0x7ff2000000-0x7ff203ffff 64bit pref]
May 06 09:35:56 nixos kernel: pci 0000:01:00.2: BAR 3 [mem 0x7ff2040000-0x7ff204ffff 64bit pref]
May 06 09:35:56 nixos kernel: pci 0000:01:00.2: PME# supported from D0 D3hot D3cold
May 06 09:35:56 nixos kernel: pci 0000:01:00.3: [10de:1ad9] type 00 class 0x0c8000 PCIe Endpoint
May 06 09:35:56 nixos kernel: pci 0000:01:00.3: BAR 0 [mem 0xfc084000-0xfc084fff]
May 06 09:35:56 nixos kernel: pci 0000:01:00.3: PME# supported from D0 D3hot D3cold
May 06 09:35:56 nixos kernel: pci 0000:00:01.1: PCI bridge to [bus 01]
May 06 09:35:56 nixos kernel: pci 0000:02:00.0: [1022:43ee] type 00 class 0x0c0330 PCIe Legacy Endpoint
May 06 09:35:56 nixos kernel: pci 0000:02:00.0: BAR 0 [mem 0xfc9a0000-0xfc9a7fff 64bit]
May 06 09:35:56 nixos kernel: pci 0000:02:00.0: enabling Extended Tags
May 06 09:35:56 nixos kernel: pci 0000:02:00.0: PME# supported from D3hot D3cold
May 06 09:35:56 nixos kernel: pci 0000:02:00.1: [1022:43eb] type 00 class 0x010601 PCIe Legacy Endpoint
May 06 09:35:56 nixos kernel: pci 0000:02:00.1: BAR 5 [mem 0xfc980000-0xfc99ffff]
May 06 09:35:56 nixos kernel: pci 0000:02:00.1: ROM [mem 0xfc900000-0xfc97ffff pref]
May 06 09:35:56 nixos kernel: pci 0000:02:00.1: enabling Extended Tags
May 06 09:35:56 nixos kernel: pci 0000:02:00.1: PME# supported from D3hot D3cold
May 06 09:35:56 nixos kernel: pci 0000:02:00.2: [1022:43e9] type 01 class 0x060400 PCIe Switch Upstream Port
May 06 09:35:56 nixos kernel: pci 0000:02:00.2: PCI bridge to [bus 03-0a]
May 06 09:35:56 nixos kernel: pci 0000:02:00.2:   bridge window [io  0xe000-0xefff]
May 06 09:35:56 nixos kernel: pci 0000:02:00.2:   bridge window [mem 0xfc600000-0xfc8fffff]
May 06 09:35:56 nixos kernel: pci 0000:02:00.2: enabling Extended Tags
May 06 09:35:56 nixos kernel: pci 0000:02:00.2: PME# supported from D3hot D3cold
May 06 09:35:56 nixos kernel: pci 0000:00:02.1: PCI bridge to [bus 02-0a]
May 06 09:35:56 nixos kernel: pci 0000:03:00.0: [1022:43ea] type 01 class 0x060400 PCIe Switch Downstream Port
May 06 09:35:56 nixos kernel: pci 0000:03:00.0: PCI bridge to [bus 04]
May 06 09:35:56 nixos kernel: pci 0000:03:00.0: enabling Extended Tags
May 06 09:35:56 nixos kernel: pci 0000:03:00.0: PME# supported from D3hot D3cold
May 06 09:35:56 nixos kernel: pci 0000:03:01.0: [1022:43ea] type 01 class 0x060400 PCIe Switch Downstream Port
May 06 09:35:56 nixos kernel: pci 0000:03:01.0: PCI bridge to [bus 05]
May 06 09:35:56 nixos kernel: pci 0000:03:01.0: enabling Extended Tags
May 06 09:35:56 nixos kernel: pci 0000:03:01.0: PME# supported from D3hot D3cold
May 06 09:35:56 nixos kernel: pci 0000:03:02.0: [1022:43ea] type 01 class 0x060400 PCIe Switch Downstream Port
May 06 09:35:56 nixos kernel: pci 0000:03:02.0: PCI bridge to [bus 06]
May 06 09:35:56 nixos kernel: pci 0000:03:02.0: enabling Extended Tags
May 06 09:35:56 nixos kernel: pci 0000:03:02.0: PME# supported from D3hot D3cold
May 06 09:35:56 nixos kernel: pci 0000:03:03.0: [1022:43ea] type 01 class 0x060400 PCIe Switch Downstream Port
May 06 09:35:56 nixos kernel: pci 0000:03:03.0: PCI bridge to [bus 07]
May 06 09:35:56 nixos kernel: pci 0000:03:03.0: enabling Extended Tags
May 06 09:35:56 nixos kernel: pci 0000:03:03.0: PME# supported from D3hot D3cold
May 06 09:35:56 nixos kernel: pci 0000:03:04.0: [1022:43ea] type 01 class 0x060400 PCIe Switch Downstream Port
May 06 09:35:56 nixos kernel: pci 0000:03:04.0: PCI bridge to [bus 08]
May 06 09:35:56 nixos kernel: pci 0000:03:04.0:   bridge window [mem 0xfc800000-0xfc8fffff]
May 06 09:35:56 nixos kernel: pci 0000:03:04.0: enabling Extended Tags
May 06 09:35:56 nixos kernel: pci 0000:03:04.0: PME# supported from D3hot D3cold
May 06 09:35:56 nixos kernel: pci 0000:03:08.0: [1022:43ea] type 01 class 0x060400 PCIe Switch Downstream Port
May 06 09:35:56 nixos kernel: pci 0000:03:08.0: PCI bridge to [bus 09]
May 06 09:35:56 nixos kernel: pci 0000:03:08.0:   bridge window [mem 0xfc700000-0xfc7fffff]
May 06 09:35:56 nixos kernel: pci 0000:03:08.0: enabling Extended Tags
May 06 09:35:56 nixos kernel: pci 0000:03:08.0: PME# supported from D3hot D3cold
May 06 09:35:56 nixos kernel: pci 0000:03:09.0: [1022:43ea] type 01 class 0x060400 PCIe Switch Downstream Port
May 06 09:35:56 nixos kernel: pci 0000:03:09.0: PCI bridge to [bus 0a]
May 06 09:35:56 nixos kernel: pci 0000:03:09.0:   bridge window [io  0xe000-0xefff]
May 06 09:35:56 nixos kernel: pci 0000:03:09.0:   bridge window [mem 0xfc600000-0xfc6fffff]
May 06 09:35:56 nixos kernel: pci 0000:03:09.0: enabling Extended Tags
May 06 09:35:56 nixos kernel: pci 0000:03:09.0: PME# supported from D3hot D3cold
May 06 09:35:56 nixos kernel: pci 0000:02:00.2: PCI bridge to [bus 03-0a]
May 06 09:35:56 nixos kernel: pci 0000:03:00.0: PCI bridge to [bus 04]
May 06 09:35:56 nixos kernel: pci 0000:03:01.0: PCI bridge to [bus 05]
May 06 09:35:56 nixos kernel: pci 0000:03:02.0: PCI bridge to [bus 06]
May 06 09:35:56 nixos kernel: pci 0000:03:03.0: PCI bridge to [bus 07]
May 06 09:35:56 nixos kernel: pci 0000:08:00.0: [144d:a808] type 00 class 0x010802 PCIe Endpoint
May 06 09:35:56 nixos kernel: pci 0000:08:00.0: BAR 0 [mem 0xfc800000-0xfc803fff 64bit]
May 06 09:35:56 nixos kernel: pci 0000:03:04.0: PCI bridge to [bus 08]
May 06 09:35:56 nixos kernel: pci 0000:09:00.0: [8086:2723] type 00 class 0x028000 PCIe Endpoint
May 06 09:35:56 nixos kernel: pci 0000:09:00.0: BAR 0 [mem 0xfc700000-0xfc703fff 64bit]
May 06 09:35:56 nixos kernel: pci 0000:09:00.0: PME# supported from D0 D3hot D3cold
May 06 09:35:56 nixos kernel: pci 0000:03:08.0: PCI bridge to [bus 09]
May 06 09:35:56 nixos kernel: pci 0000:0a:00.0: [10ec:8168] type 00 class 0x020000 PCIe Endpoint
May 06 09:35:56 nixos kernel: pci 0000:0a:00.0: BAR 0 [io  0xe000-0xe0ff]
May 06 09:35:56 nixos kernel: pci 0000:0a:00.0: BAR 2 [mem 0xfc604000-0xfc604fff 64bit]
May 06 09:35:56 nixos kernel: pci 0000:0a:00.0: BAR 4 [mem 0xfc600000-0xfc603fff 64bit]
May 06 09:35:56 nixos kernel: pci 0000:0a:00.0: supports D1 D2
May 06 09:35:56 nixos kernel: pci 0000:0a:00.0: PME# supported from D0 D1 D2 D3hot D3cold
May 06 09:35:56 nixos kernel: pci 0000:03:09.0: PCI bridge to [bus 0a]
May 06 09:35:56 nixos kernel: pci 0000:0b:00.0: [1022:145a] type 00 class 0x130000 PCIe Legacy Endpoint
May 06 09:35:56 nixos kernel: pci 0000:0b:00.0: enabling Extended Tags
May 06 09:35:56 nixos kernel: pci 0000:0b:00.1: [1002:1637] type 00 class 0x040300 PCIe Legacy Endpoint
May 06 09:35:56 nixos kernel: pci 0000:0b:00.1: BAR 0 [mem 0xfc508000-0xfc50bfff]
May 06 09:35:56 nixos kernel: pci 0000:0b:00.1: enabling Extended Tags
May 06 09:35:56 nixos kernel: pci 0000:0b:00.1: PME# supported from D1 D2 D3hot D3cold
May 06 09:35:56 nixos kernel: pci 0000:0b:00.2: [1022:15df] type 00 class 0x108000 PCIe Endpoint
May 06 09:35:56 nixos kernel: pci 0000:0b:00.2: BAR 2 [mem 0xfc400000-0xfc4fffff]
May 06 09:35:56 nixos kernel: pci 0000:0b:00.2: BAR 5 [mem 0xfc50c000-0xfc50dfff]
May 06 09:35:56 nixos kernel: pci 0000:0b:00.2: enabling Extended Tags
May 06 09:35:56 nixos kernel: pci 0000:0b:00.3: [1022:1639] type 00 class 0x0c0330 PCIe Endpoint
May 06 09:35:56 nixos kernel: pci 0000:0b:00.3: BAR 0 [mem 0xfc300000-0xfc3fffff 64bit]
May 06 09:35:56 nixos kernel: pci 0000:0b:00.3: enabling Extended Tags
May 06 09:35:56 nixos kernel: pci 0000:0b:00.3: PME# supported from D0 D3hot D3cold
May 06 09:35:56 nixos kernel: pci 0000:0b:00.4: [1022:1639] type 00 class 0x0c0330 PCIe Endpoint
May 06 09:35:56 nixos kernel: pci 0000:0b:00.4: BAR 0 [mem 0xfc200000-0xfc2fffff 64bit]
May 06 09:35:56 nixos kernel: pci 0000:0b:00.4: enabling Extended Tags
May 06 09:35:56 nixos kernel: pci 0000:0b:00.4: PME# supported from D0 D3hot D3cold
May 06 09:35:56 nixos kernel: pci 0000:0b:00.6: [1022:15e3] type 00 class 0x040300 PCIe Endpoint
May 06 09:35:56 nixos kernel: pci 0000:0b:00.6: BAR 0 [mem 0xfc500000-0xfc507fff]
May 06 09:35:56 nixos kernel: pci 0000:0b:00.6: enabling Extended Tags
May 06 09:35:56 nixos kernel: pci 0000:0b:00.6: PME# supported from D0 D3hot D3cold
May 06 09:35:56 nixos kernel: pci 0000:00:08.1: PCI bridge to [bus 0b]
May 06 09:35:56 nixos kernel: ACPI: PCI: Interrupt link LNKA configured for IRQ 0
May 06 09:35:56 nixos kernel: ACPI: PCI: Interrupt link LNKB configured for IRQ 0
May 06 09:35:56 nixos kernel: ACPI: PCI: Interrupt link LNKC configured for IRQ 0
May 06 09:35:56 nixos kernel: ACPI: PCI: Interrupt link LNKD configured for IRQ 0
May 06 09:35:56 nixos kernel: ACPI: PCI: Interrupt link LNKE configured for IRQ 0
May 06 09:35:56 nixos kernel: ACPI: PCI: Interrupt link LNKF configured for IRQ 0
May 06 09:35:56 nixos kernel: ACPI: PCI: Interrupt link LNKG configured for IRQ 0
May 06 09:35:56 nixos kernel: ACPI: PCI: Interrupt link LNKH configured for IRQ 0
May 06 09:35:56 nixos kernel: iommu: Default domain type: Translated
May 06 09:35:56 nixos kernel: iommu: DMA domain TLB invalidation policy: lazy mode
May 06 09:35:56 nixos kernel: ACPI: bus type USB registered
May 06 09:35:56 nixos kernel: usbcore: registered new interface driver usbfs
May 06 09:35:56 nixos kernel: usbcore: registered new interface driver hub
May 06 09:35:56 nixos kernel: usbcore: registered new device driver usb
May 06 09:35:56 nixos kernel: efivars: Registered efivars operations
May 06 09:35:56 nixos kernel: NetLabel: Initializing
May 06 09:35:56 nixos kernel: NetLabel:  domain hash size = 128
May 06 09:35:56 nixos kernel: NetLabel:  protocols = UNLABELED CIPSOv4 CALIPSO
May 06 09:35:56 nixos kernel: NetLabel:  unlabeled traffic allowed by default
May 06 09:35:56 nixos kernel: PCI: Using ACPI for IRQ routing
May 06 09:35:56 nixos kernel: PCI: pci_cache_line_size set to 64 bytes
May 06 09:35:56 nixos kernel: e820: register RAM buffer resource [mem 0x09d1f000-0x0bffffff]
May 06 09:35:56 nixos kernel: e820: register RAM buffer resource [mem 0x0a200000-0x0bffffff]
May 06 09:35:56 nixos kernel: e820: register RAM buffer resource [mem 0x0b000000-0x0bffffff]
May 06 09:35:56 nixos kernel: e820: register RAM buffer resource [mem 0xbefc0000-0xbfffffff]
May 06 09:35:56 nixos kernel: e820: register RAM buffer resource [mem 0xc23d6000-0xc3ffffff]
May 06 09:35:56 nixos kernel: e820: register RAM buffer resource [mem 0xc3aea000-0xc3ffffff]
May 06 09:35:56 nixos kernel: e820: register RAM buffer resource [mem 0x42e300000-0x42fffffff]
May 06 09:35:56 nixos kernel: pci 0000:01:00.0: vgaarb: setting as boot VGA device
May 06 09:35:56 nixos kernel: pci 0000:01:00.0: vgaarb: bridge control possible
May 06 09:35:56 nixos kernel: pci 0000:01:00.0: vgaarb: VGA device added: decodes=io+mem,owns=none,locks=none
May 06 09:35:56 nixos kernel: vgaarb: loaded
May 06 09:35:56 nixos kernel: hpet0: at MMIO 0xfed00000, IRQs 2, 8, 0
May 06 09:35:56 nixos kernel: hpet0: 3 comparators, 32-bit 14.318180 MHz counter
May 06 09:35:56 nixos kernel: clocksource: Switched to clocksource tsc-early
May 06 09:35:56 nixos kernel: VFS: Disk quotas dquot_6.6.0
May 06 09:35:56 nixos kernel: VFS: Dquot-cache hash table entries: 512 (order 0, 4096 bytes)
May 06 09:35:56 nixos kernel: acpi PNP0C01:00: Reserved [mem 0xf0000000-0xf7ffffff]
May 06 09:35:56 nixos kernel: acpi PNP0C02:00: Reserved [mem 0xfeb80000-0xfebfffff]
May 06 09:35:56 nixos kernel: acpi PNP0C02:01: Could not reserve [mem 0x1000000000000 window]
May 06 09:35:56 nixos kernel: acpi PNP0C02:02: Reserved [mem 0xfd200000-0xfd2fffff]
May 06 09:35:56 nixos kernel: acpi PNP0C02:03: Reserved [io  0x0290-0x029f]
May 06 09:35:56 nixos kernel: acpi PNP0C02:03: Reserved [io  0x0200-0x021f]
May 06 09:35:56 nixos kernel: acpi PNP0C02:04: Skipped [io  0x0010-0x001f]
May 06 09:35:56 nixos kernel: acpi PNP0C02:04: Skipped [io  0x0022-0x003f]
May 06 09:35:56 nixos kernel: acpi PNP0C02:04: Skipped [io  0x0063]
May 06 09:35:56 nixos kernel: acpi PNP0C02:04: Skipped [io  0x0065]
May 06 09:35:56 nixos kernel: acpi PNP0C02:04: Skipped [io  0x0067-0x006f]
May 06 09:35:56 nixos kernel: acpi PNP0C02:04: Skipped [io  0x0072-0x007f]
May 06 09:35:56 nixos kernel: acpi PNP0C02:04: Skipped [io  0x0080]
May 06 09:35:56 nixos kernel: acpi PNP0C02:04: Skipped [io  0x0084-0x0086]
May 06 09:35:56 nixos kernel: acpi PNP0C02:04: Skipped [io  0x0088]
May 06 09:35:56 nixos kernel: acpi PNP0C02:04: Skipped [io  0x008c-0x008e]
May 06 09:35:56 nixos kernel: acpi PNP0C02:04: Skipped [io  0x0090-0x009f]
May 06 09:35:56 nixos kernel: acpi PNP0C02:04: Skipped [io  0x00a2-0x00bf]
May 06 09:35:56 nixos kernel: acpi PNP0C02:04: Skipped [io  0x00b1]
May 06 09:35:56 nixos kernel: acpi PNP0C02:04: Skipped [io  0x00e0-0x00ef]
May 06 09:35:56 nixos kernel: acpi PNP0C02:04: Reserved [io  0x04d0-0x04d1]
May 06 09:35:56 nixos kernel: acpi PNP0C02:04: Reserved [io  0x040b]
May 06 09:35:56 nixos kernel: acpi PNP0C02:04: Reserved [io  0x04d6]
May 06 09:35:56 nixos kernel: acpi PNP0C02:04: Reserved [io  0x0c00-0x0c01]
May 06 09:35:56 nixos kernel: acpi PNP0C02:04: Reserved [io  0x0c14]
May 06 09:35:56 nixos kernel: acpi PNP0C02:04: Reserved [io  0x0c50-0x0c51]
May 06 09:35:56 nixos kernel: acpi PNP0C02:04: Reserved [io  0x0c52]
May 06 09:35:56 nixos kernel: acpi PNP0C02:04: Reserved [io  0x0c6c]
May 06 09:35:56 nixos kernel: acpi PNP0C02:04: Reserved [io  0x0c6f]
May 06 09:35:56 nixos kernel: acpi PNP0C02:04: Reserved [io  0x0cd8-0x0cdf]
May 06 09:35:56 nixos kernel: acpi PNP0C02:04: Reserved [io  0x0800-0x089f]
May 06 09:35:56 nixos kernel: acpi PNP0C02:04: Reserved [io  0x0b00-0x0b0f]
May 06 09:35:56 nixos kernel: acpi PNP0C02:04: Reserved [io  0x0b20-0x0b3f]
May 06 09:35:56 nixos kernel: acpi PNP0C02:04: Reserved [io  0x0900-0x090f]
May 06 09:35:56 nixos kernel: acpi PNP0C02:04: Reserved [io  0x0910-0x091f]
May 06 09:35:56 nixos kernel: acpi PNP0C02:04: Could not reserve [mem 0xfec00000-0xfec00fff]
May 06 09:35:56 nixos kernel: acpi PNP0C02:04: Could not reserve [mem 0xfec01000-0xfec01fff]
May 06 09:35:56 nixos kernel: acpi PNP0C02:04: Reserved [mem 0xfedc0000-0xfedc0fff]
May 06 09:35:56 nixos kernel: acpi PNP0C02:04: Reserved [mem 0xfee00000-0xfee00fff]
May 06 09:35:56 nixos kernel: acpi PNP0C02:04: Could not reserve [mem 0xfed80000-0xfed8ffff]
May 06 09:35:56 nixos kernel: acpi PNP0C02:04: Reserved [mem 0xfec10000-0xfec10fff]
May 06 09:35:56 nixos kernel: acpi PNP0C02:04: Reserved [mem 0xff000000-0xffffffff]
May 06 09:35:56 nixos kernel: pnp: PnP ACPI init
May 06 09:35:56 nixos kernel: pnp 00:01: [dma 0 disabled]
May 06 09:35:56 nixos kernel: pnp: PnP ACPI: found 2 devices
May 06 09:35:56 nixos kernel: clocksource: acpi_pm: mask: 0xffffff max_cycles: 0xffffff, max_idle_ns: 2085701024 ns
May 06 09:35:56 nixos kernel: NET: Registered PF_INET protocol family
May 06 09:35:56 nixos kernel: IP idents hash table entries: 262144 (order: 9, 2097152 bytes, linear)
May 06 09:35:56 nixos kernel: tcp_listen_portaddr_hash hash table entries: 8192 (order: 5, 131072 bytes, linear)
May 06 09:35:56 nixos kernel: Table-perturb hash table entries: 65536 (order: 6, 262144 bytes, linear)
May 06 09:35:56 nixos kernel: TCP established hash table entries: 131072 (order: 8, 1048576 bytes, linear)
May 06 09:35:56 nixos kernel: TCP bind hash table entries: 65536 (order: 9, 2097152 bytes, linear)
May 06 09:35:56 nixos kernel: TCP: Hash tables configured (established 131072 bind 65536)
May 06 09:35:56 nixos kernel: MPTCP token hash table entries: 16384 (order: 7, 393216 bytes, linear)
May 06 09:35:56 nixos kernel: UDP hash table entries: 8192 (order: 7, 524288 bytes, linear)
May 06 09:35:56 nixos kernel: UDP-Lite hash table entries: 8192 (order: 7, 524288 bytes, linear)
May 06 09:35:56 nixos kernel: NET: Registered PF_UNIX/PF_LOCAL protocol family
May 06 09:35:56 nixos kernel: NET: Registered PF_XDP protocol family
May 06 09:35:56 nixos kernel: pci 0000:00:01.1: PCI bridge to [bus 01]
May 06 09:35:56 nixos kernel: pci 0000:00:01.1:   bridge window [io  0xf000-0xffff]
May 06 09:35:56 nixos kernel: pci 0000:00:01.1:   bridge window [mem 0xfb000000-0xfc0fffff]
May 06 09:35:56 nixos kernel: pci 0000:00:01.1:   bridge window [mem 0x7fe0000000-0x7ff20fffff 64bit pref]
May 06 09:35:56 nixos kernel: pci 0000:03:00.0: PCI bridge to [bus 04]
May 06 09:35:56 nixos kernel: pci 0000:03:01.0: PCI bridge to [bus 05]
May 06 09:35:56 nixos kernel: pci 0000:03:02.0: PCI bridge to [bus 06]
May 06 09:35:56 nixos kernel: pci 0000:03:03.0: PCI bridge to [bus 07]
May 06 09:35:56 nixos kernel: pci 0000:03:04.0: PCI bridge to [bus 08]
May 06 09:35:56 nixos kernel: pci 0000:03:04.0:   bridge window [mem 0xfc800000-0xfc8fffff]
May 06 09:35:56 nixos kernel: pci 0000:03:08.0: PCI bridge to [bus 09]
May 06 09:35:56 nixos kernel: pci 0000:03:08.0:   bridge window [mem 0xfc700000-0xfc7fffff]
May 06 09:35:56 nixos kernel: pci 0000:03:09.0: PCI bridge to [bus 0a]
May 06 09:35:56 nixos kernel: pci 0000:03:09.0:   bridge window [io  0xe000-0xefff]
May 06 09:35:56 nixos kernel: pci 0000:03:09.0:   bridge window [mem 0xfc600000-0xfc6fffff]
May 06 09:35:56 nixos kernel: pci 0000:02:00.2: PCI bridge to [bus 03-0a]
May 06 09:35:56 nixos kernel: pci 0000:02:00.2:   bridge window [io  0xe000-0xefff]
May 06 09:35:56 nixos kernel: pci 0000:02:00.2:   bridge window [mem 0xfc600000-0xfc8fffff]
May 06 09:35:56 nixos kernel: pci 0000:00:02.1: PCI bridge to [bus 02-0a]
May 06 09:35:56 nixos kernel: pci 0000:00:02.1:   bridge window [io  0xe000-0xefff]
May 06 09:35:56 nixos kernel: pci 0000:00:02.1:   bridge window [mem 0xfc600000-0xfc9fffff]
May 06 09:35:56 nixos kernel: pci 0000:00:08.1: PCI bridge to [bus 0b]
May 06 09:35:56 nixos kernel: pci 0000:00:08.1:   bridge window [mem 0xfc200000-0xfc5fffff]
May 06 09:35:56 nixos kernel: pci_bus 0000:00: resource 4 [io  0x0000-0x03af window]
May 06 09:35:56 nixos kernel: pci_bus 0000:00: resource 5 [io  0x03e0-0x0cf7 window]
May 06 09:35:56 nixos kernel: pci_bus 0000:00: resource 6 [io  0x03b0-0x03df window]
May 06 09:35:56 nixos kernel: pci_bus 0000:00: resource 7 [io  0x0d00-0xffff window]
May 06 09:35:56 nixos kernel: pci_bus 0000:00: resource 8 [mem 0x000a0000-0x000dffff window]
May 06 09:35:56 nixos kernel: pci_bus 0000:00: resource 9 [mem 0xd0000000-0xfcffffff window]
May 06 09:35:56 nixos kernel: pci_bus 0000:00: resource 10 [mem 0x430000000-0x7fffffffff window]
May 06 09:35:56 nixos kernel: pci_bus 0000:01: resource 0 [io  0xf000-0xffff]
May 06 09:35:56 nixos kernel: pci_bus 0000:01: resource 1 [mem 0xfb000000-0xfc0fffff]
May 06 09:35:56 nixos kernel: pci_bus 0000:01: resource 2 [mem 0x7fe0000000-0x7ff20fffff 64bit pref]
May 06 09:35:56 nixos kernel: pci_bus 0000:02: resource 0 [io  0xe000-0xefff]
May 06 09:35:56 nixos kernel: pci_bus 0000:02: resource 1 [mem 0xfc600000-0xfc9fffff]
May 06 09:35:56 nixos kernel: pci_bus 0000:03: resource 0 [io  0xe000-0xefff]
May 06 09:35:56 nixos kernel: pci_bus 0000:03: resource 1 [mem 0xfc600000-0xfc8fffff]
May 06 09:35:56 nixos kernel: pci_bus 0000:08: resource 1 [mem 0xfc800000-0xfc8fffff]
May 06 09:35:56 nixos kernel: pci_bus 0000:09: resource 1 [mem 0xfc700000-0xfc7fffff]
May 06 09:35:56 nixos kernel: pci_bus 0000:0a: resource 0 [io  0xe000-0xefff]
May 06 09:35:56 nixos kernel: pci_bus 0000:0a: resource 1 [mem 0xfc600000-0xfc6fffff]
May 06 09:35:56 nixos kernel: pci_bus 0000:0b: resource 1 [mem 0xfc200000-0xfc5fffff]
May 06 09:35:56 nixos kernel: pci 0000:01:00.1: extending delay after power-on from D3hot to 20 msec
May 06 09:35:56 nixos kernel: pci 0000:01:00.1: D0 power state depends on 0000:01:00.0
May 06 09:35:56 nixos kernel: pci 0000:01:00.2: D0 power state depends on 0000:01:00.0
May 06 09:35:56 nixos kernel: pci 0000:01:00.3: D0 power state depends on 0000:01:00.0
May 06 09:35:56 nixos kernel: pci 0000:0b:00.3: extending delay after power-on from D3hot to 20 msec
May 06 09:35:56 nixos kernel: pci 0000:0b:00.4: extending delay after power-on from D3hot to 20 msec
May 06 09:35:56 nixos kernel: PCI: CLS 64 bytes, default 64
May 06 09:35:56 nixos kernel: pci 0000:00:00.2: AMD-Vi: IOMMU performance counters supported
May 06 09:35:56 nixos kernel: Trying to unpack rootfs image as initramfs...
May 06 09:35:56 nixos kernel: pci 0000:00:01.0: Adding to iommu group 0
May 06 09:35:56 nixos kernel: pci 0000:00:01.1: Adding to iommu group 1
May 06 09:35:56 nixos kernel: pci 0000:00:02.0: Adding to iommu group 2
May 06 09:35:56 nixos kernel: pci 0000:00:02.1: Adding to iommu group 3
May 06 09:35:56 nixos kernel: pci 0000:00:08.0: Adding to iommu group 4
May 06 09:35:56 nixos kernel: pci 0000:00:08.1: Adding to iommu group 5
May 06 09:35:56 nixos kernel: pci 0000:00:14.0: Adding to iommu group 6
May 06 09:35:56 nixos kernel: pci 0000:00:14.3: Adding to iommu group 6
May 06 09:35:56 nixos kernel: pci 0000:00:18.0: Adding to iommu group 7
May 06 09:35:56 nixos kernel: pci 0000:00:18.1: Adding to iommu group 7
May 06 09:35:56 nixos kernel: pci 0000:00:18.2: Adding to iommu group 7
May 06 09:35:56 nixos kernel: pci 0000:00:18.3: Adding to iommu group 7
May 06 09:35:56 nixos kernel: pci 0000:00:18.4: Adding to iommu group 7
May 06 09:35:56 nixos kernel: pci 0000:00:18.5: Adding to iommu group 7
May 06 09:35:56 nixos kernel: pci 0000:00:18.6: Adding to iommu group 7
May 06 09:35:56 nixos kernel: pci 0000:00:18.7: Adding to iommu group 7
May 06 09:35:56 nixos kernel: pci 0000:01:00.0: Adding to iommu group 8
May 06 09:35:56 nixos kernel: pci 0000:01:00.1: Adding to iommu group 8
May 06 09:35:56 nixos kernel: pci 0000:01:00.2: Adding to iommu group 8
May 06 09:35:56 nixos kernel: pci 0000:01:00.3: Adding to iommu group 8
May 06 09:35:56 nixos kernel: pci 0000:02:00.0: Adding to iommu group 9
May 06 09:35:56 nixos kernel: pci 0000:02:00.1: Adding to iommu group 9
May 06 09:35:56 nixos kernel: pci 0000:02:00.2: Adding to iommu group 9
May 06 09:35:56 nixos kernel: pci 0000:03:00.0: Adding to iommu group 9
May 06 09:35:56 nixos kernel: pci 0000:03:01.0: Adding to iommu group 9
May 06 09:35:56 nixos kernel: pci 0000:03:02.0: Adding to iommu group 9
May 06 09:35:56 nixos kernel: pci 0000:03:03.0: Adding to iommu group 9
May 06 09:35:56 nixos kernel: pci 0000:03:04.0: Adding to iommu group 9
May 06 09:35:56 nixos kernel: pci 0000:03:08.0: Adding to iommu group 9
May 06 09:35:56 nixos kernel: pci 0000:03:09.0: Adding to iommu group 9
May 06 09:35:56 nixos kernel: pci 0000:08:00.0: Adding to iommu group 9
May 06 09:35:56 nixos kernel: pci 0000:09:00.0: Adding to iommu group 9
May 06 09:35:56 nixos kernel: pci 0000:0a:00.0: Adding to iommu group 9
May 06 09:35:56 nixos kernel: pci 0000:0b:00.0: Adding to iommu group 10
May 06 09:35:56 nixos kernel: pci 0000:0b:00.1: Adding to iommu group 11
May 06 09:35:56 nixos kernel: pci 0000:0b:00.2: Adding to iommu group 12
May 06 09:35:56 nixos kernel: pci 0000:0b:00.3: Adding to iommu group 13
May 06 09:35:56 nixos kernel: pci 0000:0b:00.4: Adding to iommu group 14
May 06 09:35:56 nixos kernel: pci 0000:0b:00.6: Adding to iommu group 15
May 06 09:35:56 nixos kernel: AMD-Vi: Extended features (0x206d73ef22254ade, 0x0): PPR X2APIC NX GT IA GA PC GA_vAPIC
May 06 09:35:56 nixos kernel: AMD-Vi: Interrupt remapping enabled
May 06 09:35:56 nixos kernel: AMD-Vi: X2APIC enabled
May 06 09:35:56 nixos kernel: AMD-Vi: Virtual APIC enabled
May 06 09:35:56 nixos kernel: PCI-DMA: Using software bounce buffering for IO (SWIOTLB)
May 06 09:35:56 nixos kernel: software IO TLB: mapped [mem 0x00000000b26a4000-0x00000000b66a4000] (64MB)
May 06 09:35:56 nixos kernel: LVT offset 0 assigned for vector 0x400
May 06 09:35:56 nixos kernel: perf: AMD IBS detected (0x000003ff)
May 06 09:35:56 nixos kernel: perf/amd_iommu: Detected AMD IOMMU #0 (2 banks, 4 counters/bank).
May 06 09:35:56 nixos kernel: Initialise system trusted keyrings
May 06 09:35:56 nixos kernel: workingset: timestamp_bits=40 max_order=22 bucket_order=0
May 06 09:35:56 nixos kernel: Key type asymmetric registered
May 06 09:35:56 nixos kernel: Asymmetric key parser 'x509' registered
May 06 09:35:56 nixos kernel: Block layer SCSI generic (bsg) driver version 0.4 loaded (major 248)
May 06 09:35:56 nixos kernel: io scheduler mq-deadline registered
May 06 09:35:56 nixos kernel: io scheduler kyber registered
May 06 09:35:56 nixos kernel: pcieport 0000:00:01.1: PME: Signaling with IRQ 28
May 06 09:35:56 nixos kernel: pcieport 0000:00:02.1: PME: Signaling with IRQ 29
May 06 09:35:56 nixos kernel: pcieport 0000:00:08.1: PME: Signaling with IRQ 30
May 06 09:35:56 nixos kernel: Estimated ratio of average max frequency by base frequency (times 1024): 1098
May 06 09:35:56 nixos kernel: Serial: 8250/16550 driver, 4 ports, IRQ sharing enabled
May 06 09:35:56 nixos kernel: 00:01: ttyS0 at I/O 0x3f8 (irq = 4, base_baud = 115200) is a 16550A
May 06 09:35:56 nixos kernel: Linux agpgart interface v0.103
May 06 09:35:56 nixos kernel: Freeing initrd memory: 27360K
May 06 09:35:56 nixos kernel: tpm_crb MSFT0101:00: Disabling hwrng
May 06 09:35:56 nixos kernel: ACPI: bus type drm_connector registered
May 06 09:35:56 nixos kernel: usbcore: registered new interface driver usbserial_generic
May 06 09:35:56 nixos kernel: usbserial: USB Serial support registered for generic
May 06 09:35:56 nixos kernel: simple-framebuffer simple-framebuffer.0: [drm] Registered 1 planes with drm panic
May 06 09:35:56 nixos kernel: [drm] Initialized simpledrm 1.0.0 for simple-framebuffer.0 on minor 0
May 06 09:35:56 nixos kernel: fbcon: Deferring console take-over
May 06 09:35:56 nixos kernel: simple-framebuffer simple-framebuffer.0: [drm] fb0: simpledrmdrmfb frame buffer device
May 06 09:35:56 nixos kernel: pstore: Using crash dump compression: deflate
May 06 09:35:56 nixos kernel: pstore: Registered efi_pstore as persistent store backend
May 06 09:35:56 nixos kernel: drop_monitor: Initializing network drop monitor service
May 06 09:35:56 nixos kernel: NET: Registered PF_INET6 protocol family
May 06 09:35:56 nixos kernel: Segment Routing with IPv6
May 06 09:35:56 nixos kernel: In-situ OAM (IOAM) with IPv6
May 06 09:35:56 nixos kernel: x86/amd: Previous system reset reason [0x00080800]: software wrote 0x6 to reset control register 0xCF9
May 06 09:35:56 nixos kernel: microcode: Current revision: 0x0a500012
May 06 09:35:56 nixos kernel: microcode: Updated early from: 0x0a500011
May 06 09:35:56 nixos kernel: resctrl: L3 allocation detected
May 06 09:35:56 nixos kernel: resctrl: MB allocation detected
May 06 09:35:56 nixos kernel: resctrl: L3 monitoring detected
May 06 09:35:56 nixos kernel: IPI shorthand broadcast: enabled
May 06 09:35:56 nixos kernel: sched_clock: Marking stable (485094796, 296636)->(608897313, -123505881)
May 06 09:35:56 nixos kernel: registered taskstats version 1
May 06 09:35:56 nixos kernel: Loading compiled-in X.509 certificates
May 06 09:35:56 nixos kernel: Demotion targets for Node 0: null
May 06 09:35:56 nixos kernel: Key type .fscrypt registered
May 06 09:35:56 nixos kernel: Key type fscrypt-provisioning registered
May 06 09:35:56 nixos kernel: ima: Allocated hash algorithm: sha1
May 06 09:35:56 nixos kernel: ima: No architecture policies found
May 06 09:35:56 nixos kernel: PM:   Magic number: 10:838:604
May 06 09:35:56 nixos kernel: RAS: Correctable Errors collector initialized.
May 06 09:35:56 nixos kernel: clk: Disabling unused clocks
May 06 09:35:56 nixos kernel: PM: genpd: Disabling unused power domains
May 06 09:35:56 nixos kernel: Freeing unused decrypted memory: 2028K
May 06 09:35:56 nixos kernel: Freeing unused kernel image (initmem) memory: 3692K
May 06 09:35:56 nixos kernel: Write protecting the kernel read-only data: 32768k
May 06 09:35:56 nixos kernel: Freeing unused kernel image (text/rodata gap) memory: 956K
May 06 09:35:56 nixos kernel: Freeing unused kernel image (rodata/data gap) memory: 540K
May 06 09:35:56 nixos kernel: x86/mm: Checked W+X mappings: passed, no W+X pages found.
May 06 09:35:56 nixos kernel: Run /init as init process
May 06 09:35:56 nixos kernel:   with arguments:
May 06 09:35:56 nixos kernel:     /init
May 06 09:35:56 nixos kernel:   with environment:
May 06 09:35:56 nixos kernel:     HOME=/
May 06 09:35:56 nixos kernel:     TERM=linux
May 06 09:35:56 nixos systemd[1]: Inserted module 'autofs4'
May 06 09:35:56 nixos systemd[1]: Successfully made /usr/ read-only.
May 06 09:35:56 nixos systemd[1]: systemd 260.1 running in system mode (+PAM +AUDIT -SELINUX +APPARMOR +IMA +IPE +SMACK +SECCOMP +GCRYPT -GNUTLS +OPENSSL +ACL +BLKID +CURL +ELFUTILS +FIDO2 +IDN2 +KMOD +LIBCRYPTSETUP +LIBCRYPTSETUP_PLUGINS +LIBFDISK +PCRE2 +PWQUALITY +P11KIT +QRENCODE +TPM2 +BZIP2 +LZ4 +XZ +ZLIB +ZSTD +BPF_FRAMEWORK -BTF -XKBCOMMON +UTMP +LIBARCHIVE)
May 06 09:35:56 nixos systemd[1]: Detected architecture x86-64.
May 06 09:35:56 nixos systemd[1]: Running in initrd.
May 06 09:35:56 nixos kernel: fbcon: Taking over console
May 06 09:35:56 nixos kernel: Console: switching to colour frame buffer device 128x48
May 06 09:35:56 nixos systemd[1]: Initializing machine ID from random generator.
May 06 09:35:56 nixos systemd[1]: No hostname configured, using default hostname.
May 06 09:35:56 nixos systemd[1]: Hostname set to <nixos>.
May 06 09:35:56 nixos systemd[1]: Queued start job for default target Initrd Default Target.
May 06 09:35:56 nixos systemd[1]: Created slice Slice /system/modprobe.
May 06 09:35:56 nixos systemd[1]: Created slice Slice /system/systemd-cryptsetup.
May 06 09:35:56 nixos systemd[1]: Started Dispatch Password Requests to Console Directory Watch.
May 06 09:35:56 nixos systemd[1]: Expecting device /dev/disk/by-label/swap...
May 06 09:35:56 nixos systemd[1]: Expecting device /dev/disk/by-uuid/139a8d8a-d234-450e-9c90-4f633e8c3b8c...
May 06 09:35:56 nixos systemd[1]: Expecting device /dev/disk/by-uuid/6b47e646-e650-485d-a0ad-2feb337506e4...
May 06 09:35:56 nixos systemd[1]: Reached target Path Units.
May 06 09:35:56 nixos systemd[1]: Reached target Slice Units.
May 06 09:35:56 nixos systemd[1]: Reached target Swaps.
May 06 09:35:56 nixos systemd[1]: Reached target Timer Units.
May 06 09:35:56 nixos systemd[1]: Listening on D-Bus System Message Bus Socket.
May 06 09:35:56 nixos systemd[1]: Listening on Journal Socket (/dev/log).
May 06 09:35:56 nixos systemd[1]: Listening on Journal Sockets.
May 06 09:35:56 nixos systemd[1]: Listening on udev Control Socket.
May 06 09:35:56 nixos systemd[1]: Listening on udev Kernel Socket.
May 06 09:35:56 nixos systemd[1]: Reached target Socket Units.
May 06 09:35:56 nixos systemd[1]: Starting Create List of Static Device Nodes...
May 06 09:35:56 nixos systemd[1]: Starting Load Kernel Module configfs...
May 06 09:35:56 nixos systemd[1]: Starting Journal Service...
May 06 09:35:56 nixos systemd[1]: Starting Load Kernel Modules...
May 06 09:35:56 nixos systemd[1]: Early TPM SRK Setup skipped, unmet condition check ConditionSecurity=measured-uki
May 06 09:35:56 nixos systemd[1]: Starting Coldplug All udev Devices...
May 06 09:35:56 nixos systemd[1]: Finished Create List of Static Device Nodes.
May 06 09:35:56 nixos systemd[1]: modprobe@configfs.service: Deactivated successfully.
May 06 09:35:56 nixos systemd[1]: Finished Load Kernel Module configfs.
May 06 09:35:56 nixos systemd[1]: Kernel Configuration File System skipped, unmet condition check ConditionPathExists=/sys/kernel/config
May 06 09:35:56 nixos systemd[1]: Starting Create Static Device Nodes in /dev gracefully...
May 06 09:35:56 nixos systemd-journald[198]: Collecting audit messages is disabled.
May 06 09:35:56 nixos kernel: hid: raw HID events driver (C) Jiri Kosina
May 06 09:35:56 nixos kernel: device-mapper: core: CONFIG_IMA_DISABLE_HTABLE is disabled. Duplicate IMA measurements will not be recorded in the IMA log.
May 06 09:35:56 nixos kernel: device-mapper: ioctl: 4.50.0-ioctl (2025-04-28) initialised: dm-devel@lists.linux.dev
May 06 09:35:56 nixos kernel: usbcore: registered new interface driver usbhid
May 06 09:35:56 nixos kernel: usbhid: USB HID core driver
May 06 09:35:56 nixos systemd[1]: Finished Load Kernel Modules.
May 06 09:35:56 nixos systemd[1]: Finished Create Static Device Nodes in /dev gracefully.
May 06 09:35:56 nixos systemd[1]: Starting Apply Kernel Variables...
May 06 09:35:56 nixos systemd[1]: Starting Create Static Device Nodes in /dev...
May 06 09:35:56 nixos systemd[1]: Finished Apply Kernel Variables.
May 06 09:35:56 nixos systemd[1]: Finished Create Static Device Nodes in /dev.
May 06 09:35:56 nixos systemd[1]: Starting Rule-based Manager for Device Events and Files...
May 06 09:35:56 nixos systemd[1]: Started Rule-based Manager for Device Events and Files.
May 06 09:35:56 nixos systemd-journald[198]: Journal started
May 06 09:35:56 nixos systemd-journald[198]: Runtime Journal (/run/log/journal/818403025c234175b7d92cd01c137445) is 8M, max 315.6M, 307.6M free.
May 06 09:35:56 nixos systemd-modules-load[200]: Using 2 probe threads
May 06 09:35:56 nixos systemd-modules-load[200]: Inserted module 'dm_mod'
May 06 09:35:56 nixos systemd[1]: Started Journal Service.
May 06 09:35:56 nixos systemd-modules-load[200]: Inserted module 'usbhid'
May 06 09:35:56 nixos systemd-udevd[225]: Using default interface naming scheme 'v260'.
May 06 09:35:57 nixos systemd[1]: Finished Coldplug All udev Devices.
May 06 09:35:57 nixos systemd[1]: Reached target Trusted Platform Module.
May 06 09:35:57 nixos kernel: Key type psk registered
May 06 09:35:57 nixos kernel: SCSI subsystem initialized
May 06 09:35:57 nixos kernel: xhci_hcd 0000:01:00.2: xHCI Host Controller
May 06 09:35:57 nixos kernel: xhci_hcd 0000:01:00.2: new USB bus registered, assigned bus number 1
May 06 09:35:57 nixos kernel: xhci_hcd 0000:01:00.2: hcc params 0x0180ff05 hci version 0x110 quirks 0x0000000000000010
May 06 09:35:57 nixos kernel: xhci_hcd 0000:01:00.2: xHCI Host Controller
May 06 09:35:57 nixos kernel: xhci_hcd 0000:01:00.2: new USB bus registered, assigned bus number 2
May 06 09:35:57 nixos kernel: xhci_hcd 0000:01:00.2: Host supports USB 3.1 Enhanced SuperSpeed
May 06 09:35:57 nixos kernel: usb usb1: New USB device found, idVendor=1d6b, idProduct=0002, bcdDevice= 7.00
May 06 09:35:57 nixos kernel: usb usb1: New USB device strings: Mfr=3, Product=2, SerialNumber=1
May 06 09:35:57 nixos kernel: usb usb1: Product: xHCI Host Controller
May 06 09:35:57 nixos kernel: usb usb1: Manufacturer: Linux 7.0.3 xhci-hcd
May 06 09:35:57 nixos kernel: usb usb1: SerialNumber: 0000:01:00.2
May 06 09:35:57 nixos kernel: hub 1-0:1.0: USB hub found
May 06 09:35:57 nixos kernel: hub 1-0:1.0: 2 ports detected
May 06 09:35:57 nixos kernel: usb usb2: We don't know the algorithms for LPM for this host, disabling LPM.
May 06 09:35:57 nixos kernel: usb usb2: New USB device found, idVendor=1d6b, idProduct=0003, bcdDevice= 7.00
May 06 09:35:57 nixos kernel: usb usb2: New USB device strings: Mfr=3, Product=2, SerialNumber=1
May 06 09:35:57 nixos kernel: usb usb2: Product: xHCI Host Controller
May 06 09:35:57 nixos kernel: usb usb2: Manufacturer: Linux 7.0.3 xhci-hcd
May 06 09:35:57 nixos kernel: usb usb2: SerialNumber: 0000:01:00.2
May 06 09:35:57 nixos kernel: hub 2-0:1.0: USB hub found
May 06 09:35:57 nixos kernel: hub 2-0:1.0: 4 ports detected
May 06 09:35:57 nixos kernel: xhci_hcd 0000:02:00.0: xHCI Host Controller
May 06 09:35:57 nixos kernel: xhci_hcd 0000:02:00.0: new USB bus registered, assigned bus number 3
May 06 09:35:57 nixos kernel: nvme nvme0: pci function 0000:08:00.0
May 06 09:35:57 nixos systemd[1]: Starting Virtual Console Setup...
May 06 09:35:57 nixos kernel: nvme nvme0: missing or invalid SUBNQN field.
May 06 09:35:57 nixos kernel: nvme nvme0: D3 entry latency set to 8 seconds
May 06 09:35:57 nixos kernel: libata version 3.00 loaded.
May 06 09:35:57 nixos kernel: nvme nvme0: 12/0/0 default/read/poll queues
May 06 09:35:57 nixos systemd-vconsole-setup[286]: Configuration of first virtual console was skipped, ignoring remaining ones.
May 06 09:35:57 nixos systemd[1]: Finished Virtual Console Setup.
May 06 09:35:57 nixos kernel:  nvme0n1: p3
May 06 09:35:57 nixos kernel: ahci 0000:02:00.1: SSS flag set, parallel bus scan disabled
May 06 09:35:57 nixos kernel: ahci 0000:02:00.1: AHCI vers 0001.0301, 32 command slots, 6 Gbps, SATA mode
May 06 09:35:57 nixos kernel: ahci 0000:02:00.1: 6/6 ports implemented (port mask 0x3f)
May 06 09:35:57 nixos kernel: ahci 0000:02:00.1: flags: 64bit ncq sntf stag pm led clo only pmp pio slum part sxs deso sadm sds apst 
May 06 09:35:57 nixos kernel: scsi host0: ahci
May 06 09:35:57 nixos kernel: scsi host1: ahci
May 06 09:35:57 nixos kernel: scsi host2: ahci
May 06 09:35:57 nixos kernel: scsi host3: ahci
May 06 09:35:57 nixos kernel: scsi host4: ahci
May 06 09:35:57 nixos kernel: scsi host5: ahci
May 06 09:35:57 nixos kernel: ata1: SATA max UDMA/133 abar m131072@0xfc980000 port 0xfc980100 irq 56 lpm-pol 1 ext
May 06 09:35:57 nixos kernel: ata2: SATA max UDMA/133 abar m131072@0xfc980000 port 0xfc980180 irq 56 lpm-pol 1 ext
May 06 09:35:57 nixos kernel: ata3: SATA max UDMA/133 abar m131072@0xfc980000 port 0xfc980200 irq 56 lpm-pol 1 ext
May 06 09:35:57 nixos kernel: ata4: SATA max UDMA/133 abar m131072@0xfc980000 port 0xfc980280 irq 56 lpm-pol 1 ext
May 06 09:35:57 nixos kernel: ata5: SATA max UDMA/133 abar m131072@0xfc980000 port 0xfc980300 irq 56 lpm-pol 3
May 06 09:35:57 nixos kernel: ata6: SATA max UDMA/133 abar m131072@0xfc980000 port 0xfc980380 irq 56 lpm-pol 3
May 06 09:35:57 nixos systemd[1]: Found device Samsung SSD 970 EVO Plus 500GB root-nixos.
May 06 09:35:57 nixos systemd[1]: Reached target Initrd Root Device.
May 06 09:35:57 nixos kernel: xhci_hcd 0000:02:00.0: hcc params 0x0200ef81 hci version 0x110 quirks 0x0000000000000010
May 06 09:35:57 nixos kernel: xhci_hcd 0000:02:00.0: xHCI Host Controller
May 06 09:35:57 nixos kernel: xhci_hcd 0000:02:00.0: new USB bus registered, assigned bus number 4
May 06 09:35:57 nixos kernel: xhci_hcd 0000:02:00.0: Host supports USB 3.1 Enhanced SuperSpeed
May 06 09:35:57 nixos kernel: usb usb3: New USB device found, idVendor=1d6b, idProduct=0002, bcdDevice= 7.00
May 06 09:35:57 nixos kernel: usb usb3: New USB device strings: Mfr=3, Product=2, SerialNumber=1
May 06 09:35:57 nixos kernel: usb usb3: Product: xHCI Host Controller
May 06 09:35:57 nixos kernel: usb usb3: Manufacturer: Linux 7.0.3 xhci-hcd
May 06 09:35:57 nixos kernel: usb usb3: SerialNumber: 0000:02:00.0
May 06 09:35:57 nixos kernel: hub 3-0:1.0: USB hub found
May 06 09:35:57 nixos kernel: hub 3-0:1.0: 10 ports detected
May 06 09:35:57 nixos kernel: usb usb4: We don't know the algorithms for LPM for this host, disabling LPM.
May 06 09:35:57 nixos kernel: usb usb4: New USB device found, idVendor=1d6b, idProduct=0003, bcdDevice= 7.00
May 06 09:35:57 nixos kernel: usb usb4: New USB device strings: Mfr=3, Product=2, SerialNumber=1
May 06 09:35:57 nixos kernel: usb usb4: Product: xHCI Host Controller
May 06 09:35:57 nixos kernel: usb usb4: Manufacturer: Linux 7.0.3 xhci-hcd
May 06 09:35:57 nixos kernel: usb usb4: SerialNumber: 0000:02:00.0
May 06 09:35:57 nixos kernel: hub 4-0:1.0: USB hub found
May 06 09:35:57 nixos kernel: hub 4-0:1.0: 4 ports detected
May 06 09:35:57 nixos kernel: xhci_hcd 0000:0b:00.3: xHCI Host Controller
May 06 09:35:57 nixos kernel: xhci_hcd 0000:0b:00.3: new USB bus registered, assigned bus number 5
May 06 09:35:57 nixos kernel: xhci_hcd 0000:0b:00.3: hcc params 0x0268ffe5 hci version 0x110 quirks 0x0000020000000010
May 06 09:35:57 nixos kernel: xhci_hcd 0000:0b:00.3: xHCI Host Controller
May 06 09:35:57 nixos kernel: xhci_hcd 0000:0b:00.3: new USB bus registered, assigned bus number 6
May 06 09:35:57 nixos kernel: xhci_hcd 0000:0b:00.3: Host supports USB 3.1 Enhanced SuperSpeed
May 06 09:35:57 nixos kernel: usb usb5: New USB device found, idVendor=1d6b, idProduct=0002, bcdDevice= 7.00
May 06 09:35:57 nixos kernel: usb usb5: New USB device strings: Mfr=3, Product=2, SerialNumber=1
May 06 09:35:57 nixos kernel: usb usb5: Product: xHCI Host Controller
May 06 09:35:57 nixos kernel: usb usb5: Manufacturer: Linux 7.0.3 xhci-hcd
May 06 09:35:57 nixos kernel: usb usb5: SerialNumber: 0000:0b:00.3
May 06 09:35:57 nixos kernel: hub 5-0:1.0: USB hub found
May 06 09:35:57 nixos kernel: hub 5-0:1.0: 4 ports detected
May 06 09:35:57 nixos kernel: usb usb6: We don't know the algorithms for LPM for this host, disabling LPM.
May 06 09:35:57 nixos kernel: usb usb6: New USB device found, idVendor=1d6b, idProduct=0003, bcdDevice= 7.00
May 06 09:35:57 nixos kernel: usb usb6: New USB device strings: Mfr=3, Product=2, SerialNumber=1
May 06 09:35:57 nixos kernel: usb usb6: Product: xHCI Host Controller
May 06 09:35:57 nixos kernel: usb usb6: Manufacturer: Linux 7.0.3 xhci-hcd
May 06 09:35:57 nixos kernel: usb usb6: SerialNumber: 0000:0b:00.3
May 06 09:35:57 nixos kernel: hub 6-0:1.0: USB hub found
May 06 09:35:57 nixos kernel: hub 6-0:1.0: 2 ports detected
May 06 09:35:57 nixos kernel: xhci_hcd 0000:0b:00.4: xHCI Host Controller
May 06 09:35:57 nixos kernel: xhci_hcd 0000:0b:00.4: new USB bus registered, assigned bus number 7
May 06 09:35:57 nixos kernel: xhci_hcd 0000:0b:00.4: hcc params 0x0268ffe5 hci version 0x110 quirks 0x0000020000000010
May 06 09:35:57 nixos kernel: xhci_hcd 0000:0b:00.4: xHCI Host Controller
May 06 09:35:57 nixos kernel: xhci_hcd 0000:0b:00.4: new USB bus registered, assigned bus number 8
May 06 09:35:57 nixos kernel: xhci_hcd 0000:0b:00.4: Host supports USB 3.1 Enhanced SuperSpeed
May 06 09:35:57 nixos kernel: usb usb7: New USB device found, idVendor=1d6b, idProduct=0002, bcdDevice= 7.00
May 06 09:35:57 nixos kernel: usb usb7: New USB device strings: Mfr=3, Product=2, SerialNumber=1
May 06 09:35:57 nixos kernel: usb usb7: Product: xHCI Host Controller
May 06 09:35:57 nixos kernel: usb usb7: Manufacturer: Linux 7.0.3 xhci-hcd
May 06 09:35:57 nixos kernel: usb usb7: SerialNumber: 0000:0b:00.4
May 06 09:35:57 nixos kernel: hub 7-0:1.0: USB hub found
May 06 09:35:57 nixos kernel: hub 7-0:1.0: 4 ports detected
May 06 09:35:57 nixos kernel: usb usb8: We don't know the algorithms for LPM for this host, disabling LPM.
May 06 09:35:57 nixos kernel: usb usb8: New USB device found, idVendor=1d6b, idProduct=0003, bcdDevice= 7.00
May 06 09:35:57 nixos kernel: usb usb8: New USB device strings: Mfr=3, Product=2, SerialNumber=1
May 06 09:35:57 nixos kernel: usb usb8: Product: xHCI Host Controller
May 06 09:35:57 nixos kernel: usb usb8: Manufacturer: Linux 7.0.3 xhci-hcd
May 06 09:35:57 nixos kernel: usb usb8: SerialNumber: 0000:0b:00.4
May 06 09:35:57 nixos kernel: hub 8-0:1.0: USB hub found
May 06 09:35:57 nixos kernel: hub 8-0:1.0: 2 ports detected
May 06 09:35:57 nixos kernel: tsc: Refined TSC clocksource calibration: 4200.001 MHz
May 06 09:35:57 nixos kernel: clocksource: tsc: mask: 0xffffffffffffffff max_cycles: 0x3c8a6238495, max_idle_ns: 440795233402 ns
May 06 09:35:57 nixos kernel: clocksource: Switched to clocksource tsc
May 06 09:35:57 nixos kernel: usb 5-2: new full-speed USB device number 2 using xhci_hcd
May 06 09:35:57 nixos kernel: usb 3-3: new full-speed USB device number 2 using xhci_hcd
May 06 09:35:57 nixos kernel: usb 5-2: New USB device found, idVendor=320f, idProduct=5055, bcdDevice= 1.14
May 06 09:35:57 nixos kernel: usb 5-2: New USB device strings: Mfr=1, Product=2, SerialNumber=0
May 06 09:35:57 nixos kernel: usb 5-2: Product: Rainy 75
May 06 09:35:57 nixos kernel: usb 5-2: Manufacturer: RDR
May 06 09:35:57 nixos kernel: ata1: SATA link up 6.0 Gbps (SStatus 133 SControl 300)
May 06 09:35:57 nixos kernel: ata1.00: ATA-8: OCZ-AGILITY3, 2.25, max UDMA/133
May 06 09:35:57 nixos kernel: ata1.00: 117231408 sectors, multi 16: LBA48 NCQ (depth 32), AA
May 06 09:35:57 nixos kernel: ata1.00: Features: HIPM DIPM
May 06 09:35:57 nixos kernel: ata1.00: configured for UDMA/133
May 06 09:35:57 nixos kernel: scsi 0:0:0:0: Direct-Access     ATA      OCZ-AGILITY3     2.25 PQ: 0 ANSI: 5
May 06 09:35:57 nixos kernel: usb 3-3: New USB device found, idVendor=046d, idProduct=c539, bcdDevice=39.06
May 06 09:35:57 nixos kernel: usb 3-3: New USB device strings: Mfr=1, Product=2, SerialNumber=0
May 06 09:35:57 nixos kernel: usb 3-3: Product: USB Receiver
May 06 09:35:57 nixos kernel: usb 3-3: Manufacturer: Logitech
May 06 09:35:58 nixos kernel: usb 3-5: new full-speed USB device number 3 using xhci_hcd
May 06 09:35:58 nixos kernel: ata2: SATA link up 6.0 Gbps (SStatus 133 SControl 300)
May 06 09:35:58 nixos kernel: ata2.00: Model 'Samsung SSD 860 EVO 1TB', rev 'RVT04B6Q', applying quirks: noncqtrim zeroaftertrim noncqonati nolpmonati
May 06 09:35:58 nixos kernel: ata2.00: supports DRM functions and may not be fully accessible
May 06 09:35:58 nixos kernel: ata2.00: ATA-11: Samsung SSD 860 EVO 1TB, RVT04B6Q, max UDMA/133
May 06 09:35:58 nixos kernel: ata2.00: 1953525168 sectors, multi 1: LBA48 NCQ (depth 32), AA
May 06 09:35:58 nixos kernel: ata2.00: Features: Trust Dev-Sleep DIPM NCQ-sndrcv
May 06 09:35:58 nixos kernel: ata2.00: supports DRM functions and may not be fully accessible
May 06 09:35:58 nixos kernel: ata2.00: configured for UDMA/133
May 06 09:35:58 nixos kernel: ahci 0000:02:00.1: port does not support device sleep
May 06 09:35:58 nixos kernel: scsi 1:0:0:0: Direct-Access     ATA      Samsung SSD 860  4B6Q PQ: 0 ANSI: 5
May 06 09:35:58 nixos kernel: usb 3-5: New USB device found, idVendor=8087, idProduct=0029, bcdDevice= 0.01
May 06 09:35:58 nixos kernel: usb 3-5: New USB device strings: Mfr=0, Product=0, SerialNumber=0
May 06 09:35:58 nixos kernel: ata3: SATA link up 6.0 Gbps (SStatus 133 SControl 300)
May 06 09:35:58 nixos kernel: ata3.00: ATA-9: ST2000DM001-1ER164, CC25, max UDMA/133
May 06 09:35:58 nixos kernel: ata3.00: 3907029168 sectors, multi 16: LBA48 NCQ (depth 32), AA
May 06 09:35:58 nixos kernel: ata3.00: Features: DIPM
May 06 09:35:58 nixos kernel: ata3.00: configured for UDMA/133
May 06 09:35:58 nixos kernel: scsi 2:0:0:0: Direct-Access     ATA      ST2000DM001-1ER1 CC25 PQ: 0 ANSI: 5
May 06 09:35:58 nixos kernel: usb 3-6: new full-speed USB device number 4 using xhci_hcd
May 06 09:35:58 nixos kernel: ata4: SATA link down (SStatus 0 SControl 300)
May 06 09:35:59 nixos kernel: usb 3-6: config 1 has an invalid interface number: 2 but max is 1
May 06 09:35:59 nixos kernel: usb 3-6: config 1 has no interface number 1
May 06 09:35:59 nixos kernel: usb 3-6: New USB device found, idVendor=0b05, idProduct=1939, bcdDevice= 1.00
May 06 09:35:59 nixos kernel: usb 3-6: New USB device strings: Mfr=1, Product=2, SerialNumber=3
May 06 09:35:59 nixos kernel: usb 3-6: Product: AURA LED Controller
May 06 09:35:59 nixos kernel: usb 3-6: Manufacturer: AsusTek Computer Inc.
May 06 09:35:59 nixos kernel: usb 3-6: SerialNumber: 9876543210
May 06 09:36:00 nixos kernel: ata5: failed to resume link (SControl 0)
May 06 09:36:00 nixos kernel: ata5: SATA link down (SStatus 0 SControl 0)
May 06 09:36:00 nixos kernel: ata6: SATA link down (SStatus 0 SControl 330)
May 06 09:36:00 nixos kernel: sd 0:0:0:0: [sda] 117231408 512-byte logical blocks: (60.0 GB/55.9 GiB)
May 06 09:36:00 nixos kernel: ata2.00: Enabling discard_zeroes_data
May 06 09:36:00 nixos kernel: sd 0:0:0:0: [sda] Write Protect is off
May 06 09:36:00 nixos kernel: sd 0:0:0:0: [sda] Mode Sense: 00 3a 00 00
May 06 09:36:00 nixos kernel: sd 1:0:0:0: [sdb] 1953525168 512-byte logical blocks: (1.00 TB/932 GiB)
May 06 09:36:00 nixos kernel: sd 0:0:0:0: [sda] Write cache: enabled, read cache: enabled, doesn't support DPO or FUA
May 06 09:36:00 nixos kernel: sd 1:0:0:0: [sdb] Write Protect is off
May 06 09:36:00 nixos kernel: sd 1:0:0:0: [sdb] Mode Sense: 00 3a 00 00
May 06 09:36:00 nixos kernel: sd 2:0:0:0: [sdc] 3907029168 512-byte logical blocks: (2.00 TB/1.82 TiB)
May 06 09:36:00 nixos kernel: sd 2:0:0:0: [sdc] 4096-byte physical blocks
May 06 09:36:00 nixos kernel: sd 1:0:0:0: [sdb] Write cache: enabled, read cache: enabled, doesn't support DPO or FUA
May 06 09:36:00 nixos kernel: sd 0:0:0:0: [sda] Preferred minimum I/O size 512 bytes
May 06 09:36:00 nixos kernel: sd 2:0:0:0: [sdc] Write Protect is off
May 06 09:36:00 nixos kernel: sd 2:0:0:0: [sdc] Mode Sense: 00 3a 00 00
May 06 09:36:00 nixos kernel: sd 2:0:0:0: [sdc] Write cache: enabled, read cache: enabled, doesn't support DPO or FUA
May 06 09:36:00 nixos kernel: sd 1:0:0:0: [sdb] Preferred minimum I/O size 512 bytes
May 06 09:36:00 nixos kernel: sd 2:0:0:0: [sdc] Preferred minimum I/O size 4096 bytes
May 06 09:36:00 nixos kernel: input: RDR Rainy 75 as /devices/pci0000:00/0000:00:08.1/0000:0b:00.3/usb5/5-2/5-2:1.0/0003:320F:5055.0001/input/input0
May 06 09:36:00 nixos kernel: ata2.00: Enabling discard_zeroes_data
May 06 09:36:00 nixos kernel:  sdb: sdb1 sdb2
May 06 09:36:00 nixos kernel:  sda: sda1
May 06 09:36:00 nixos kernel: sd 0:0:0:0: [sda] Attached SCSI disk
May 06 09:36:00 nixos kernel: sd 1:0:0:0: [sdb] supports TCG Opal
May 06 09:36:00 nixos kernel: sd 1:0:0:0: [sdb] Attached SCSI disk
May 06 09:36:00 nixos kernel: hid-generic 0003:320F:5055.0001: input,hidraw0: USB HID v1.11 Keyboard [RDR Rainy 75] on usb-0000:0b:00.3-2/input0
May 06 09:36:00 nixos kernel: hid-generic 0003:320F:5055.0002: hiddev96,hidraw1: USB HID v1.11 Device [RDR Rainy 75] on usb-0000:0b:00.3-2/input1
May 06 09:36:00 nixos kernel: input: RDR Rainy 75 Keyboard as /devices/pci0000:00/0000:00:08.1/0000:0b:00.3/usb5/5-2/5-2:1.2/0003:320F:5055.0003/input/input1
May 06 09:36:00 nixos kernel: input: RDR Rainy 75 as /devices/pci0000:00/0000:00:08.1/0000:0b:00.3/usb5/5-2/5-2:1.2/0003:320F:5055.0003/input/input2
May 06 09:36:00 nixos kernel: input: RDR Rainy 75 Mouse as /devices/pci0000:00/0000:00:08.1/0000:0b:00.3/usb5/5-2/5-2:1.2/0003:320F:5055.0003/input/input3
May 06 09:36:00 nixos kernel: hid-generic 0003:320F:5055.0003: input,hiddev97,hidraw2: USB HID v1.11 Keyboard [RDR Rainy 75] on usb-0000:0b:00.3-2/input2
May 06 09:36:00 nixos kernel: hid-generic 0003:320F:5055.0004: hiddev98,hidraw3: USB HID v1.11 Device [RDR Rainy 75] on usb-0000:0b:00.3-2/input3
May 06 09:36:00 nixos kernel: input: Logitech USB Receiver as /devices/pci0000:00/0000:00:02.1/0000:02:00.0/usb3/3-3/3-3:1.0/0003:046D:C539.0005/input/input4
May 06 09:36:00 nixos kernel:  sdc: sdc1
May 06 09:36:00 nixos kernel: sd 2:0:0:0: [sdc] Attached SCSI disk
May 06 09:36:00 nixos systemd[1]: Found device Samsung_SSD_860_EVO_1TB 2.
May 06 09:36:00 nixos systemd[1]: Starting Cryptography Setup for crypt-home...
May 06 09:36:00 nixos systemd[1]: Found device OCZ-AGILITY3 swap.
May 06 09:36:00 nixos kernel: hid-generic 0003:046D:C539.0005: input,hidraw4: USB HID v1.11 Keyboard [Logitech USB Receiver] on usb-0000:02:00.0-3/input0
May 06 09:36:00 nixos kernel: input: Logitech USB Receiver Mouse as /devices/pci0000:00/0000:00:02.1/0000:02:00.0/usb3/3-3/3-3:1.1/0003:046D:C539.0006/input/input5
May 06 09:36:00 nixos kernel: input: Logitech USB Receiver Consumer Control as /devices/pci0000:00/0000:00:02.1/0000:02:00.0/usb3/3-3/3-3:1.1/0003:046D:C539.0006/input/input6
May 06 09:36:00 nixos systemd[1]: Starting Resume from hibernation...
May 06 09:36:00 nixos systemd-hibernate-resume[359]: Unable to resume from device '/dev/disk/by-label/swap' (8:1) offset 0, continuing boot process.
May 06 09:36:00 nixos kernel: PM: Image not found (code -22)
May 06 09:36:00 nixos systemd[1]: systemd-hibernate-resume.service: Deactivated successfully.
May 06 09:36:00 nixos systemd[1]: Finished Resume from hibernation.
May 06 09:36:00 nixos systemd[1]: Reached target Preparation for Local File Systems.
May 06 09:36:00 nixos systemd[1]: Reached target Local File Systems.
May 06 09:36:00 nixos systemd[1]: Starting Dispatch Password Requests to Console...
May 06 09:36:00 nixos systemd[1]: Starting File System Check on /dev/disk/by-uuid/6b47e646-e650-485d-a0ad-2feb337506e4...
May 06 09:36:00 nixos systemd[1]: Starting Create System Files and Directories...
May 06 09:36:00 nixos systemd[1]: Started Dispatch Password Requests to Console.
May 06 09:36:00 nixos systemd-tty-ask-password-agent[367]: Starting password query on /dev/tty1.
May 06 09:36:00 nixos systemd[1]: Finished Create System Files and Directories.
May 06 09:36:00 nixos systemd-fsck[375]: root-nixos: clean, 2120076/30531584 files, 66224077/122096384 blocks
May 06 09:36:00 nixos systemd[1]: Finished File System Check on /dev/disk/by-uuid/6b47e646-e650-485d-a0ad-2feb337506e4.
May 06 09:36:00 nixos kernel: input: Logitech USB Receiver System Control as /devices/pci0000:00/0000:00:02.1/0000:02:00.0/usb3/3-3/3-3:1.1/0003:046D:C539.0006/input/input7
May 06 09:36:00 nixos kernel: hid-generic 0003:046D:C539.0006: input,hiddev99,hidraw5: USB HID v1.11 Mouse [Logitech USB Receiver] on usb-0000:02:00.0-3/input1
May 06 09:36:00 nixos kernel: hid-generic 0003:046D:C539.0007: hiddev100,hidraw6: USB HID v1.11 Device [Logitech USB Receiver] on usb-0000:02:00.0-3/input2
May 06 09:36:00 nixos kernel: hid-generic 0003:0B05:1939.0008: hiddev101,hidraw7: USB HID v1.11 Device [AsusTek Computer Inc. AURA LED Controller] on usb-0000:02:00.0-6/input2
May 06 09:36:00 nixos kernel: logitech-djreceiver 0003:046D:C539.0005: hidraw4: USB HID v1.11 Keyboard [Logitech USB Receiver] on usb-0000:02:00.0-3/input0
May 06 09:36:00 nixos kernel: logitech-djreceiver 0003:046D:C539.0006: hiddev99,hidraw5: USB HID v1.11 Mouse [Logitech USB Receiver] on usb-0000:02:00.0-3/input1
May 06 09:36:00 nixos kernel: logitech-djreceiver 0003:046D:C539.0007: hiddev100,hidraw6: USB HID v1.11 Device [Logitech USB Receiver] on usb-0000:02:00.0-3/input2
May 06 09:36:00 nixos kernel: logitech-djreceiver 0003:046D:C539.0007: device of type eQUAD Lightspeed 1 (0x0c) connected on slot 1
May 06 09:36:00 nixos kernel: input: Logitech Wireless Mouse PID:4086 Keyboard as /devices/pci0000:00/0000:00:02.1/0000:02:00.0/usb3/3-3/3-3:1.2/0003:046D:C539.0007/0003:046D:4086.0009/input/input9
May 06 09:36:00 nixos kernel: input: Logitech Wireless Mouse PID:4086 Mouse as /devices/pci0000:00/0000:00:02.1/0000:02:00.0/usb3/3-3/3-3:1.2/0003:046D:C539.0007/0003:046D:4086.0009/input/input10
May 06 09:36:00 nixos kernel: hid-generic 0003:046D:4086.0009: input,hidraw8: USB HID v1.11 Keyboard [Logitech Wireless Mouse PID:4086] on usb-0000:02:00.0-3/input2:1
May 06 09:36:00 nixos kernel: input: Logitech G703 LS as /devices/pci0000:00/0000:00:02.1/0000:02:00.0/usb3/3-3/3-3:1.2/0003:046D:C539.0007/0003:046D:4086.0009/input/input14
May 06 09:36:00 nixos kernel: logitech-hidpp-device 0003:046D:4086.0009: input,hidraw8: USB HID v1.11 Keyboard [Logitech G703 LS] on usb-0000:02:00.0-3/input2:1
May 06 09:36:01 nixos systemd[1]: Mounting /sysroot...
May 06 09:36:01 nixos kernel: EXT4-fs (nvme0n1p3): mounted filesystem 6b47e646-e650-485d-a0ad-2feb337506e4 r/w with ordered data mode. Quota mode: none.
May 06 09:36:01 nixos systemd[1]: Mounted /sysroot.
May 06 09:36:01 nixos systemd[1]: Reached target Initrd Root File System.
May 06 09:36:01 nixos systemd[1]: Mounting /sysroot/run...
May 06 09:36:01 nixos systemd[1]: Starting Find NixOS closure...
May 06 09:36:01 nixos systemd[1]: Starting Mountpoints Configured in the Real Root...
May 06 09:36:01 nixos systemd-sysroot-fstab-check[407]: /sysroot should be mounted in the initrd, will request daemon-reload.
May 06 09:36:01 nixos systemd[1]: Mounted /sysroot/run.
May 06 09:36:01 nixos systemd[1]: Reload requested from client PID 407 ('systemd-sysroot') (unit initrd-parse-etc.service)...
May 06 09:36:01 nixos systemd[1]: Reloading...
May 06 09:36:01 nixos systemd[1]: Reloading finished in 153 ms.
May 06 09:36:01 nixos systemd-sysroot-fstab-check[407]: Requesting initrd-fs.target/start/replace...
May 06 09:36:01 nixos systemd[1]: Finished Find NixOS closure.
May 06 09:36:01 nixos systemd-sysroot-fstab-check[407]: Requesting swap.target/start/replace...
May 06 09:36:01 nixos systemd[1]: initrd-parse-etc.service: Deactivated successfully.
May 06 09:36:01 nixos systemd[1]: Finished Mountpoints Configured in the Real Root.
May 06 09:36:01 nixos systemd[1]: initrd-parse-etc.service: Triggering OnSuccess= dependencies.
May 06 09:36:01 nixos systemd[1]: Reached target Initrd File Systems.
May 06 09:36:01 nixos systemd[1]: Starting Create Volatile Files and Directories in the Real Root...
May 06 09:36:01 nixos systemd[1]: Finished Create Volatile Files and Directories in the Real Root.
May 06 09:36:24 nixos systemd-tty-ask-password-agent[367]: Password query on /dev/tty1 finished successfully.
May 06 09:36:24 nixos systemd-cryptsetup[357]: Set cipher aes, mode xts-plain64, key size 512 bits for device /dev/disk/by-uuid/139a8d8a-d234-450e-9c90-4f633e8c3b8c.
May 06 09:36:26 nixos kernel: Key type trusted registered
May 06 09:36:26 nixos kernel: Key type encrypted registered
May 06 09:36:26 nixos systemd[1]: Finished Cryptography Setup for crypt-home.
May 06 09:36:26 nixos systemd[1]: Reached target Local Encrypted Volumes.
May 06 09:36:26 nixos systemd[1]: Reached target System Initialization.
May 06 09:36:26 nixos systemd[1]: Reached target Basic System.
May 06 09:36:26 nixos systemd[1]: Reached target Initrd Default Target.
May 06 09:36:26 nixos systemd[1]: Starting Cleaning Up and Shutting Down Daemons...
May 06 09:36:26 nixos systemd[1]: Stopped target Initrd Default Target.
May 06 09:36:26 nixos systemd[1]: Stopped target Basic System.
May 06 09:36:26 nixos systemd[1]: Stopped target Initrd Root Device.
May 06 09:36:26 nixos systemd[1]: Stopped target Path Units.
May 06 09:36:26 nixos systemd[1]: Stopped target Slice Units.
May 06 09:36:26 nixos systemd[1]: Stopped target Socket Units.
May 06 09:36:26 nixos systemd[1]: Stopped target System Initialization.
May 06 09:36:26 nixos systemd[1]: Stopped target Local Encrypted Volumes.
May 06 09:36:26 nixos systemd[1]: Stopped target Swaps.
May 06 09:36:26 nixos systemd[1]: Stopped target Timer Units.
May 06 09:36:26 nixos systemd[1]: Stopped target Trusted Platform Module.
May 06 09:36:26 nixos systemd[1]: dbus.socket: Deactivated successfully.
May 06 09:36:26 nixos systemd[1]: Closed D-Bus System Message Bus Socket.
May 06 09:36:26 nixos systemd[1]: initrd-find-nixos-closure.service: Deactivated successfully.
May 06 09:36:26 nixos systemd[1]: Stopped Find NixOS closure.
May 06 09:36:26 nixos systemd[1]: Stopping Dispatch Password Requests to Console...
May 06 09:36:26 nixos systemd[1]: systemd-sysctl.service: Deactivated successfully.
May 06 09:36:26 nixos systemd[1]: Stopped Apply Kernel Variables.
May 06 09:36:26 nixos systemd[1]: systemd-modules-load.service: Deactivated successfully.
May 06 09:36:26 nixos systemd[1]: Stopped Load Kernel Modules.
May 06 09:36:26 nixos systemd[1]: systemd-tmpfiles-setup-sysroot.service: Deactivated successfully.
May 06 09:36:26 nixos systemd[1]: Stopped Create Volatile Files and Directories in the Real Root.
May 06 09:36:26 nixos systemd[1]: systemd-tmpfiles-setup.service: Deactivated successfully.
May 06 09:36:26 nixos systemd[1]: Stopped Create System Files and Directories.
May 06 09:36:26 nixos systemd[1]: Stopped target Local File Systems.
May 06 09:36:26 nixos systemd[1]: Stopped target Preparation for Local File Systems.
May 06 09:36:26 nixos systemd[1]: systemd-udev-trigger.service: Deactivated successfully.
May 06 09:36:26 nixos systemd[1]: Stopped Coldplug All udev Devices.
May 06 09:36:26 nixos systemd[1]: Stopping Rule-based Manager for Device Events and Files...
May 06 09:36:26 nixos systemd[1]: systemd-ask-password-console.service: Deactivated successfully.
May 06 09:36:26 nixos systemd[1]: Stopped Dispatch Password Requests to Console.
May 06 09:36:26 nixos systemd[1]: initrd-cleanup.service: Deactivated successfully.
May 06 09:36:26 nixos systemd[1]: Finished Cleaning Up and Shutting Down Daemons.
May 06 09:36:26 nixos systemd[1]: systemd-ask-password-console.path: Deactivated successfully.
May 06 09:36:26 nixos systemd[1]: Stopped Dispatch Password Requests to Console Directory Watch.
May 06 09:36:26 nixos systemd[1]: systemd-vconsole-setup.service: Deactivated successfully.
May 06 09:36:26 nixos systemd[1]: Stopped Virtual Console Setup.
May 06 09:36:26 nixos systemd[1]: systemd-udevd.service: Deactivated successfully.
May 06 09:36:26 nixos systemd[1]: Stopped Rule-based Manager for Device Events and Files.
May 06 09:36:26 nixos systemd[1]: systemd-udevd.service: Consumed 1.230s CPU time over 29.430s wall clock time, 46.4M memory peak.
May 06 09:36:26 nixos systemd[1]: systemd-udevd-control.socket: Deactivated successfully.
May 06 09:36:26 nixos systemd[1]: Closed udev Control Socket.
May 06 09:36:26 nixos systemd[1]: Starting Cleanup udev Database...
May 06 09:36:26 nixos systemd[1]: systemd-tmpfiles-setup-dev.service: Deactivated successfully.
May 06 09:36:26 nixos systemd[1]: Stopped Create Static Device Nodes in /dev.
May 06 09:36:26 nixos systemd[1]: systemd-tmpfiles-setup-dev-early.service: Deactivated successfully.
May 06 09:36:26 nixos systemd[1]: Stopped Create Static Device Nodes in /dev gracefully.
May 06 09:36:26 nixos systemd[1]: kmod-static-nodes.service: Deactivated successfully.
May 06 09:36:26 nixos systemd[1]: Stopped Create List of Static Device Nodes.
May 06 09:36:26 nixos systemd[1]: initrd-udevadm-cleanup-db.service: Deactivated successfully.
May 06 09:36:26 nixos systemd[1]: Finished Cleanup udev Database.
May 06 09:36:26 nixos systemd[1]: Reached target Switch Root.
May 06 09:36:26 nixos systemd[1]: Starting NixOS Activation...
May 06 09:36:26 nixos initrd-nixos-activation-start[812]: booting system configuration /nix/store/s7b60vcqjwdivb544ys08qy76qwwnrny-nixos-system-unnamed-26.05.20260430.15f4ee4
May 06 09:36:26 nixos initrd-nixos-activation-start[812]: running activation script...
May 06 09:36:26 nixos initrd-nixos-activation-start[838]: setting up /etc...
May 06 09:36:26 nixos initrd-nixos-activation-start[838]: setting up secrets...
May 06 09:36:26 nixos initrd-nixos-activation-start[863]: sops-install-secrets: Imported /etc/ssh/ssh_host_rsa_key as GPG key with fingerprint 3b446a832cb3f42e00cc03a63e3a7ded67c3e796
May 06 09:36:26 nixos initrd-nixos-activation-start[863]: sops-install-secrets: Imported /etc/ssh/ssh_host_ed25519_key as age key with fingerprint age10vln6nynnaqck7kawjhurwn2fcegv6syrd0ug86a7xzg9hp8du2su6qqu4
May 06 09:36:26 nixos systemd[1]: initrd-nixos-activation.service: Deactivated successfully.
May 06 09:36:26 nixos systemd[1]: Finished NixOS Activation.
May 06 09:36:26 nixos systemd[1]: initrd-nixos-activation.service: Consumed 250ms CPU time over 447ms wall clock time, 96.7M memory peak.
May 06 09:36:26 nixos systemd[1]: Starting Switch Root...
May 06 09:36:26 nixos systemd[1]: Switching root.
May 06 09:36:26 nixos systemd-journald[198]: Journal stopped
May 06 09:36:27 nixos systemd-journald[198]: Received SIGTERM from PID 1 (systemd).
May 06 09:36:27 nixos systemd[1]: systemd 260.1 running in system mode (+PAM +AUDIT -SELINUX +APPARMOR +IMA +IPE +SMACK +SECCOMP +GCRYPT -GNUTLS +OPENSSL +ACL +BLKID +CURL +ELFUTILS +FIDO2 +IDN2 +KMOD +LIBCRYPTSETUP +LIBCRYPTSETUP_PLUGINS +LIBFDISK +PCRE2 +PWQUALITY +P11KIT +QRENCODE +TPM2 +BZIP2 +LZ4 +XZ +ZLIB +ZSTD +BPF_FRAMEWORK -BTF -XKBCOMMON +UTMP +LIBARCHIVE)
May 06 09:36:27 nixos systemd[1]: Detected architecture x86-64.
May 06 09:36:27 nixos systemd[1]: bpf-restrict-fs: LSM BPF program attached
May 06 09:36:27 nixos kernel: zram: Added device: zram0
May 06 09:36:27 nixos systemd[1]: initrd-switch-root.service: Deactivated successfully.
May 06 09:36:27 nixos systemd[1]: Stopped initrd-switch-root.service.
May 06 09:36:27 nixos systemd[1]: systemd-journald.service: Scheduled restart job, restart counter is at 1.
May 06 09:36:27 nixos systemd[1]: Created slice Slice /system/systemd-fsck.
May 06 09:36:27 nixos systemd[1]: Created slice Slice /system/systemd-zram-setup.
May 06 09:36:27 nixos systemd[1]: Created slice User and Session Slice.
May 06 09:36:27 nixos systemd[1]: Started Dispatch Password Requests to Console Directory Watch.
May 06 09:36:27 nixos systemd[1]: Started Forward Password Requests to Wall Directory Watch.
May 06 09:36:27 nixos systemd[1]: Expecting device /dev/disk/by-label/swap...
May 06 09:36:27 nixos systemd[1]: Expecting device /dev/disk/by-uuid/FB64-FC11...
May 06 09:36:27 nixos systemd[1]: Expecting device /dev/mapper/crypt-home...
May 06 09:36:27 nixos systemd[1]: Expecting device /dev/zram0...
May 06 09:36:27 nixos systemd[1]: Reached target Local Encrypted Volumes.
May 06 09:36:27 nixos systemd[1]: Stopped target initrd-fs.target.
May 06 09:36:27 nixos systemd[1]: Stopped target initrd-root-fs.target.
May 06 09:36:27 nixos systemd[1]: Stopped target initrd-switch-root.target.
May 06 09:36:27 nixos systemd[1]: Reached target Virtual Machines and Containers.
May 06 09:36:27 nixos systemd[1]: Reached target Path Units.
May 06 09:36:27 nixos systemd[1]: Reached target Remote File Systems.
May 06 09:36:27 nixos systemd[1]: Reached target Slice Units.
May 06 09:36:27 nixos systemd[1]: Listening on Process Core Dump Socket.
May 06 09:36:27 nixos systemd[1]: Listening on Credential Encryption/Decryption.
May 06 09:36:27 nixos systemd[1]: Starting Journal Log Access Socket...
May 06 09:36:27 nixos systemd[1]: Listening on Journal Audit Socket.
May 06 09:36:27 nixos systemd[1]: Listening on Userspace Out-Of-Memory (OOM) Killer Socket.
May 06 09:36:27 nixos systemd[1]: Make TPM PCR Policy skipped, unmet condition check ConditionSecurity=measured-uki
May 06 09:36:27 nixos systemd[1]: Listening on udev Control Socket.
May 06 09:36:27 nixos systemd[1]: Mounting Huge Pages File System...
May 06 09:36:27 nixos systemd[1]: Mounting POSIX Message Queue File System...
May 06 09:36:27 nixos systemd[1]: Mounting Kernel Debug File System...
May 06 09:36:27 nixos systemd[1]: Mounting Kernel Trace File System...
May 06 09:36:27 nixos systemd[1]: Starting Create List of Static Device Nodes...
May 06 09:36:27 nixos systemd[1]: Starting Load Kernel Module configfs...
May 06 09:36:27 nixos systemd[1]: Load Kernel Module drm skipped, unmet condition check ConditionKernelModuleLoaded=!drm
May 06 09:36:27 nixos systemd[1]: Load Kernel Module efi_pstore skipped, unmet condition check ConditionKernelModuleLoaded=!efi_pstore
May 06 09:36:27 nixos systemd[1]: Starting Load Kernel Module fuse...
May 06 09:36:27 nixos systemd[1]: systemd-cryptsetup@crypt\x2dhome.service: Deactivated successfully.
May 06 09:36:27 nixos systemd[1]: Stopped systemd-cryptsetup@crypt\x2dhome.service.
May 06 09:36:27 nixos systemd[1]: systemd-cryptsetup@crypt\x2dhome.service: Consumed 5.630s CPU time over 27.261s wall clock time, 1G memory peak.
May 06 09:36:27 nixos systemd[1]: Clear Stale Hibernate Storage Info skipped, unmet condition check ConditionPathExists=/sys/firmware/efi/efivars/HibernateLocation-8cf2644b-4b0b-428f-9387-6d876050dc67
May 06 09:36:27 nixos systemd[1]: Starting Journal Service...
May 06 09:36:27 nixos systemd[1]: Starting Load Kernel Modules...
May 06 09:36:27 nixos systemd[1]: Starting Remount Root and Kernel File Systems...
May 06 09:36:27 nixos systemd[1]: Early TPM SRK Setup skipped, unmet condition check ConditionSecurity=measured-uki
May 06 09:36:27 nixos systemd[1]: Starting Coldplug All udev Devices...
May 06 09:36:27 nixos systemd[1]: Listening on Journal Log Access Socket.
May 06 09:36:27 nixos systemd[1]: Mounted Huge Pages File System.
May 06 09:36:27 nixos systemd[1]: Mounted POSIX Message Queue File System.
May 06 09:36:27 nixos systemd[1]: Mounted Kernel Debug File System.
May 06 09:36:27 nixos systemd[1]: Mounted Kernel Trace File System.
May 06 09:36:27 nixos systemd[1]: Finished Create List of Static Device Nodes.
May 06 09:36:27 nixos systemd[1]: modprobe@configfs.service: Deactivated successfully.
May 06 09:36:27 nixos systemd[1]: Finished Load Kernel Module configfs.
May 06 09:36:27 nixos systemd[1]: Mounting Kernel Configuration File System...
May 06 09:36:27 nixos systemd[1]: Starting Create Static Device Nodes in /dev gracefully...
May 06 09:36:27 nixos kernel: i2c_dev: i2c /dev entries driver
May 06 09:36:27 nixos kernel: fuse: init (API version 7.45)
May 06 09:36:27 nixos systemd[1]: modprobe@fuse.service: Deactivated successfully.
May 06 09:36:27 nixos systemd[1]: Finished Load Kernel Module fuse.
May 06 09:36:27 nixos kernel: piix4_smbus 0000:00:14.0: SMBus Host Controller at 0xb00, revision 0
May 06 09:36:27 nixos kernel: piix4_smbus 0000:00:14.0: Using register 0x02 for SMBus port selection
May 06 09:36:27 nixos kernel: loop: module loaded
May 06 09:36:27 nixos systemd[1]: Mounted Kernel Configuration File System.
May 06 09:36:27 nixos systemd-journald[1061]: Collecting audit messages is enabled.
May 06 09:36:27 nixos kernel: i2c i2c-0: Successfully instantiated SPD at 0x52
May 06 09:36:27 nixos systemd[1]: Mounting FUSE Control File System...
May 06 09:36:27 nixos kernel: i2c i2c-0: Successfully instantiated SPD at 0x53
May 06 09:36:27 nixos kernel: piix4_smbus 0000:00:14.0: Auxiliary SMBus Host Controller at 0xb20
May 06 09:36:27 nixos kernel: EXT4-fs (nvme0n1p3): re-mounted 6b47e646-e650-485d-a0ad-2feb337506e4.
May 06 09:36:27 nixos systemd[1]: Finished Remount Root and Kernel File Systems.
May 06 09:36:27 nixos systemd[1]: Platform Persistent Storage Archival skipped, unmet condition check ConditionDirectoryNotEmpty=/sys/fs/pstore
May 06 09:36:27 nixos systemd[1]: Starting Load/Save OS Random Seed...
May 06 09:36:27 nixos systemd-journald[1061]: Journal started
May 06 09:36:27 nixos systemd-journald[1061]: Runtime Journal (/run/log/journal/846af36c6e764ff186ee926a4a991423) is 8M, max 394.5M, 386.5M free.
May 06 09:36:27 nixos systemd[1]: Queued start job for default target Graphical Interface.
May 06 09:36:27 nixos systemd[1]: Unnecessary job was removed for /dev/usb.
May 06 09:36:27 nixos systemd[1]: systemd-journald.service: Deactivated successfully.
May 06 09:36:27 nixos systemd-modules-load[1062]: Using 7 probe threads
May 06 09:36:27 nixos systemd-modules-load[1062]: Module 'ctr' is built in
May 06 09:36:27 nixos systemd-modules-load[1062]: Inserted module 'i2c_dev'
May 06 09:36:27 nixos systemd[1]: Starting Network Time Synchronization...
May 06 09:36:27 nixos systemd-modules-load[1062]: Inserted module 'uinput'
May 06 09:36:27 nixos systemd[1]: TPM SRK Setup skipped, unmet condition check ConditionSecurity=measured-uki
May 06 09:36:27 nixos systemd-modules-load[1062]: Inserted module 'loop'
May 06 09:36:27 nixos systemd[1]: Started Journal Service.
May 06 09:36:27 nixos systemd-modules-load[1062]: Inserted module 'atkbd'
May 06 09:36:27 nixos systemd-modules-load[1062]: Inserted module 'i2c_piix4'
May 06 09:36:27 nixos systemd[1]: Mounted FUSE Control File System.
May 06 09:36:27 nixos systemd[1]: Finished Create Static Device Nodes in /dev gracefully.
May 06 09:36:27 nixos systemd[1]: Starting Flush Journal to Persistent Storage...
May 06 09:36:27 nixos systemd[1]: Starting Create Static Device Nodes in /dev...
May 06 09:36:27 nixos systemd[1]: Finished Load/Save OS Random Seed.
May 06 09:36:27 nixos systemd[1]: First Boot Complete skipped, unmet condition check ConditionFirstBoot=yes
May 06 09:36:27 nixos systemd-journald[1061]: Time spent on flushing to /var/log/journal/846af36c6e764ff186ee926a4a991423 is 23.319ms for 1230 entries.
May 06 09:36:27 nixos systemd-journald[1061]: System Journal (/var/log/journal/846af36c6e764ff186ee926a4a991423) is 3.9G, max 4G, 16M free.
May 06 09:36:27 nixos systemd-journald[1061]: Received client request to flush runtime journal.
May 06 09:36:27 nixos systemd[1]: Finished Create Static Device Nodes in /dev.
May 06 09:36:27 nixos kernel: ccp 0000:0b:00.2: enabling device (0000 -> 0002)
May 06 09:36:27 nixos systemd[1]: Reached target Preparation for Local File Systems.
May 06 09:36:27 nixos kernel: ccp 0000:0b:00.2: ccp: unable to access the device: you might be running a broken BIOS.
May 06 09:36:27 nixos systemd[1]: Set up automount data.automount.
May 06 09:36:27 nixos kernel: ccp 0000:0b:00.2: tee enabled
May 06 09:36:27 nixos systemd[1]: Set up automount server.automount.
May 06 09:36:27 nixos kernel: ccp 0000:0b:00.2: psp enabled
May 06 09:36:27 nixos systemd[1]: Starting Rule-based Manager for Device Events and Files...
May 06 09:36:27 nixos kernel: kvm_amd: TSC scaling supported
May 06 09:36:27 nixos systemd-timesyncd[1078]: Disabling NSCD because DNSSEC validation is turned off
May 06 09:36:27 nixos kernel: kvm_amd: Nested Virtualization enabled
May 06 09:36:27 nixos systemd[1]: Started Network Time Synchronization.
May 06 09:36:27 nixos kernel: kvm_amd: Nested Paging enabled
May 06 09:36:27 nixos systemd-udevd[1098]: Using default interface naming scheme 'v260'.
May 06 09:36:27 nixos kernel: kvm_amd: LBR virtualization supported
May 06 09:36:27 nixos systemd-modules-load[1062]: Inserted module 'kvm_amd'
May 06 09:36:27 nixos kernel: kvm_amd: Virtual VMLOAD VMSAVE supported
May 06 09:36:27 nixos systemd[1]: Finished Load Kernel Modules.
May 06 09:36:27 nixos kernel: kvm_amd: Virtual GIF supported
May 06 09:36:27 nixos systemd[1]: Starting Firewall...
May 06 09:36:27 nixos systemd[1]: Starting Apply Kernel Variables...
May 06 09:36:27 nixos systemd[1]: Finished Flush Journal to Persistent Storage.
May 06 09:36:27 nixos systemd[1]: Finished Apply Kernel Variables.
May 06 09:36:27 nixos systemd[1]: Started Rule-based Manager for Device Events and Files.
May 06 09:36:27 nixos systemd[1]: Found device /dev/zram0.
May 06 09:36:27 nixos systemd[1]: Starting Create swap on /dev/zram0...
May 06 09:36:27 nixos kernel: ee1004 0-0052: 512 byte EE1004-compliant SPD EEPROM, read-only
May 06 09:36:27 nixos kernel: ee1004 0-0053: 512 byte EE1004-compliant SPD EEPROM, read-only
May 06 09:36:27 nixos kernel: zram0: detected capacity change from 0 to 16161792
May 06 09:36:27 nixos systemd-makefs[1188]: Formatting /dev/zram0 as swap
May 06 09:36:27 nixos systemd-makefs[1188]: /dev/zram0 successfully formatted as swap (label "zram0", uuid 43f0a457-2aa5-448d-837d-9963353abff8)
May 06 09:36:27 nixos systemd[1]: Finished Create swap on /dev/zram0.
May 06 09:36:27 nixos systemd[1]: Activating swap Compressed Swap on /dev/zram0...
May 06 09:36:28 nixos kernel: Adding 8080892k swap on /dev/zram0.  Priority:5 extents:1 across:8080892k SSDsc
May 06 09:36:28 nixos systemd[1]: Activated swap Compressed Swap on /dev/zram0.
May 06 09:36:28 nixos systemd[1]: Finished Coldplug All udev Devices.
May 06 09:36:28 nixos kernel: raid6: avx2x4   gen() 33106 MB/s
May 06 09:36:28 nixos systemd[1]: Condition check resulted in /dev/tpmrm0 being skipped.
May 06 09:36:28 nixos systemd[1]: Reached target Trusted Platform Module.
May 06 09:36:28 nixos kernel: input: Power Button as /devices/platform/PNP0C0C:00/input/input15
May 06 09:36:28 nixos systemd[1]: Finished Firewall.
May 06 09:36:28 nixos kernel: raid6: avx2x2   gen() 32677 MB/s
May 06 09:36:28 nixos kernel: ACPI: button: Power Button [PWRB]
May 06 09:36:28 nixos mtp-probe[1323]: checking bus 5, device 2: "/sys/devices/pci0000:00/0000:00:08.1/0000:0b:00.3/usb5/5-2"
May 06 09:36:28 nixos mtp-probe[1324]: checking bus 3, device 2: "/sys/devices/pci0000:00/0000:00:02.1/0000:02:00.0/usb3/3-3"
May 06 09:36:28 nixos kernel: input: Power Button as /devices/platform/LNXPWRBN:00/input/input16
May 06 09:36:28 nixos kernel: ACPI: button: Power Button [PWRF]
May 06 09:36:28 nixos kernel: raid6: avx2x1   gen() 21701 MB/s
May 06 09:36:28 nixos kernel: raid6: using algorithm avx2x4 gen() 33106 MB/s
May 06 09:36:28 nixos kernel: rtc_cmos 00:00: RTC can wake from S4
May 06 09:36:28 nixos mtp-probe[1324]: bus: 3, device: 2 was not an MTP device
May 06 09:36:28 nixos kernel: nvidia-gpu 0000:01:00.3: enabling device (0000 -> 0002)
May 06 09:36:28 nixos mtp-probe[1325]: checking bus 3, device 4: "/sys/devices/pci0000:00/0000:00:02.1/0000:02:00.0/usb3/3-6"
May 06 09:36:28 nixos kernel: rtc_cmos 00:00: registered as rtc0
May 06 09:36:28 nixos kernel: rtc_cmos 00:00: setting system clock to 2026-05-05T23:36:28 UTC (1778024188)
May 06 09:36:28 nixos mtp-probe[1323]: bus: 5, device: 2 was not an MTP device
May 06 09:36:28 nixos kernel: raid6: .... xor() 7116 MB/s, rmw enabled
May 06 09:36:28 nixos kernel: raid6: using avx2x2 recovery algorithm
May 06 09:36:28 nixos kernel: rtc_cmos 00:00: alarms up to one month, y3k, 114 bytes nvram
May 06 09:36:28 nixos kernel: xor: automatically using best checksumming function   avx       
May 06 09:36:28 nixos mtp-probe[1325]: bus: 3, device: 4 was not an MTP device
May 06 09:36:28 nixos kernel: Bluetooth: Core ver 2.22
May 06 09:36:28 nixos kernel: NET: Registered PF_BLUETOOTH protocol family
May 06 09:36:28 nixos kernel: Bluetooth: HCI device and connection manager initialized
May 06 09:36:28 nixos kernel: Bluetooth: HCI socket layer initialized
May 06 09:36:28 nixos kernel: Bluetooth: L2CAP socket layer initialized
May 06 09:36:28 nixos kernel: Bluetooth: SCO socket layer initialized
May 06 09:36:28 nixos kernel: sp5100_tco: SP5100/SB800 TCO WatchDog Timer Driver
May 06 09:36:28 nixos kernel: sp5100-tco sp5100-tco: Using 0xfeb00000 for watchdog MMIO address
May 06 09:36:28 nixos kernel: mousedev: PS/2 mouse device common for all mice
May 06 09:36:28 nixos kernel: sp5100-tco sp5100-tco: initialized. heartbeat=60 sec (nowayout=0)
May 06 09:36:28 nixos systemd[1]: Condition check resulted in Samsung_SSD_860_EVO_1TB BOOT being skipped.
May 06 09:36:28 nixos kernel: cfg80211: Loading compiled-in X.509 certificates for regulatory database
May 06 09:36:28 nixos kernel: RAPL PMU: API unit is 2^-32 Joules, 2 fixed counters, 163840 ms ovfl timer
May 06 09:36:28 nixos kernel: RAPL PMU: hw unit of domain package 2^-16 Joules
May 06 09:36:28 nixos kernel: RAPL PMU: hw unit of domain core 2^-16 Joules
May 06 09:36:28 nixos kernel: usbcore: registered new interface driver btusb
May 06 09:36:28 nixos kernel: Loaded X.509 cert 'sforshee: 00b28ddf47aef9cea7'
May 06 09:36:28 nixos kernel: Loaded X.509 cert 'wens: 61c038651aabdcf94bd0ac7ff06c7248db18c600'
May 06 09:36:28 nixos kernel: snd_hda_intel 0000:01:00.1: enabling device (0000 -> 0002)
May 06 09:36:28 nixos kernel: snd_hda_intel 0000:01:00.1: Disabling MSI
May 06 09:36:28 nixos kernel: snd_hda_intel 0000:01:00.1: Handle vga_switcheroo audio client
May 06 09:36:28 nixos kernel: snd_hda_intel 0000:0b:00.1: enabling device (0000 -> 0002)
May 06 09:36:28 nixos kernel: snd_hda_intel 0000:0b:00.6: enabling device (0000 -> 0002)
May 06 09:36:28 nixos kernel: amd_atl: AMD Address Translation Library initialized
May 06 09:36:28 nixos systemd[1]: Found device OCZ-AGILITY3 swap.
May 06 09:36:28 nixos kernel: Bluetooth: hci0: Found device firmware: intel/ibt-20-1-3.sfi
May 06 09:36:28 nixos kernel: Bluetooth: hci0: Boot Address: 0x24800
May 06 09:36:28 nixos kernel: Bluetooth: hci0: Firmware Version: 255-255.255
May 06 09:36:28 nixos kernel: usb 3-5: USB disconnect, device number 3
May 06 09:36:28 nixos kernel: Bluetooth: hci0: FW download error recovery failed (-19)
May 06 09:36:28 nixos kernel: Bluetooth: hci0: sending frame failed (-19)
May 06 09:36:28 nixos systemd[1]: Activating swap /dev/disk/by-label/swap...
May 06 09:36:28 nixos kernel: Bluetooth: hci0: Reading supported features failed (-19)
May 06 09:36:28 nixos kernel: Bluetooth: hci0: Error reading debug features
May 06 09:36:28 nixos kernel: Bluetooth: hci0: HCI LE Coded PHY feature bit is set, but its usage is not supported.
May 06 09:36:28 nixos systemd[1]: Starting File System Check on /dev/disk/by-uuid/FB64-FC11...
May 06 09:36:28 nixos kernel: iwlwifi 0000:09:00.0: enabling device (0000 -> 0002)
May 06 09:36:28 nixos kernel: EDAC MC: Ver: 3.0.0
May 06 09:36:28 nixos kernel: MCE: In-kernel MCE decoding enabled.
May 06 09:36:28 nixos kernel: input: HD-Audio Generic HDMI/DP,pcm=3 as /devices/pci0000:00/0000:00:08.1/0000:0b:00.1/sound/card1/input17
May 06 09:36:28 nixos kernel: input: HD-Audio Generic HDMI/DP,pcm=7 as /devices/pci0000:00/0000:00:08.1/0000:0b:00.1/sound/card1/input18
May 06 09:36:28 nixos kernel: input: HD-Audio Generic HDMI/DP,pcm=8 as /devices/pci0000:00/0000:00:08.1/0000:0b:00.1/sound/card1/input19
May 06 09:36:28 nixos kernel: input: HD-Audio Generic HDMI/DP,pcm=9 as /devices/pci0000:00/0000:00:08.1/0000:0b:00.1/sound/card1/input20
May 06 09:36:28 nixos kernel: input: HD-Audio Generic HDMI/DP,pcm=10 as /devices/pci0000:00/0000:00:08.1/0000:0b:00.1/sound/card1/input21
May 06 09:36:28 nixos kernel: input: HD-Audio Generic HDMI/DP,pcm=11 as /devices/pci0000:00/0000:00:08.1/0000:0b:00.1/sound/card1/input22
May 06 09:36:28 nixos kernel: Adding 58613756k swap on /dev/sda1.  Priority:-1 extents:1 across:58613756k SS
May 06 09:36:28 nixos kernel: snd_hda_codec_alc882 hdaudioC2D0: autoconfig for ALC887-VD: line_outs=1 (0x14/0x0/0x0/0x0/0x0) type:line
May 06 09:36:28 nixos kernel: snd_hda_codec_alc882 hdaudioC2D0:    speaker_outs=0 (0x0/0x0/0x0/0x0/0x0)
May 06 09:36:28 nixos kernel: snd_hda_codec_alc882 hdaudioC2D0:    hp_outs=1 (0x1b/0x0/0x0/0x0/0x0)
May 06 09:36:28 nixos kernel: snd_hda_codec_alc882 hdaudioC2D0:    mono: mono_out=0x0
May 06 09:36:28 nixos kernel: snd_hda_codec_alc882 hdaudioC2D0:    dig-out=0x11/0x0
May 06 09:36:28 nixos kernel: snd_hda_codec_alc882 hdaudioC2D0:    inputs:
May 06 09:36:28 nixos kernel: snd_hda_codec_alc882 hdaudioC2D0:      Rear Mic=0x18
May 06 09:36:28 nixos kernel: snd_hda_codec_alc882 hdaudioC2D0:      Front Mic=0x19
May 06 09:36:28 nixos systemd-fsck[1352]: fsck.fat 4.2 (2021-01-31)
May 06 09:36:28 nixos systemd-fsck[1352]: /dev/sdb1: 247 files, 93191/261627 clusters
May 06 09:36:28 nixos kernel: snd_hda_codec_alc882 hdaudioC2D0:      Line=0x1a
May 06 09:36:28 nixos kernel: r8169 0000:0a:00.0 eth0: RTL8168h/8111h, 04:42:1a:a7:fd:1e, XID 541, IRQ 88
May 06 09:36:28 nixos kernel: r8169 0000:0a:00.0 eth0: jumbo features [frames: 9194 bytes, tx checksumming: ko]
May 06 09:36:28 nixos kernel: input: HDA NVidia HDMI/DP,pcm=3 as /devices/pci0000:00/0000:00:01.1/0000:01:00.1/sound/card0/input23
May 06 09:36:28 nixos kernel: input: HDA NVidia HDMI/DP,pcm=7 as /devices/pci0000:00/0000:00:01.1/0000:01:00.1/sound/card0/input24
May 06 09:36:28 nixos kernel: input: HDA NVidia HDMI/DP,pcm=8 as /devices/pci0000:00/0000:00:01.1/0000:01:00.1/sound/card0/input25
May 06 09:36:28 nixos kernel: input: HD-Audio Generic Rear Mic as /devices/pci0000:00/0000:00:08.1/0000:0b:00.6/sound/card2/input27
May 06 09:36:28 nixos kernel: input: HDA NVidia HDMI/DP,pcm=9 as /devices/pci0000:00/0000:00:01.1/0000:01:00.1/sound/card0/input26
May 06 09:36:28 nixos kernel: input: HD-Audio Generic Front Mic as /devices/pci0000:00/0000:00:08.1/0000:0b:00.6/sound/card2/input28
May 06 09:36:28 nixos kernel: input: HD-Audio Generic Line as /devices/pci0000:00/0000:00:08.1/0000:0b:00.6/sound/card2/input29
May 06 09:36:28 nixos kernel: input: HD-Audio Generic Line Out as /devices/pci0000:00/0000:00:08.1/0000:0b:00.6/sound/card2/input30
May 06 09:36:28 nixos kernel: input: HD-Audio Generic Front Headphone as /devices/pci0000:00/0000:00:08.1/0000:0b:00.6/sound/card2/input31
May 06 09:36:28 nixos kernel: i8042: PNP: No PS/2 controller found.
May 06 09:36:28 nixos systemd[1]: Activated swap /dev/disk/by-label/swap.
May 06 09:36:28 nixos systemd[1]: Finished File System Check on /dev/disk/by-uuid/FB64-FC11.
May 06 09:36:28 nixos kernel: asus_wmi: ASUS WMI generic driver loaded
May 06 09:36:28 nixos systemd[1]: Reached target Swaps.
May 06 09:36:28 nixos systemd[1]: Listening on Load/Save RF Kill Switch Status /dev/rfkill Watch.
May 06 09:36:28 nixos systemd[1]: Load Kernel Module efi_pstore skipped, unmet condition check ConditionKernelModuleLoaded=!efi_pstore
May 06 09:36:28 nixos systemd[1]: Clear Stale Hibernate Storage Info skipped, unmet condition check ConditionPathExists=/sys/firmware/efi/efivars/HibernateLocation-8cf2644b-4b0b-428f-9387-6d876050dc67
May 06 09:36:28 nixos kernel: asus_wmi: failed to register LPS0 sleep handler in asus-wmi
May 06 09:36:28 nixos kernel: asus_wmi: Initialization: 0x0
May 06 09:36:28 nixos kernel: asus_wmi: BIOS WMI version: 0.9
May 06 09:36:28 nixos kernel: asus_wmi: SFUN value: 0x0
May 06 09:36:28 nixos kernel: eeepc-wmi eeepc-wmi: Detected ASUSWMI, use DCTS
May 06 09:36:28 nixos systemd[1]: Starting Userspace Out-Of-Memory (OOM) Killer...
May 06 09:36:28 nixos kernel: intel_rapl_common: Found RAPL domain package
May 06 09:36:28 nixos kernel: intel_rapl_common: Found RAPL domain core
May 06 09:36:28 nixos systemd[1]: Platform Persistent Storage Archival skipped, unmet condition check ConditionDirectoryNotEmpty=/sys/fs/pstore
May 06 09:36:28 nixos systemd[1]: Early TPM SRK Setup skipped, unmet condition check ConditionSecurity=measured-uki
May 06 09:36:28 nixos systemd[1]: TPM SRK Setup skipped, unmet condition check ConditionSecurity=measured-uki
May 06 09:36:28 nixos kernel: input: Eee PC WMI hotkeys as /devices/platform/eeepc-wmi/input/input32
May 06 09:36:28 nixos systemd-timesyncd[1078]: Network configuration changed, trying to establish connection.
May 06 09:36:28 nixos systemd[1]: Starting Virtual Console Setup...
May 06 09:36:28 nixos kernel: r8169 0000:0a:00.0 enp10s0: renamed from eth0
May 06 09:36:28 nixos systemd[1]: Reached target Sound Card.
May 06 09:36:28 nixos kernel: ACPI: bus type thunderbolt registered
May 06 09:36:28 nixos systemd[1]: Started Userspace Out-Of-Memory (OOM) Killer.
May 06 09:36:28 nixos systemd-vconsole-setup[1361]: Configuration of first virtual console was skipped, ignoring remaining ones.
May 06 09:36:28 nixos systemd[1]: Finished Virtual Console Setup.
May 06 09:36:28 nixos kernel: iwlwifi 0000:09:00.0: Detected crf-id 0x3617, cnv-id 0x100530 wfpm id 0x80000000
May 06 09:36:28 nixos kernel: iwlwifi 0000:09:00.0: PCI dev 2723/0084, rev=0x340, rfid=0x10a100
May 06 09:36:28 nixos kernel: iwlwifi 0000:09:00.0: Detected Intel(R) Wi-Fi 6 AX200 160MHz
May 06 09:36:28 nixos kernel: iwlwifi 0000:09:00.0: loaded firmware version 77.f39cc7f9.0 cc-a0-77.ucode op_mode iwlmvm
May 06 09:36:28 nixos kernel: pps_core: LinuxPPS API ver. 1 registered
May 06 09:36:28 nixos kernel: pps_core: Software ver. 5.3.6 - Copyright 2005-2007 Rodolfo Giometti <giometti@linux.it>
May 06 09:36:28 nixos kernel: PTP clock support registered
May 06 09:36:29 nixos systemd[1]: Mounting /boot...
May 06 09:36:29 nixos systemd[1]: Mounting /run/wrappers...
May 06 09:36:29 nixos systemd[1]: Mounted /run/wrappers.
May 06 09:36:29 nixos systemd[1]: Starting Create SUID/SGID Wrappers...
May 06 09:36:29 nixos kernel: iwlwifi 0000:09:00.0: Detected RF HR B3, rfid=0x10a100
May 06 09:36:29 nixos kernel: usb 3-5: new full-speed USB device number 5 using xhci_hcd
May 06 09:36:29 nixos systemd[1]: suid-sgid-wrappers.service: Deactivated successfully.
May 06 09:36:29 nixos systemd[1]: Finished Create SUID/SGID Wrappers.
May 06 09:36:29 nixos systemd[1]: suid-sgid-wrappers.service: Consumed 87ms CPU time over 98ms wall clock time, 9.4M memory peak, 3.1M read from disk.
May 06 09:36:29 nixos kernel: iwlwifi 0000:09:00.0: base HW address: 50:2f:9b:b1:cd:ad
May 06 09:36:29 nixos systemd[1]: Starting Load/Save RF Kill Switch Status...
May 06 09:36:29 nixos kernel: iwlwifi 0000:09:00.0 wlp9s0: renamed from wlan0
May 06 09:36:29 nixos systemd[1]: Started Load/Save RF Kill Switch Status.
May 06 09:36:29 nixos kernel: Btrfs loaded, zoned=yes, fsverity=yes
May 06 09:36:29 nixos systemd[1]: Mounted /boot.
May 06 09:36:29 nixos systemd[1]: Found device /dev/mapper/crypt-home.
May 06 09:36:29 nixos systemd[1]: home.mount: Directory /home to mount over is not empty, mounting anyway.
May 06 09:36:29 nixos systemd[1]: Mounting /home...
May 06 09:36:29 nixos kernel: BTRFS: device label HOME devid 1 transid 153805 /dev/mapper/crypt-home (254:0) scanned by mount (1484)
May 06 09:36:29 nixos kernel: BTRFS info (device dm-0): first mount of filesystem f16ab94c-5c2a-4ecf-99be-3f08e1a5e258
May 06 09:36:29 nixos kernel: BTRFS info (device dm-0): using crc32c checksum algorithm
May 06 09:36:29 nixos kernel: BTRFS info (device dm-0): enabling ssd optimizations
May 06 09:36:29 nixos kernel: BTRFS info (device dm-0): turning on async discard
May 06 09:36:29 nixos kernel: BTRFS info (device dm-0): enabling free space tree
May 06 09:36:29 nixos kernel: BTRFS info (device dm-0): use zstd compression, level 3
May 06 09:36:29 nixos systemd[1]: Mounted /home.
May 06 09:36:29 nixos systemd[1]: Reached target Local File Systems.
May 06 09:36:29 nixos systemd[1]: Listening on Boot Loader Control Service Socket.
May 06 09:36:29 nixos systemd-timesyncd[1078]: Network configuration changed, trying to establish connection.
May 06 09:36:29 nixos systemd[1]: Starting dynamic-hostname.service...
May 06 09:36:29 nixos systemd[1]: Starting Update Boot Loader Random Seed...
May 06 09:36:29 nixos systemd[1]: Save Transient machine-id to Disk skipped, unmet condition check ConditionPathIsMountPoint=/etc/machine-id
May 06 09:36:29 nixos systemd[1]: Starting Create System Files and Directories...
May 06 09:36:29 dectech-6af36c systemd[1]: dynamic-hostname.service: Deactivated successfully.
May 06 09:36:29 dectech-6af36c systemd[1]: Finished dynamic-hostname.service.
May 06 09:36:29 dectech-6af36c systemd[1]: dynamic-hostname.service: Consumed 16ms CPU time over 27ms wall clock time, 3.9M memory peak, 1.2M read from disk.
May 06 09:36:29 dectech-6af36c systemd[1]: Reached target Login Prompts.
May 06 09:36:29 dectech-6af36c bootctl[1501]: Random seed file /boot/loader/random-seed successfully refreshed (32 bytes).
May 06 09:36:29 dectech-6af36c systemd[1]: Finished Update Boot Loader Random Seed.
May 06 09:36:29 dectech-6af36c systemd-timesyncd[1078]: Network configuration changed, trying to establish connection.
May 06 09:36:29 dectech-6af36c systemd-timesyncd[1078]: Network configuration changed, trying to establish connection.
May 06 09:36:29 dectech-6af36c systemd-timesyncd[1078]: Network configuration changed, trying to establish connection.
May 06 09:36:29 dectech-6af36c systemd-timesyncd[1078]: Network configuration changed, trying to establish connection.
May 06 09:36:29 dectech-6af36c systemd-timesyncd[1078]: Network configuration changed, trying to establish connection.
May 06 09:36:29 dectech-6af36c systemd-timesyncd[1078]: Network configuration changed, trying to establish connection.
May 06 09:36:29 dectech-6af36c systemd[1]: Finished Create System Files and Directories.
May 06 09:36:29 dectech-6af36c systemd[1]: Rebuild Journal Catalog skipped, unmet condition check ConditionNeedsUpdate=/var
May 06 09:36:29 dectech-6af36c systemd[1]: Update is Completed skipped, no trigger condition checks were met.
May 06 09:36:29 dectech-6af36c systemd[1]: Starting Record System Boot/Shutdown in UTMP...
May 06 09:36:29 dectech-6af36c systemd[1]: Finished Record System Boot/Shutdown in UTMP.
May 06 09:36:29 dectech-6af36c systemd[1]: Reached target System Initialization.
May 06 09:36:29 dectech-6af36c systemd[1]: Started Discard unused filesystem blocks once a week.
May 06 09:36:29 dectech-6af36c systemd[1]: Started logrotate.timer.
May 06 09:36:29 dectech-6af36c systemd[1]: Started nix-gc.timer.
May 06 09:36:29 dectech-6af36c systemd[1]: Started podman-prune.timer.
May 06 09:36:29 dectech-6af36c systemd[1]: Started Daily Cleanup of Temporary Directories.
May 06 09:36:29 dectech-6af36c systemd[1]: Reached target Timer Units.
May 06 09:36:29 dectech-6af36c systemd[1]: Listening on Avahi mDNS/DNS-SD Stack Activation Socket.
May 06 09:36:29 dectech-6af36c systemd[1]: Listening on D-Bus System Message Bus Socket.
May 06 09:36:29 dectech-6af36c systemd[1]: Listening on Nix Daemon Socket.
May 06 09:36:29 dectech-6af36c systemd[1]: Starting Podman API Socket...
May 06 09:36:29 dectech-6af36c systemd[1]: Listening on Authorization Manager Agent Helper.
May 06 09:36:29 dectech-6af36c systemd[1]: Listening on OpenSSH Server Socket (systemd-ssh-generator, AF_UNIX Local).
May 06 09:36:29 dectech-6af36c systemd[1]: Listening on Hostname Service Socket.
May 06 09:36:29 dectech-6af36c systemd-timesyncd[1078]: Network configuration changed, trying to establish connection.
May 06 09:36:29 dectech-6af36c systemd[1]: Starting D-Bus System Message Bus...
May 06 09:36:29 dectech-6af36c systemd[1]: Listening on Podman API Socket.
May 06 09:36:29 dectech-6af36c systemd[1]: Reached target Socket Units.
May 06 09:36:29 dectech-6af36c systemd-timesyncd[1078]: Network configuration changed, trying to establish connection.
May 06 09:36:29 dectech-6af36c dbus-broker-launch[1524]: Looking up NSS group entry for 'netdev'...
May 06 09:36:29 dectech-6af36c dbus-broker-launch[1524]: NSS returned no entry for 'netdev'
May 06 09:36:29 dectech-6af36c dbus-broker-launch[1524]: Invalid group-name in /nix/store/s9p0vp7mq67hwn7chhyhgc2hcy7rjx0p-system-path/share/dbus-1/system.d/avahi-dbus.conf +24: group="netdev"
May 06 09:36:29 dectech-6af36c kernel: nvidia: loading out-of-tree module taints kernel.
May 06 09:36:29 dectech-6af36c kernel: nvidia: module license 'NVIDIA' taints kernel.
May 06 09:36:29 dectech-6af36c kernel: Disabling lock debugging due to kernel taint
May 06 09:36:29 dectech-6af36c kernel: nvidia: module license taints kernel.
May 06 09:36:29 dectech-6af36c kernel: usb 3-5: New USB device found, idVendor=8087, idProduct=0029, bcdDevice= 0.01
May 06 09:36:29 dectech-6af36c kernel: usb 3-5: New USB device strings: Mfr=0, Product=0, SerialNumber=0
May 06 09:36:29 dectech-6af36c dbus-broker-launch[1524]: Invalid group-name in /nix/store/cbjl8jkaxxrwlv2aa72hzakhbk4rsw0s-avahi-0.8/share/dbus-1/system.d/avahi-dbus.conf +24: group="netdev"
May 06 09:36:29 dectech-6af36c dbus-broker-launch[1524]: Ignoring duplicate name 'fi.w1.wpa_supplicant1' in service file '/nix/store/59ki34yyjdk2dj00cbwrdnssxd225971-wpa_supplicant-2.11/share/dbus-1/system-services/fi.w1.wpa_supplicant1.service'
May 06 09:36:29 dectech-6af36c dbus-broker-launch[1524]: Ignoring duplicate name 'org.freedesktop.nm_dispatcher' in service file '/nix/store/h2lgf1bgqn6n1qd44k6scyfrka6jl9bl-networkmanager-1.56.0/share/dbus-1/system-services/org.freedesktop.nm_dispatcher.service'
May 06 09:36:29 dectech-6af36c dbus-broker-launch[1524]: Ignoring duplicate name 'org.freedesktop.nm_priv_helper' in service file '/nix/store/h2lgf1bgqn6n1qd44k6scyfrka6jl9bl-networkmanager-1.56.0/share/dbus-1/system-services/org.freedesktop.nm_priv_helper.service'
May 06 09:36:29 dectech-6af36c dbus-broker-launch[1524]: Ignoring duplicate name 'org.freedesktop.ModemManager1' in service file '/nix/store/q1wldr2mq0vpqys9hqvs8kbrc3dfbwd0-modemmanager-1.24.2/share/dbus-1/system-services/org.freedesktop.ModemManager1.service'
May 06 09:36:29 dectech-6af36c dbus-broker-launch[1524]: Ignoring duplicate name 'org.freedesktop.UDisks2' in service file '/nix/store/c03zcxgln0yamads8hqijb429ymxd2kd-udisks-2.11.1/share/dbus-1/system-services/org.freedesktop.UDisks2.service'
May 06 09:36:29 dectech-6af36c dbus-broker-launch[1524]: Ignoring duplicate name 'org.bluez.mesh' in service file '/nix/store/zb0vr338s1sq0c7a3ca5i4zx89kjzd4n-bluez-5.86/share/dbus-1/system-services/org.bluez.mesh.service'
May 06 09:36:29 dectech-6af36c dbus-broker-launch[1524]: Ignoring duplicate name 'org.bluez' in service file '/nix/store/zb0vr338s1sq0c7a3ca5i4zx89kjzd4n-bluez-5.86/share/dbus-1/system-services/org.bluez.service'
May 06 09:36:29 dectech-6af36c dbus-broker-launch[1524]: Ignoring duplicate name 'org.freedesktop.Flatpak.SystemHelper' in service file '/nix/store/3lnpblx0qc1wsrrcm5a57szp09n5dwg5-flatpak-1.16.6/share/dbus-1/system-services/org.freedesktop.Flatpak.SystemHelper.service'
May 06 09:36:29 dectech-6af36c dbus-broker-launch[1524]: Ignoring duplicate name 'org.blueman.Mechanism' in service file '/nix/store/yjba7p5a8ddh0kax997gx3l1d1hr3aq7-blueman-2.4.6/share/dbus-1/system-services/org.blueman.Mechanism.service'
May 06 09:36:29 dectech-6af36c dbus-broker-launch[1524]: Ignoring duplicate name 'org.freedesktop.RealtimeKit1' in service file '/nix/store/k4p3zcvb5bc6374rl3650jccch7n5myq-rtkit-0.14/share/dbus-1/system-services/org.freedesktop.RealtimeKit1.service'
May 06 09:36:29 dectech-6af36c dbus-broker-launch[1524]: Ignoring duplicate name 'org.freedesktop.PolicyKit1' in service file '/nix/store/arpd85p8xwyzrmvhaffc6y32b22l5azn-polkit-127/share/dbus-1/system-services/org.freedesktop.PolicyKit1.service'
May 06 09:36:29 dectech-6af36c systemd[1]: Started D-Bus System Message Bus.
May 06 09:36:29 dectech-6af36c kernel: Bluetooth: hci0: Bootloader revision 0.3 build 0 week 24 2017
May 06 09:36:29 dectech-6af36c kernel: Bluetooth: hci0: Device revision is 1
May 06 09:36:29 dectech-6af36c kernel: Bluetooth: hci0: Secure boot is enabled
May 06 09:36:29 dectech-6af36c dbus-broker-launch[1524]: Ready
May 06 09:36:29 dectech-6af36c kernel: Bluetooth: hci0: OTP lock is enabled
May 06 09:36:29 dectech-6af36c kernel: Bluetooth: hci0: API lock is enabled
May 06 09:36:29 dectech-6af36c kernel: Bluetooth: hci0: Debug lock is disabled
May 06 09:36:29 dectech-6af36c kernel: Bluetooth: hci0: Minimum firmware build 1 week 10 2014
May 06 09:36:29 dectech-6af36c kernel: Bluetooth: hci0: Found device firmware: intel/ibt-20-1-3.sfi
May 06 09:36:29 dectech-6af36c kernel: Bluetooth: hci0: Boot Address: 0x24800
May 06 09:36:29 dectech-6af36c kernel: Bluetooth: hci0: Firmware Version: 255-255.255
May 06 09:36:29 dectech-6af36c systemd[1]: Reached target Basic System.
May 06 09:36:29 dectech-6af36c systemd[1]: Starting Network Manager Script Dispatcher Service...
May 06 09:36:29 dectech-6af36c systemd[1]: Started ACPI Daemon.
May 06 09:36:29 dectech-6af36c systemd[1]: Starting Avahi mDNS/DNS-SD Stack...
May 06 09:36:29 dectech-6af36c systemd[1]: Starting Bluetooth service...
May 06 09:36:29 dectech-6af36c systemd-timesyncd[1078]: Network configuration changed, trying to establish connection.
May 06 09:36:29 dectech-6af36c systemd[1]: Started flatpak-repo.service.
May 06 09:36:29 dectech-6af36c systemd[1]: Starting Home Manager environment for zozano...
May 06 09:36:29 dectech-6af36c systemd[1]: Import lastlog data into lastlog2 database skipped, unmet condition check ConditionPathExists=!/var/lib/lastlog/lastlog2.db
May 06 09:36:29 dectech-6af36c systemd[1]: Starting Logrotate configuration check...
May 06 09:36:29 dectech-6af36c systemd[1]: Starting Name Service Cache Daemon (nsncd)...
May 06 09:36:29 dectech-6af36c systemd[1]: Starting Container Device Interface (CDI) for Nvidia generator...
May 06 09:36:29 dectech-6af36c logrotate[1533]: warning: logrotate in debug mode does nothing except printing debug messages!  Consider using verbose mode (-v) instead if this is not what you want.
May 06 09:36:29 dectech-6af36c systemd[1]: Starting podman-network-tdarr_default.service...
May 06 09:36:29 dectech-6af36c logrotate[1533]: reading config file /nix/store/y8gs42day8dnmmnvkmg6a4a7x0q0z0is-logrotate.conf
May 06 09:36:29 dectech-6af36c logrotate[1533]: note: 'monthly' overrides previously specified 'weekly'
May 06 09:36:29 dectech-6af36c logrotate[1533]: Reading state from file: /var/lib/logrotate.status
May 06 09:36:29 dectech-6af36c logrotate[1533]: Allocating hash table for state file, size 64 entries
May 06 09:36:29 dectech-6af36c logrotate[1533]: Creating new state
May 06 09:36:29 dectech-6af36c logrotate[1533]: Creating new state
May 06 09:36:29 dectech-6af36c logrotate[1533]: Handling 2 logs
May 06 09:36:29 dectech-6af36c logrotate[1533]: rotating pattern: "/var/log/btmp" monthly empty log files are not rotated, only log files >= 1048576 bytes are rotated, (1 rotations), old logs are removed
May 06 09:36:29 dectech-6af36c logrotate[1533]: considering log /var/log/btmp
May 06 09:36:29 dectech-6af36c logrotate[1533]:   Now: 2026-05-06 09:36
May 06 09:36:29 dectech-6af36c logrotate[1533]:   Last rotated at 2024-11-03 21:00
May 06 09:36:29 dectech-6af36c logrotate[1533]:   log does not need rotating ('minsize' directive is used and the log size is smaller than the minsize value)
May 06 09:36:29 dectech-6af36c logrotate[1533]: rotating pattern: "/var/log/wtmp" monthly empty log files are not rotated, only log files >= 1048576 bytes are rotated, (1 rotations), old logs are removed
May 06 09:36:29 dectech-6af36c logrotate[1533]: considering log /var/log/wtmp
May 06 09:36:29 dectech-6af36c logrotate[1533]:   Now: 2026-05-06 09:36
May 06 09:36:29 dectech-6af36c logrotate[1533]:   Last rotated at 2026-03-04 18:00
May 06 09:36:29 dectech-6af36c logrotate[1533]:   log does not need rotating ('minsize' directive is used and the log size is smaller than the minsize value)
May 06 09:36:29 dectech-6af36c systemd[1]: Starting Post-Boot Actions...
May 06 09:36:29 dectech-6af36c systemd[1]: Started Reset console on configuration changes.
May 06 09:36:29 dectech-6af36c systemd[1]: Starting resolvconf update...
May 06 09:36:29 dectech-6af36c systemd[1]: SSH Host Keys Generation skipped, no trigger condition checks were met.
May 06 09:36:29 dectech-6af36c systemd[1]: Starting WPA Supplicant instance...
May 06 09:36:29 dectech-6af36c nsncd[1535]: May 05 23:36:29.541 INFO started, config: Config { ignored_request_types: {}, worker_count: 8, handoff_timeout: 10s }, path: "/var/run/nscd/socket"
May 06 09:36:29 dectech-6af36c bluetoothd[1529]: Bluetooth daemon 5.86
May 06 09:36:29 dectech-6af36c systemd[1]: Started Name Service Cache Daemon (nsncd).
May 06 09:36:29 dectech-6af36c systemd[1]: Finished Logrotate configuration check.
May 06 09:36:29 dectech-6af36c systemd[1]: Finished Post-Boot Actions.
May 06 09:36:29 dectech-6af36c bluetoothd[1529]: Starting SDP server
May 06 09:36:29 dectech-6af36c systemd[1]: Started Bluetooth service.
May 06 09:36:29 dectech-6af36c systemd[1]: Reached target Bluetooth Support.
May 06 09:36:29 dectech-6af36c systemd[1]: Reached target Host and Network Name Lookups.
May 06 09:36:29 dectech-6af36c systemd[1]: Reached target User and Group Name Lookups.
May 06 09:36:29 dectech-6af36c hm-activate-zozano[1532]: Starting Home Manager activation
May 06 09:36:29 dectech-6af36c acpid[1527]: starting up with netlink and the input layer
May 06 09:36:29 dectech-6af36c acpid[1527]: 3 rules loaded
May 06 09:36:29 dectech-6af36c acpid[1527]: waiting for events: event logging is off
May 06 09:36:29 dectech-6af36c avahi-daemon[1528]: Found user 'avahi' (UID 994) and group 'avahi' (GID 991).
May 06 09:36:29 dectech-6af36c systemd[1]: Starting User Login Management...
May 06 09:36:29 dectech-6af36c avahi-daemon[1528]: Successfully dropped root privileges.
May 06 09:36:29 dectech-6af36c systemd[1]: Started Avahi mDNS/DNS-SD Stack.
May 06 09:36:29 dectech-6af36c avahi-daemon[1528]: avahi-daemon 0.8 starting up.
May 06 09:36:29 dectech-6af36c systemd[1]: Started Network Manager Script Dispatcher Service.
May 06 09:36:29 dectech-6af36c avahi-daemon[1528]: No service file found in /etc/avahi/services.
May 06 09:36:29 dectech-6af36c avahi-daemon[1528]: Joining mDNS multicast group on interface lo.IPv6 with address ::1.
May 06 09:36:29 dectech-6af36c avahi-daemon[1528]: New relevant interface lo.IPv6 for mDNS.
May 06 09:36:29 dectech-6af36c avahi-daemon[1528]: Joining mDNS multicast group on interface lo.IPv4 with address 127.0.0.1.
May 06 09:36:29 dectech-6af36c avahi-daemon[1528]: New relevant interface lo.IPv4 for mDNS.
May 06 09:36:29 dectech-6af36c avahi-daemon[1528]: Network interface enumeration completed.
May 06 09:36:29 dectech-6af36c avahi-daemon[1528]: Registering new address record for ::1 on lo.*.
May 06 09:36:29 dectech-6af36c avahi-daemon[1528]: Registering new address record for 127.0.0.1 on lo.IPv4.
May 06 09:36:29 dectech-6af36c systemd-timesyncd[1078]: Network configuration changed, trying to establish connection.
May 06 09:36:29 dectech-6af36c systemd[1]: Stopped target Host and Network Name Lookups.
May 06 09:36:29 dectech-6af36c systemd[1]: Stopping Host and Network Name Lookups...
May 06 09:36:29 dectech-6af36c systemd[1]: Stopped target User and Group Name Lookups.
May 06 09:36:29 dectech-6af36c systemd[1]: Stopping User and Group Name Lookups...
May 06 09:36:29 dectech-6af36c systemd[1]: Stopping Name Service Cache Daemon (nsncd)...
May 06 09:36:29 dectech-6af36c systemd[1]: nscd.service: Deactivated successfully.
May 06 09:36:29 dectech-6af36c systemd[1]: Stopped Name Service Cache Daemon (nsncd).
May 06 09:36:29 dectech-6af36c avahi-daemon[1528]: Got SIGHUP, reloading.
May 06 09:36:29 dectech-6af36c avahi-daemon[1528]: No service file found in /etc/avahi/services.
May 06 09:36:29 dectech-6af36c systemd[1]: Starting Name Service Cache Daemon (nsncd)...
May 06 09:36:29 dectech-6af36c nsncd[1622]: May 05 23:36:29.591 INFO started, config: Config { ignored_request_types: {}, worker_count: 8, handoff_timeout: 10s }, path: "/var/run/nscd/socket"
May 06 09:36:29 dectech-6af36c systemd[1]: Started Name Service Cache Daemon (nsncd).
May 06 09:36:29 dectech-6af36c systemd[1]: Reached target Host and Network Name Lookups.
May 06 09:36:29 dectech-6af36c systemd[1]: Reached target User and Group Name Lookups.
May 06 09:36:29 dectech-6af36c systemd[1]: Finished resolvconf update.
May 06 09:36:29 dectech-6af36c systemd[1]: Reached target Preparation for Network.
May 06 09:36:29 dectech-6af36c systemd[1]: Starting Network Manager...
May 06 09:36:29 dectech-6af36c systemd[1]: Starting Networking Setup...
May 06 09:36:29 dectech-6af36c systemd-logind[1567]: Watching system buttons on /dev/input/event4 (Logitech G703 LS)
May 06 09:36:29 dectech-6af36c flatpak-repo-start[1534]: error: Can't load uri https://flathub.org/repo/flathub.flatpakrepo: While fetching https://flathub.org/repo/flathub.flatpakrepo: [6] Could not resolve hostname
May 06 09:36:29 dectech-6af36c systemd-logind[1567]: Watching system buttons on /dev/input/event0 (RDR Rainy 75)
May 06 09:36:29 dectech-6af36c systemd-logind[1567]: Watching system buttons on /dev/input/event1 (RDR Rainy 75 Keyboard)
May 06 09:36:29 dectech-6af36c systemd[1]: Started WPA Supplicant instance.
May 06 09:36:29 dectech-6af36c systemd-logind[1567]: Watching system buttons on /dev/input/event6 (Power Button)
May 06 09:36:29 dectech-6af36c systemd-logind[1567]: Watching system buttons on /dev/input/event5 (Power Button)
May 06 09:36:29 dectech-6af36c systemd-timesyncd[1078]: Network configuration changed, trying to establish connection.
May 06 09:36:29 dectech-6af36c systemd-logind[1567]: New seat seat0.
May 06 09:36:29 dectech-6af36c systemd[1]: flatpak-repo.service: Main process exited, code=exited, status=1/FAILURE
May 06 09:36:29 dectech-6af36c systemd[1]: flatpak-repo.service: Failed with result 'exit-code'.
May 06 09:36:29 dectech-6af36c systemd[1]: flatpak-repo.service: Consumed 32ms CPU time over 91ms wall clock time, 22.8M memory peak, 17.9M read from disk.
May 06 09:36:29 dectech-6af36c systemd[1]: Started User Login Management.
May 06 09:36:29 dectech-6af36c systemd[1]: Starting linger-users.service...
May 06 09:36:29 dectech-6af36c systemd-timesyncd[1078]: Network configuration changed, trying to establish connection.
May 06 09:36:29 dectech-6af36c systemd[1]: linger-users.service: Deactivated successfully.
May 06 09:36:29 dectech-6af36c systemd[1]: Finished linger-users.service.
May 06 09:36:29 dectech-6af36c systemd[1]: Finished Networking Setup.
May 06 09:36:29 dectech-6af36c systemd[1]: Starting Hostname Service...
May 06 09:36:29 dectech-6af36c systemd[1]: Started Nix Daemon.
May 06 09:36:29 dectech-6af36c wpa_supplicant[1676]: Successfully initialized wpa_supplicant
May 06 09:36:29 dectech-6af36c nix-daemon[1756]: accepted connection from pid 1568, user zozano
May 06 09:36:29 dectech-6af36c systemd[1]: Started Hostname Service.
May 06 09:36:29 dectech-6af36c kernel: Generic FE-GE Realtek PHY r8169-0-a00:00: attached PHY driver (mii_bus:phy_addr=r8169-0-a00:00, irq=MAC)
May 06 09:36:29 dectech-6af36c nix-daemon[1756]: accepted connection from pid 1786, user zozano
May 06 09:36:29 dectech-6af36c hm-activate-zozano[1532]: Activating checkFilesChanged
May 06 09:36:29 dectech-6af36c hm-activate-zozano[1532]: Activating checkLinkTargets
May 06 09:36:29 dectech-6af36c hm-activate-zozano[1809]: Existing file '/home/zozano/.config/Kvantum/Base16Kvantum/Base16Kvantum.kvconfig' is in the way of '/nix/store/jimzm69qvrbmwx4mcyyabsf2z9aib0vv-home-manager-files/.config/Kvantum/Base16Kvantum/Base16Kvantum.kvconfig', will be skipped since they are the same
May 06 09:36:29 dectech-6af36c hm-activate-zozano[1809]: Existing file '/home/zozano/.config/Kvantum/Base16Kvantum/Base16Kvantum.svg' is in the way of '/nix/store/jimzm69qvrbmwx4mcyyabsf2z9aib0vv-home-manager-files/.config/Kvantum/Base16Kvantum/Base16Kvantum.svg', will be skipped since they are the same
May 06 09:36:29 dectech-6af36c kernel: Bluetooth: BNEP (Ethernet Emulation) ver 1.3
May 06 09:36:29 dectech-6af36c kernel: Bluetooth: BNEP socket layer initialized
May 06 09:36:29 dectech-6af36c kernel: nvidia-gpu 0000:01:00.3: i2c timeout error e0000000
May 06 09:36:29 dectech-6af36c kernel: ucsi_ccg 3-0008: i2c_transfer failed -110
May 06 09:36:29 dectech-6af36c kernel: ucsi_ccg 3-0008: ucsi_ccg_init failed - -110
May 06 09:36:29 dectech-6af36c kernel: ucsi_ccg 3-0008: probe with driver ucsi_ccg failed with error -110
May 06 09:36:29 dectech-6af36c kernel: r8169 0000:0a:00.0 enp10s0: Link is Down
May 06 09:36:29 dectech-6af36c systemd[1]: Started Network Manager.
May 06 09:36:29 dectech-6af36c systemd[1]: Reached target Network.
May 06 09:36:29 dectech-6af36c systemd[1]: Starting Network Manager Wait Online...
May 06 09:36:29 dectech-6af36c bluetoothd[1529]: Bluetooth management interface 1.23 initialized
May 06 09:36:29 dectech-6af36c systemd[1]: Started CoolerControl Daemon.
May 06 09:36:29 dectech-6af36c kernel: nvidia-nvlink: Nvlink Core is being initialized, major device number 237
May 06 09:36:29 dectech-6af36c systemd[1]: Starting monero daemon...
May 06 09:36:29 dectech-6af36c systemd[1]: Started OpenRGB SDK Server.
May 06 09:36:29 dectech-6af36c kernel: 
May 06 09:36:29 dectech-6af36c kernel: nvidia 0000:01:00.0: vgaarb: VGA decodes changed: olddecodes=io+mem,decodes=none:owns=none
May 06 09:36:29 dectech-6af36c systemd[1]: Started prometheus-node-exporter.service.
May 06 09:36:29 dectech-6af36c systemd[1]: Starting SSH Daemon...
May 06 09:36:29 dectech-6af36c systemd[1]: Started Syncthing service.
May 06 09:36:29 dectech-6af36c systemd-timesyncd[1078]: Network configuration changed, trying to establish connection.
May 06 09:36:29 dectech-6af36c systemd-timesyncd[1078]: Network configuration changed, trying to establish connection.
May 06 09:36:29 dectech-6af36c sshd[1899]: Server listening on 0.0.0.0 port 22.
May 06 09:36:29 dectech-6af36c sshd[1899]: Server listening on :: port 22.
May 06 09:36:29 dectech-6af36c systemd[1]: Started SSH Daemon.
May 06 09:36:29 dectech-6af36c systemd[1]: Started monero daemon.
May 06 09:36:29 dectech-6af36c .coolercontrold-wrapped[1886]: System Info:
May 06 09:36:29 dectech-6af36c .coolercontrold-wrapped[1886]:   ------------------------------------------------------------
May 06 09:36:29 dectech-6af36c .coolercontrold-wrapped[1886]:   CoolerControlD       4.1.0
May 06 09:36:29 dectech-6af36c .coolercontrold-wrapped[1886]:   Name                 NixOS
May 06 09:36:29 dectech-6af36c .coolercontrold-wrapped[1886]:   OS                   Linux (NixOS 26.05)
May 06 09:36:29 dectech-6af36c .coolercontrold-wrapped[1886]:   Host                 dectech-6af36c
May 06 09:36:29 dectech-6af36c .coolercontrold-wrapped[1886]:   Kernel               7.0.3
May 06 09:36:29 dectech-6af36c .coolercontrold-wrapped[1886]:   Arch                 x86_64
May 06 09:36:29 dectech-6af36c .coolercontrold-wrapped[1886]:   Board Manufacturer   ASUSTeK COMPUTER INC.
May 06 09:36:29 dectech-6af36c .coolercontrold-wrapped[1886]:   Board Name           PRIME B550M-A (WI-FI)
May 06 09:36:29 dectech-6af36c .coolercontrold-wrapped[1886]:   Board Version        Rev X.0x
May 06 09:36:29 dectech-6af36c .coolercontrold-wrapped[1886]:   BIOS Manufacturer    American Megatrends Inc.
May 06 09:36:29 dectech-6af36c .coolercontrold-wrapped[1886]:   BIOS Version         5.17
May 06 09:36:29 dectech-6af36c podman[1557]: 2026-05-06 09:36:29.960473027 +1000 AEST m=+0.390709860 system refresh
May 06 09:36:29 dectech-6af36c podman-network-tdarr_default-start[1557]: [
May 06 09:36:29 dectech-6af36c podman-network-tdarr_default-start[1557]:      {
May 06 09:36:29 dectech-6af36c podman-network-tdarr_default-start[1557]:           "name": "tdarr_default",
May 06 09:36:29 dectech-6af36c podman-network-tdarr_default-start[1557]:           "id": "1a13985523d9402c15ed026ad86287c114e8bc832116a1186bfac2b4530bd43f",
May 06 09:36:29 dectech-6af36c podman-network-tdarr_default-start[1557]:           "driver": "bridge",
May 06 09:36:29 dectech-6af36c podman-network-tdarr_default-start[1557]:           "network_interface": "podman1",
May 06 09:36:29 dectech-6af36c podman-network-tdarr_default-start[1557]:           "created": "2026-02-16T11:37:43.080715092+11:00",
May 06 09:36:29 dectech-6af36c podman-network-tdarr_default-start[1557]:           "subnets": [
May 06 09:36:29 dectech-6af36c podman-network-tdarr_default-start[1557]:                {
May 06 09:36:29 dectech-6af36c podman-network-tdarr_default-start[1557]:                     "subnet": "10.89.0.0/24",
May 06 09:36:29 dectech-6af36c podman-network-tdarr_default-start[1557]:                     "gateway": "10.89.0.1"
May 06 09:36:29 dectech-6af36c podman-network-tdarr_default-start[1557]:                }
May 06 09:36:29 dectech-6af36c podman-network-tdarr_default-start[1557]:           ],
May 06 09:36:29 dectech-6af36c podman-network-tdarr_default-start[1557]:           "ipv6_enabled": false,
May 06 09:36:29 dectech-6af36c podman-network-tdarr_default-start[1557]:           "internal": false,
May 06 09:36:29 dectech-6af36c podman-network-tdarr_default-start[1557]:           "dns_enabled": true,
May 06 09:36:29 dectech-6af36c podman-network-tdarr_default-start[1557]:           "ipam_options": {
May 06 09:36:29 dectech-6af36c podman-network-tdarr_default-start[1557]:                "driver": "host-local"
May 06 09:36:29 dectech-6af36c podman-network-tdarr_default-start[1557]:           },
May 06 09:36:29 dectech-6af36c podman-network-tdarr_default-start[1557]:           "containers": {}
May 06 09:36:29 dectech-6af36c podman-network-tdarr_default-start[1557]:      }
May 06 09:36:29 dectech-6af36c podman-network-tdarr_default-start[1557]: ]
May 06 09:36:29 dectech-6af36c hm-activate-zozano[1532]: Activating writeBoundary
May 06 09:36:29 dectech-6af36c hm-activate-zozano[1532]: Activating createGpgHomedir
May 06 09:36:29 dectech-6af36c kernel: NVRM: loading NVIDIA UNIX x86_64 Kernel Module  595.58.03  Tue Mar 17 19:54:55 UTC 2026
May 06 09:36:29 dectech-6af36c hm-activate-zozano[1532]: Activating installPackages
May 06 09:36:29 dectech-6af36c systemd[1]: Finished podman-network-tdarr_default.service.
May 06 09:36:29 dectech-6af36c .coolercontrold-wrapped[1886]: Configuration file check successful
May 06 09:36:29 dectech-6af36c systemd[1]: nvidia-container-toolkit-cdi-generator.service: Deactivated successfully.
May 06 09:36:29 dectech-6af36c systemd[1]: Stopped Container Device Interface (CDI) for Nvidia generator.
May 06 09:36:29 dectech-6af36c systemd[1]: Starting Container Device Interface (CDI) for Nvidia generator...
May 06 09:36:29 dectech-6af36c (udev-worker)[1159]: nvidia: Process '/nix/store/i27rhb3nr65rkrwz36bchkwmav6ggsmn-bash-5.3p9/bin/bash -c 'mknod -m 666 /dev/nvidiactl c 195 255'' failed with exit code 1.
May 06 09:36:29 dectech-6af36c (udev-worker)[1159]: nvidia: Process '/nix/store/i27rhb3nr65rkrwz36bchkwmav6ggsmn-bash-5.3p9/bin/bash -c 'for i in $(cat /proc/driver/nvidia/gpus/*/information | grep Minor | cut -d \  -f 4); do mknod -m 666 /dev/nvidia${i} c 195 ${i}; done'' failed with exit code 1.
May 06 09:36:29 dectech-6af36c hm-activate-zozano[1532]: Activating dconfSettings
May 06 09:36:29 dectech-6af36c node_exporter[1897]: time=2026-05-06T09:36:29.997+10:00 level=INFO source=node_exporter.go:217 msg="Starting node_exporter" version="(version=1.11.1, branch=unknown, revision=unknown)"
May 06 09:36:29 dectech-6af36c node_exporter[1897]: time=2026-05-06T09:36:29.997+10:00 level=INFO source=node_exporter.go:218 msg="Build context" build_context="(go=go1.26.2, platform=linux/amd64, user=nix@nixpkgs, date=unknown, tags=unknown)"
May 06 09:36:29 dectech-6af36c node_exporter[1897]: time=2026-05-06T09:36:29.998+10:00 level=INFO source=filesystem_common.go:263 msg="Parsed flag --collector.filesystem.mount-points-exclude" collector=filesystem flag=^/(dev|proc|run/credentials/.+|sys|var/lib/docker/.+|var/lib/containers/storage/.+)($|/)
May 06 09:36:29 dectech-6af36c node_exporter[1897]: time=2026-05-06T09:36:29.998+10:00 level=INFO source=filesystem_common.go:292 msg="Parsed flag --collector.filesystem.fs-types-exclude" collector=filesystem flag=^(autofs|binfmt_misc|bpf|cgroup2?|configfs|debugfs|devpts|devtmpfs|fusectl|hugetlbfs|iso9660|mqueue|nsfs|overlay|proc|procfs|pstore|rpc_pipefs|securityfs|selinuxfs|squashfs|erofs|sysfs|tracefs)$
May 06 09:36:29 dectech-6af36c node_exporter[1897]: time=2026-05-06T09:36:29.998+10:00 level=INFO source=diskstats_common.go:110 msg="Parsed flag --collector.diskstats.device-exclude" collector=diskstats flag=^(z?ram|loop|fd|(h|s|v|xv)d[a-z]|nvme\d+n\d+p)\d+$
May 06 09:36:29 dectech-6af36c node_exporter[1897]: time=2026-05-06T09:36:29.999+10:00 level=INFO source=node_exporter.go:136 msg="Enabled collectors"
May 06 09:36:29 dectech-6af36c node_exporter[1897]: time=2026-05-06T09:36:29.999+10:00 level=INFO source=node_exporter.go:142 msg=arp
May 06 09:36:29 dectech-6af36c node_exporter[1897]: time=2026-05-06T09:36:29.999+10:00 level=INFO source=node_exporter.go:142 msg=bcache
May 06 09:36:29 dectech-6af36c node_exporter[1897]: time=2026-05-06T09:36:29.999+10:00 level=INFO source=node_exporter.go:142 msg=bcachefs
May 06 09:36:29 dectech-6af36c node_exporter[1897]: time=2026-05-06T09:36:29.999+10:00 level=INFO source=node_exporter.go:142 msg=bonding
May 06 09:36:29 dectech-6af36c node_exporter[1897]: time=2026-05-06T09:36:29.999+10:00 level=INFO source=node_exporter.go:142 msg=btrfs
May 06 09:36:29 dectech-6af36c node_exporter[1897]: time=2026-05-06T09:36:29.999+10:00 level=INFO source=node_exporter.go:142 msg=conntrack
May 06 09:36:29 dectech-6af36c node_exporter[1897]: time=2026-05-06T09:36:29.999+10:00 level=INFO source=node_exporter.go:142 msg=cpu
May 06 09:36:29 dectech-6af36c node_exporter[1897]: time=2026-05-06T09:36:29.999+10:00 level=INFO source=node_exporter.go:142 msg=cpufreq
May 06 09:36:29 dectech-6af36c node_exporter[1897]: time=2026-05-06T09:36:29.999+10:00 level=INFO source=node_exporter.go:142 msg=diskstats
May 06 09:36:29 dectech-6af36c node_exporter[1897]: time=2026-05-06T09:36:29.999+10:00 level=INFO source=node_exporter.go:142 msg=dmi
May 06 09:36:29 dectech-6af36c node_exporter[1897]: time=2026-05-06T09:36:29.999+10:00 level=INFO source=node_exporter.go:142 msg=edac
May 06 09:36:29 dectech-6af36c node_exporter[1897]: time=2026-05-06T09:36:29.999+10:00 level=INFO source=node_exporter.go:142 msg=entropy
May 06 09:36:29 dectech-6af36c node_exporter[1897]: time=2026-05-06T09:36:29.999+10:00 level=INFO source=node_exporter.go:142 msg=fibrechannel
May 06 09:36:29 dectech-6af36c node_exporter[1897]: time=2026-05-06T09:36:29.999+10:00 level=INFO source=node_exporter.go:142 msg=filefd
May 06 09:36:29 dectech-6af36c node_exporter[1897]: time=2026-05-06T09:36:29.999+10:00 level=INFO source=node_exporter.go:142 msg=filesystem
May 06 09:36:29 dectech-6af36c node_exporter[1897]: time=2026-05-06T09:36:29.999+10:00 level=INFO source=node_exporter.go:142 msg=hwmon
May 06 09:36:29 dectech-6af36c node_exporter[1897]: time=2026-05-06T09:36:29.999+10:00 level=INFO source=node_exporter.go:142 msg=infiniband
May 06 09:36:29 dectech-6af36c node_exporter[1897]: time=2026-05-06T09:36:29.999+10:00 level=INFO source=node_exporter.go:142 msg=ipvs
May 06 09:36:29 dectech-6af36c node_exporter[1897]: time=2026-05-06T09:36:29.999+10:00 level=INFO source=node_exporter.go:142 msg=kernel_hung
May 06 09:36:29 dectech-6af36c node_exporter[1897]: time=2026-05-06T09:36:29.999+10:00 level=INFO source=node_exporter.go:142 msg=loadavg
May 06 09:36:29 dectech-6af36c node_exporter[1897]: time=2026-05-06T09:36:29.999+10:00 level=INFO source=node_exporter.go:142 msg=mdadm
May 06 09:36:29 dectech-6af36c node_exporter[1897]: time=2026-05-06T09:36:29.999+10:00 level=INFO source=node_exporter.go:142 msg=meminfo
May 06 09:36:29 dectech-6af36c node_exporter[1897]: time=2026-05-06T09:36:29.999+10:00 level=INFO source=node_exporter.go:142 msg=netclass
May 06 09:36:29 dectech-6af36c node_exporter[1897]: time=2026-05-06T09:36:29.999+10:00 level=INFO source=node_exporter.go:142 msg=netdev
May 06 09:36:29 dectech-6af36c node_exporter[1897]: time=2026-05-06T09:36:29.999+10:00 level=INFO source=node_exporter.go:142 msg=netstat
May 06 09:36:29 dectech-6af36c node_exporter[1897]: time=2026-05-06T09:36:29.999+10:00 level=INFO source=node_exporter.go:142 msg=nfs
May 06 09:36:29 dectech-6af36c node_exporter[1897]: time=2026-05-06T09:36:29.999+10:00 level=INFO source=node_exporter.go:142 msg=nfsd
May 06 09:36:29 dectech-6af36c node_exporter[1897]: time=2026-05-06T09:36:29.999+10:00 level=INFO source=node_exporter.go:142 msg=nvme
May 06 09:36:29 dectech-6af36c node_exporter[1897]: time=2026-05-06T09:36:29.999+10:00 level=INFO source=node_exporter.go:142 msg=os
May 06 09:36:29 dectech-6af36c node_exporter[1897]: time=2026-05-06T09:36:29.999+10:00 level=INFO source=node_exporter.go:142 msg=powersupplyclass
May 06 09:36:29 dectech-6af36c node_exporter[1897]: time=2026-05-06T09:36:29.999+10:00 level=INFO source=node_exporter.go:142 msg=pressure
May 06 09:36:29 dectech-6af36c node_exporter[1897]: time=2026-05-06T09:36:29.999+10:00 level=INFO source=node_exporter.go:142 msg=rapl
May 06 09:36:29 dectech-6af36c node_exporter[1897]: time=2026-05-06T09:36:29.999+10:00 level=INFO source=node_exporter.go:142 msg=schedstat
May 06 09:36:29 dectech-6af36c node_exporter[1897]: time=2026-05-06T09:36:29.999+10:00 level=INFO source=node_exporter.go:142 msg=selinux
May 06 09:36:29 dectech-6af36c node_exporter[1897]: time=2026-05-06T09:36:29.999+10:00 level=INFO source=node_exporter.go:142 msg=sockstat
May 06 09:36:29 dectech-6af36c node_exporter[1897]: time=2026-05-06T09:36:29.999+10:00 level=INFO source=node_exporter.go:142 msg=softnet
May 06 09:36:29 dectech-6af36c node_exporter[1897]: time=2026-05-06T09:36:29.999+10:00 level=INFO source=node_exporter.go:142 msg=stat
May 06 09:36:29 dectech-6af36c node_exporter[1897]: time=2026-05-06T09:36:29.999+10:00 level=INFO source=node_exporter.go:142 msg=tapestats
May 06 09:36:29 dectech-6af36c node_exporter[1897]: time=2026-05-06T09:36:29.999+10:00 level=INFO source=node_exporter.go:142 msg=textfile
May 06 09:36:29 dectech-6af36c node_exporter[1897]: time=2026-05-06T09:36:29.999+10:00 level=INFO source=node_exporter.go:142 msg=thermal_zone
May 06 09:36:29 dectech-6af36c node_exporter[1897]: time=2026-05-06T09:36:29.999+10:00 level=INFO source=node_exporter.go:142 msg=time
May 06 09:36:29 dectech-6af36c node_exporter[1897]: time=2026-05-06T09:36:29.999+10:00 level=INFO source=node_exporter.go:142 msg=timex
May 06 09:36:29 dectech-6af36c node_exporter[1897]: time=2026-05-06T09:36:29.999+10:00 level=INFO source=node_exporter.go:142 msg=udp_queues
May 06 09:36:29 dectech-6af36c node_exporter[1897]: time=2026-05-06T09:36:29.999+10:00 level=INFO source=node_exporter.go:142 msg=uname
May 06 09:36:29 dectech-6af36c node_exporter[1897]: time=2026-05-06T09:36:29.999+10:00 level=INFO source=node_exporter.go:142 msg=vmstat
May 06 09:36:29 dectech-6af36c node_exporter[1897]: time=2026-05-06T09:36:29.999+10:00 level=INFO source=node_exporter.go:142 msg=watchdog
May 06 09:36:29 dectech-6af36c node_exporter[1897]: time=2026-05-06T09:36:29.999+10:00 level=INFO source=node_exporter.go:142 msg=xfs
May 06 09:36:29 dectech-6af36c node_exporter[1897]: time=2026-05-06T09:36:29.999+10:00 level=INFO source=node_exporter.go:142 msg=zfs
May 06 09:36:30 dectech-6af36c node_exporter[1897]: time=2026-05-06T09:36:30.001+10:00 level=INFO source=tls_config.go:354 msg="Listening on" address=[::]:9100
May 06 09:36:30 dectech-6af36c node_exporter[1897]: time=2026-05-06T09:36:30.001+10:00 level=INFO source=tls_config.go:357 msg="TLS is disabled." http2=false address=[::]:9100
May 06 09:36:30 dectech-6af36c syncthing[1906]: 2026-05-06 09:36:30 INF syncthing v2.0.15 "Hafnium Hornet" (go1.26.2 linux-amd64) nix@nix 1980-01-01 00:00:00 UTC [noupgrade, stnoupgrade] (log.pkg=main)
May 06 09:36:30 dectech-6af36c hm-activate-zozano[1995]: dbus-daemon[1995]: [session uid=1000 pid=1995 pidfd=5] Activating service name='ca.desrt.dconf' requested by ':1.0' (uid=1000 pid=2017 comm="/nix/store/qpqhl3f18vmy1bkq2fisg0f6x64v24xs-dconf-")
May 06 09:36:30 dectech-6af36c hm-activate-zozano[1995]: dbus-daemon[1995]: [session uid=1000 pid=1995 pidfd=5] Successfully activated service 'ca.desrt.dconf'
May 06 09:36:30 dectech-6af36c hm-activate-zozano[1532]: Activating linkGeneration
May 06 09:36:30 dectech-6af36c hm-activate-zozano[1532]: Cleaning up orphan links from /home/zozano
May 06 09:36:30 dectech-6af36c syncthing[1906]: 2026-05-06 09:36:30 INF Calculated our device ID (device=ZRJNAR5-7EUXEHP-JVMQSZG-QRTRM2Y-L3SFRMQ-OCJQ7GE-FZVELKB-3AEPJAL log.pkg=syncthing)
May 06 09:36:30 dectech-6af36c syncthing[1906]: 2026-05-06 09:36:30 INF Overall rate limit in use (send="is unlimited" recv="is unlimited" log.pkg=connections)
May 06 09:36:30 dectech-6af36c syncthing[1906]: 2026-05-06 09:36:30 INF Relay listener starting (id=dynamic+https://relays.syncthing.net/endpoint log.pkg=connections)
May 06 09:36:30 dectech-6af36c syncthing[1906]: 2026-05-06 09:36:30 INF Using discovery mechanism (identity="global discovery server https://discovery-lookup.syncthing.net/v2/?noannounce" log.pkg=discover)
May 06 09:36:30 dectech-6af36c syncthing[1906]: 2026-05-06 09:36:30 INF Using discovery mechanism (identity="global discovery server https://discovery-announce-v4.syncthing.net/v2/?nolookup" log.pkg=discover)
May 06 09:36:30 dectech-6af36c syncthing[1906]: 2026-05-06 09:36:30 INF Using discovery mechanism (identity="global discovery server https://discovery-announce-v6.syncthing.net/v2/?nolookup" log.pkg=discover)
May 06 09:36:30 dectech-6af36c syncthing[1906]: 2026-05-06 09:36:30 INF Using discovery mechanism (identity="IPv4 local broadcast discovery on port 21027" log.pkg=discover)
May 06 09:36:30 dectech-6af36c syncthing[1906]: 2026-05-06 09:36:30 INF Using discovery mechanism (identity="IPv6 local multicast discovery on address [ff12::8384]:21027" log.pkg=discover)
May 06 09:36:30 dectech-6af36c syncthing[1906]: 2026-05-06 09:36:30 INF Ready to synchronize (folder.label="Syncthing Computer" folder.id=j1b1q-rmswz folder.type=sendreceive log.pkg=model)
May 06 09:36:30 dectech-6af36c syncthing[1906]: 2026-05-06 09:36:30 ERR Failed initial scan (error="folder path missing" folder.label="Syncthing Computer" folder.id=j1b1q-rmswz folder.type=sendreceive log.pkg=model)
May 06 09:36:30 dectech-6af36c syncthing[1906]: 2026-05-06 09:36:30 WRN Error on folder (error="folder path missing" folder.label="Syncthing Computer" folder.id=j1b1q-rmswz folder.type=sendreceive log.pkg=model)
May 06 09:36:30 dectech-6af36c syncthing[1906]: 2026-05-06 09:36:30 WRN Folder is in error state (folder=j1b1q-rmswz error="folder path missing" log.pkg=model)
May 06 09:36:30 dectech-6af36c syncthing[1906]: 2026-05-06 09:36:30 INF Ready to synchronize (folder.label=Syncthing folder.id=my87j-bcag5 folder.type=sendreceive log.pkg=model)
May 06 09:36:30 dectech-6af36c syncthing[1906]: 2026-05-06 09:36:30 ERR Failed initial scan (error="folder path missing" folder.label=Syncthing folder.id=my87j-bcag5 folder.type=sendreceive log.pkg=model)
May 06 09:36:30 dectech-6af36c syncthing[1906]: 2026-05-06 09:36:30 WRN Error on folder (error="folder path missing" folder.label=Syncthing folder.id=my87j-bcag5 folder.type=sendreceive log.pkg=model)
May 06 09:36:30 dectech-6af36c syncthing[1906]: 2026-05-06 09:36:30 WRN Folder is in error state (folder=my87j-bcag5 error="folder path missing" log.pkg=model)
May 06 09:36:30 dectech-6af36c syncthing[1906]: 2026-05-06 09:36:30 INF TCP listener starting (address="[::]:22000" log.pkg=connections)
May 06 09:36:30 dectech-6af36c syncthing[1906]: 2026-05-06 09:36:30 INF Detected NAT services (count=0 log.pkg=nat)
May 06 09:36:30 dectech-6af36c syncthing[1906]: 2026-05-06 09:36:30 INF QUIC listener starting (address="[::]:22000" log.pkg=connections)
May 06 09:36:30 dectech-6af36c syncthing[1906]: 2026-05-06 09:36:30 INF Relay listener shutting down (id=dynamic+https://relays.syncthing.net/endpoint log.pkg=connections)
May 06 09:36:30 dectech-6af36c syncthing[1906]: 2026-05-06 09:36:30 WRN Service failed (error="Get \"https://relays.syncthing.net/endpoint\": dial tcp: lookup relays.syncthing.net: no such host" supervisor=listenerSupervisor@dynamic+https://relays.syncthing.net/endpoint service=dynamic+https://relays.syncthing.net/endpoint log.pkg=connections)
May 06 09:36:30 dectech-6af36c syncthing[1906]: 2026-05-06 09:36:30 INF Relay listener starting (id=dynamic+https://relays.syncthing.net/endpoint log.pkg=connections)
May 06 09:36:30 dectech-6af36c hm-activate-zozano[1532]: Creating home file links in /home/zozano
May 06 09:36:30 dectech-6af36c syncthing[1906]: 2026-05-06 09:36:30 INF GUI and API listening (address=127.0.0.1:8384 log.pkg=api)
May 06 09:36:30 dectech-6af36c syncthing[1906]: 2026-05-06 09:36:30 INF Access the GUI via the following URL: http://127.0.0.1:8384/ (log.pkg=api)
May 06 09:36:30 dectech-6af36c syncthing[1906]: 2026-05-06 09:36:30 INF Relay listener shutting down (id=dynamic+https://relays.syncthing.net/endpoint log.pkg=connections)
May 06 09:36:30 dectech-6af36c syncthing[1906]: 2026-05-06 09:36:30 INF Loaded configuration (name=z-nixos log.pkg=syncthing)
May 06 09:36:30 dectech-6af36c syncthing[1906]: 2026-05-06 09:36:30 INF Loaded peer device configuration (device=AMHMZS6 name="Pixel 8a" address="[dynamic]" log.pkg=syncthing)
May 06 09:36:30 dectech-6af36c syncthing[1906]: 2026-05-06 09:36:30 WRN Service failed (error="Get \"https://relays.syncthing.net/endpoint\": dial tcp: lookup relays.syncthing.net: no such host" supervisor=listenerSupervisor@dynamic+https://relays.syncthing.net/endpoint service=dynamic+https://relays.syncthing.net/endpoint log.pkg=connections)
May 06 09:36:30 dectech-6af36c syncthing[1906]: 2026-05-06 09:36:30 INF Loaded peer device configuration (device=FRNTAE6 name="OnePlus 7 Pro" address="[dynamic]" log.pkg=syncthing)
May 06 09:36:30 dectech-6af36c syncthing[1906]: 2026-05-06 09:36:30 INF Relay listener starting (id=dynamic+https://relays.syncthing.net/endpoint log.pkg=connections)
May 06 09:36:30 dectech-6af36c syncthing[1906]: 2026-05-06 09:36:30 INF Relay listener shutting down (id=dynamic+https://relays.syncthing.net/endpoint log.pkg=connections)
May 06 09:36:30 dectech-6af36c syncthing[1906]: 2026-05-06 09:36:30 WRN Service failed (error="Get \"https://relays.syncthing.net/endpoint\": dial tcp: lookup relays.syncthing.net: no such host" supervisor=listenerSupervisor@dynamic+https://relays.syncthing.net/endpoint service=dynamic+https://relays.syncthing.net/endpoint log.pkg=connections)
May 06 09:36:30 dectech-6af36c kernel: nvidia_uvm: module uses symbols nvUvmInterfaceDisableAccessCntr from proprietary module nvidia, inheriting taint.
May 06 09:36:30 dectech-6af36c avahi-daemon[1528]: Server startup complete. Host name is dectech-6af36c.local. Local service cookie is 2660151824.
May 06 09:36:30 dectech-6af36c hm-activate-zozano[1532]: Activating onFilesChange
May 06 09:36:30 dectech-6af36c hm-activate-zozano[1532]: Activating reloadSystemd
May 06 09:36:30 dectech-6af36c hm-activate-zozano[1532]: User systemd daemon not running. Skipping reload.
May 06 09:36:30 dectech-6af36c hm-activate-zozano[1532]: Activating stylixLookAndFeel
May 06 09:36:30 dectech-6af36c kernel: nvidia-modeset: Loading NVIDIA Kernel Mode Setting Driver for UNIX platforms  595.58.03  Tue Mar 17 19:37:50 UTC 2026
May 06 09:36:30 dectech-6af36c nix-daemon[1756]: accepted connection from pid 2348, user zozano
May 06 09:36:30 dectech-6af36c systemd[1]: Finished Home Manager environment for zozano.
May 06 09:36:30 dectech-6af36c systemd[1]: Starting Permit User Sessions...
May 06 09:36:30 dectech-6af36c systemd[1]: Finished Permit User Sessions.
May 06 09:36:30 dectech-6af36c systemd[1]: Started Display Manager.
May 06 09:36:30 dectech-6af36c kernel: [drm] [nvidia-drm] [GPU ID 0x00000100] Loading driver
May 06 09:36:30 dectech-6af36c sddm[2370]: Initializing...
May 06 09:36:30 dectech-6af36c sddm[2370]: Starting...
May 06 09:36:30 dectech-6af36c sddm[2370]: Logind interface found
May 06 09:36:30 dectech-6af36c syncthing[1906]: 2026-05-06 09:36:30 INF Measured hashing performance (perf="1896.31 MB/s" log.pkg=syncthing)
May 06 09:36:31 dectech-6af36c kernel: [drm] Initialized nvidia-drm 0.0.0 for 0000:01:00.0 on minor 1
May 06 09:36:31 dectech-6af36c sddm[2370]: Adding new display...
May 06 09:36:31 dectech-6af36c sddm[2370]: Loaded empty theme configuration
May 06 09:36:31 dectech-6af36c sddm[2370]: Using VT 1
May 06 09:36:31 dectech-6af36c sddm[2370]: Display server started.
May 06 09:36:31 dectech-6af36c sddm[2370]: Reading from "/nix/store/pj56asmz4iq0azy03wgd365wbcmsv0l1-desktops/share/wayland-sessions/hyprland.desktop"
May 06 09:36:31 dectech-6af36c sddm[2370]: Session "/nix/store/pj56asmz4iq0azy03wgd365wbcmsv0l1-desktops/share/wayland-sessions/hyprland.desktop" selected, command: "/nix/store/x495w0ryq82j627djnkah03lzcpsf7j3-hyprland-0.54.3/bin/start-hyprland" for VT 1
May 06 09:36:31 dectech-6af36c kernel: Console: switching to colour dummy device 80x25
May 06 09:36:31 dectech-6af36c kernel: nvidia 0000:01:00.0: vgaarb: deactivate vga console
May 06 09:36:31 dectech-6af36c sddm-helper[2391]: [PAM] Starting...
May 06 09:36:31 dectech-6af36c sddm-helper[2391]: [PAM] Authenticating...
May 06 09:36:31 dectech-6af36c sddm-helper[2391]: [PAM] returning.
May 06 09:36:31 dectech-6af36c sddm[2370]: Authentication for user  "zozano"  successful
May 06 09:36:31 dectech-6af36c sddm-helper[2391]: pam_unix(sddm-autologin:session): session opened for user zozano(uid=1000) by (uid=0)
May 06 09:36:31 dectech-6af36c systemd-timesyncd[1078]: Network configuration changed, trying to establish connection.
May 06 09:36:31 dectech-6af36c systemd-logind[1567]: New session '1' of user 'zozano' with class 'user' and type 'wayland'.
May 06 09:36:31 dectech-6af36c systemd[1]: Created slice Slice /user/1000.
May 06 09:36:31 dectech-6af36c systemd[1]: Starting User Runtime Directory /run/user/1000...
May 06 09:36:31 dectech-6af36c kernel: fbcon: nvidia-drmdrmfb (fb0) is primary device
May 06 09:36:31 dectech-6af36c kernel: Console: switching to colour frame buffer device 160x45
May 06 09:36:31 dectech-6af36c kernel: nvidia 0000:01:00.0: [drm] fb0: nvidia-drmdrmfb frame buffer device
May 06 09:36:31 dectech-6af36c systemd-logind[1567]: Watching system buttons on /dev/input/event4 (Logitech G703 LS)
May 06 09:36:31 dectech-6af36c systemd[1]: Finished User Runtime Directory /run/user/1000.
May 06 09:36:31 dectech-6af36c systemd[1]: Starting User Manager for UID 1000...
May 06 09:36:31 dectech-6af36c (systemd)[2449]: pam_unix(systemd-user:session): session opened for user zozano(uid=1000) by (uid=0)
May 06 09:36:31 dectech-6af36c systemd-logind[1567]: New session '2' of user 'zozano' with class 'manager' and type 'unspecified'.
May 06 09:36:31 dectech-6af36c systemd-xdg-autostart-generator[2483]: Exec binary '/nix/store/wwk1jhmcrm18276qyn1cx55g7df7dnb0-openrgb-0.9/bin/.openrgb-wrapped' does not exist: No such file or directory
May 06 09:36:31 dectech-6af36c systemd-xdg-autostart-generator[2483]: /home/zozano/.config/autostart/OpenRGB.desktop: not generating unit, executable specified in Exec= does not exist.
May 06 09:36:31 dectech-6af36c nvidia-cdi-generator[2460]: time="2026-05-06T09:36:31+10:00" level=info msg="Using /nix/store/y08i3a5psi5rywn983s2pd5jv7zsqkdz-nvidia-x11-595.58.03/lib/libnvidia-ml.so.595.58.03"
May 06 09:36:31 dectech-6af36c nvidia-cdi-generator[2460]: time="2026-05-06T09:36:31+10:00" level=info msg="Using /nix/store/y08i3a5psi5rywn983s2pd5jv7zsqkdz-nvidia-x11-595.58.03/lib/libnvidia-sandboxutils.so.595.58.03"
May 06 09:36:31 dectech-6af36c nvidia-cdi-generator[2460]: ERROR: driverInitFileInfo 578 result=11ERROR: init 664 result=11ERROR: init 250 result=11time="2026-05-06T09:36:31+10:00" level=warning msg="Failed to init nvsandboxutils: unknown return value: 11; ignoring"
May 06 09:36:31 dectech-6af36c nvidia-cdi-generator[2460]: time="2026-05-06T09:36:31+10:00" level=info msg="Auto-detected mode as 'nvml'"
May 06 09:36:31 dectech-6af36c nvidia-cdi-generator[2460]: time="2026-05-06T09:36:31+10:00" level=info msg="Selecting /dev/nvidia0 as /dev/nvidia0"
May 06 09:36:31 dectech-6af36c nvidia-cdi-generator[2460]: time="2026-05-06T09:36:31+10:00" level=info msg="Selecting /dev/dri/card1 as /dev/dri/card1"
May 06 09:36:31 dectech-6af36c nvidia-cdi-generator[2460]: time="2026-05-06T09:36:31+10:00" level=warning msg="Could not locate /dev/dri/controlD65: pattern /dev/dri/controlD65 not found"
May 06 09:36:31 dectech-6af36c nvidia-cdi-generator[2460]: time="2026-05-06T09:36:31+10:00" level=info msg="Selecting /dev/dri/renderD128 as /dev/dri/renderD128"
May 06 09:36:31 dectech-6af36c nvidia-cdi-generator[2460]: time="2026-05-06T09:36:31+10:00" level=info msg="Selecting /dev/nvidia0 as /dev/nvidia0"
May 06 09:36:31 dectech-6af36c nvidia-cdi-generator[2460]: time="2026-05-06T09:36:31+10:00" level=info msg="Selecting /dev/dri/card1 as /dev/dri/card1"
May 06 09:36:31 dectech-6af36c nvidia-cdi-generator[2460]: time="2026-05-06T09:36:31+10:00" level=warning msg="Could not locate /dev/dri/controlD65: pattern /dev/dri/controlD65 not found"
May 06 09:36:31 dectech-6af36c nvidia-cdi-generator[2460]: time="2026-05-06T09:36:31+10:00" level=info msg="Selecting /dev/dri/renderD128 as /dev/dri/renderD128"
May 06 09:36:31 dectech-6af36c nvidia-cdi-generator[2460]: time="2026-05-06T09:36:31+10:00" level=info msg="Using driver version 595.58.03"
May 06 09:36:31 dectech-6af36c nvidia-cdi-generator[2460]: time="2026-05-06T09:36:31+10:00" level=info msg="Selecting /dev/nvidia-modeset as /dev/nvidia-modeset"
May 06 09:36:31 dectech-6af36c nvidia-cdi-generator[2460]: time="2026-05-06T09:36:31+10:00" level=info msg="Selecting /dev/nvidia-uvm-tools as /dev/nvidia-uvm-tools"
May 06 09:36:31 dectech-6af36c nvidia-cdi-generator[2460]: time="2026-05-06T09:36:31+10:00" level=info msg="Selecting /dev/nvidia-uvm as /dev/nvidia-uvm"
May 06 09:36:31 dectech-6af36c nvidia-cdi-generator[2460]: time="2026-05-06T09:36:31+10:00" level=info msg="Selecting /dev/nvidiactl as /dev/nvidiactl"
May 06 09:36:31 dectech-6af36c nvidia-cdi-generator[2460]: time="2026-05-06T09:36:31+10:00" level=warning msg="Could not locate libnvidia-egl-gbm.so.*.*: pattern libnvidia-egl-gbm.so.*.* not found"
May 06 09:36:31 dectech-6af36c nvidia-cdi-generator[2460]: time="2026-05-06T09:36:31+10:00" level=warning msg="Could not locate libnvidia-egl-wayland.so.*.*: pattern libnvidia-egl-wayland.so.*.* not found"
May 06 09:36:31 dectech-6af36c nvidia-cdi-generator[2460]: time="2026-05-06T09:36:31+10:00" level=info msg="Selecting /nix/store/y08i3a5psi5rywn983s2pd5jv7zsqkdz-nvidia-x11-595.58.03/lib/libnvidia-allocator.so.595.58.03 as /nix/store/y08i3a5psi5rywn983s2pd5jv7zsqkdz-nvidia-x11-595.58.03/lib/libnvidia-allocator.so.595.58.03"
May 06 09:36:31 dectech-6af36c nvidia-cdi-generator[2460]: time="2026-05-06T09:36:31+10:00" level=warning msg="Could not locate libnvidia-vulkan-producer.so.595.58.03: pattern libnvidia-vulkan-producer.so.595.58.03 not found"
May 06 09:36:31 dectech-6af36c nvidia-cdi-generator[2460]: time="2026-05-06T09:36:31+10:00" level=warning msg="Could not locate nvidia_drv.so: pattern nvidia_drv.so not found"
May 06 09:36:31 dectech-6af36c nvidia-cdi-generator[2460]: time="2026-05-06T09:36:31+10:00" level=warning msg="Could not locate libglxserver_nvidia.so.595.58.03: pattern libglxserver_nvidia.so.595.58.03 not found"
May 06 09:36:31 dectech-6af36c nvidia-cdi-generator[2460]: time="2026-05-06T09:36:31+10:00" level=warning msg="Could not locate glvnd/egl_vendor.d/10_nvidia.json: pattern glvnd/egl_vendor.d/10_nvidia.json not found"
May 06 09:36:31 dectech-6af36c nvidia-cdi-generator[2460]: time="2026-05-06T09:36:31+10:00" level=info msg="Selecting /etc/egl/egl_external_platform.d/15_nvidia_gbm.json as /etc/egl/egl_external_platform.d/15_nvidia_gbm.json"
May 06 09:36:31 dectech-6af36c nvidia-cdi-generator[2460]: time="2026-05-06T09:36:31+10:00" level=info msg="Selecting /etc/egl/egl_external_platform.d/10_nvidia_wayland.json as /etc/egl/egl_external_platform.d/10_nvidia_wayland.json"
May 06 09:36:31 dectech-6af36c nvidia-cdi-generator[2460]: time="2026-05-06T09:36:31+10:00" level=warning msg="Could not locate nvidia/nvoptix.bin: pattern nvidia/nvoptix.bin not found"
May 06 09:36:31 dectech-6af36c nvidia-cdi-generator[2460]: time="2026-05-06T09:36:31+10:00" level=warning msg="Could not locate X11/xorg.conf.d/10-nvidia.conf: pattern X11/xorg.conf.d/10-nvidia.conf not found"
May 06 09:36:31 dectech-6af36c nvidia-cdi-generator[2460]: time="2026-05-06T09:36:31+10:00" level=warning msg="Could not locate X11/xorg.conf.d/nvidia-drm-outputclass.conf: pattern X11/xorg.conf.d/nvidia-drm-outputclass.conf not found"
May 06 09:36:31 dectech-6af36c nvidia-cdi-generator[2460]: time="2026-05-06T09:36:31+10:00" level=warning msg="Could not locate vulkan/icd.d/nvidia_icd.json: pattern vulkan/icd.d/nvidia_icd.json not found\npattern vulkan/icd.d/nvidia_icd.json not found"
May 06 09:36:31 dectech-6af36c nvidia-cdi-generator[2460]: time="2026-05-06T09:36:31+10:00" level=warning msg="Could not locate vulkan/icd.d/nvidia_layers.json: pattern vulkan/icd.d/nvidia_layers.json not found\npattern vulkan/icd.d/nvidia_layers.json not found"
May 06 09:36:31 dectech-6af36c nvidia-cdi-generator[2460]: time="2026-05-06T09:36:31+10:00" level=warning msg="Could not locate vulkan/implicit_layer.d/nvidia_layers.json: pattern vulkan/implicit_layer.d/nvidia_layers.json not found\npattern vulkan/implicit_layer.d/nvidia_layers.json not found"
May 06 09:36:31 dectech-6af36c nvidia-cdi-generator[2460]: time="2026-05-06T09:36:31+10:00" level=warning msg="Could not locate vulkan/icd.d/nvidia_icd.x86_64.json: pattern vulkan/icd.d/nvidia_icd.x86_64.json not found\npattern vulkan/icd.d/nvidia_icd.x86_64.json not found"
May 06 09:36:31 dectech-6af36c nvidia-cdi-generator[2460]: time="2026-05-06T09:36:31+10:00" level=info msg="Selecting /nix/store/y08i3a5psi5rywn983s2pd5jv7zsqkdz-nvidia-x11-595.58.03/lib/libEGL_nvidia.so.595.58.03 as /nix/store/y08i3a5psi5rywn983s2pd5jv7zsqkdz-nvidia-x11-595.58.03/lib/libEGL_nvidia.so.595.58.03"
May 06 09:36:31 dectech-6af36c nvidia-cdi-generator[2460]: time="2026-05-06T09:36:31+10:00" level=info msg="Selecting /nix/store/y08i3a5psi5rywn983s2pd5jv7zsqkdz-nvidia-x11-595.58.03/lib/libGLESv1_CM_nvidia.so.595.58.03 as /nix/store/y08i3a5psi5rywn983s2pd5jv7zsqkdz-nvidia-x11-595.58.03/lib/libGLESv1_CM_nvidia.so.595.58.03"
May 06 09:36:31 dectech-6af36c nvidia-cdi-generator[2460]: time="2026-05-06T09:36:31+10:00" level=info msg="Selecting /nix/store/y08i3a5psi5rywn983s2pd5jv7zsqkdz-nvidia-x11-595.58.03/lib/libGLESv2_nvidia.so.595.58.03 as /nix/store/y08i3a5psi5rywn983s2pd5jv7zsqkdz-nvidia-x11-595.58.03/lib/libGLESv2_nvidia.so.595.58.03"
May 06 09:36:31 dectech-6af36c nvidia-cdi-generator[2460]: time="2026-05-06T09:36:31+10:00" level=info msg="Selecting /nix/store/y08i3a5psi5rywn983s2pd5jv7zsqkdz-nvidia-x11-595.58.03/lib/libGLX_nvidia.so.595.58.03 as /nix/store/y08i3a5psi5rywn983s2pd5jv7zsqkdz-nvidia-x11-595.58.03/lib/libGLX_nvidia.so.595.58.03"
May 06 09:36:31 dectech-6af36c nvidia-cdi-generator[2460]: time="2026-05-06T09:36:31+10:00" level=info msg="Selecting /nix/store/y08i3a5psi5rywn983s2pd5jv7zsqkdz-nvidia-x11-595.58.03/lib/libcuda.so.595.58.03 as /nix/store/y08i3a5psi5rywn983s2pd5jv7zsqkdz-nvidia-x11-595.58.03/lib/libcuda.so.595.58.03"
May 06 09:36:31 dectech-6af36c nvidia-cdi-generator[2460]: time="2026-05-06T09:36:31+10:00" level=info msg="Selecting /nix/store/y08i3a5psi5rywn983s2pd5jv7zsqkdz-nvidia-x11-595.58.03/lib/libcudadebugger.so.595.58.03 as /nix/store/y08i3a5psi5rywn983s2pd5jv7zsqkdz-nvidia-x11-595.58.03/lib/libcudadebugger.so.595.58.03"
May 06 09:36:31 dectech-6af36c nvidia-cdi-generator[2460]: time="2026-05-06T09:36:31+10:00" level=info msg="Selecting /nix/store/y08i3a5psi5rywn983s2pd5jv7zsqkdz-nvidia-x11-595.58.03/lib/libglxserver_nvidia.so.595.58.03 as /nix/store/y08i3a5psi5rywn983s2pd5jv7zsqkdz-nvidia-x11-595.58.03/lib/libglxserver_nvidia.so.595.58.03"
May 06 09:36:31 dectech-6af36c nvidia-cdi-generator[2460]: time="2026-05-06T09:36:31+10:00" level=info msg="Selecting /nix/store/y08i3a5psi5rywn983s2pd5jv7zsqkdz-nvidia-x11-595.58.03/lib/libnvcuvid.so.595.58.03 as /nix/store/y08i3a5psi5rywn983s2pd5jv7zsqkdz-nvidia-x11-595.58.03/lib/libnvcuvid.so.595.58.03"
May 06 09:36:31 dectech-6af36c nvidia-cdi-generator[2460]: time="2026-05-06T09:36:31+10:00" level=info msg="Selecting /nix/store/y08i3a5psi5rywn983s2pd5jv7zsqkdz-nvidia-x11-595.58.03/lib/libnvidia-allocator.so.595.58.03 as /nix/store/y08i3a5psi5rywn983s2pd5jv7zsqkdz-nvidia-x11-595.58.03/lib/libnvidia-allocator.so.595.58.03"
May 06 09:36:31 dectech-6af36c nvidia-cdi-generator[2460]: time="2026-05-06T09:36:31+10:00" level=info msg="Selecting /nix/store/y08i3a5psi5rywn983s2pd5jv7zsqkdz-nvidia-x11-595.58.03/lib/libnvidia-cfg.so.595.58.03 as /nix/store/y08i3a5psi5rywn983s2pd5jv7zsqkdz-nvidia-x11-595.58.03/lib/libnvidia-cfg.so.595.58.03"
May 06 09:36:31 dectech-6af36c nvidia-cdi-generator[2460]: time="2026-05-06T09:36:31+10:00" level=info msg="Selecting /nix/store/y08i3a5psi5rywn983s2pd5jv7zsqkdz-nvidia-x11-595.58.03/lib/libnvidia-eglcore.so.595.58.03 as /nix/store/y08i3a5psi5rywn983s2pd5jv7zsqkdz-nvidia-x11-595.58.03/lib/libnvidia-eglcore.so.595.58.03"
May 06 09:36:31 dectech-6af36c nvidia-cdi-generator[2460]: time="2026-05-06T09:36:31+10:00" level=info msg="Selecting /nix/store/y08i3a5psi5rywn983s2pd5jv7zsqkdz-nvidia-x11-595.58.03/lib/libnvidia-encode.so.595.58.03 as /nix/store/y08i3a5psi5rywn983s2pd5jv7zsqkdz-nvidia-x11-595.58.03/lib/libnvidia-encode.so.595.58.03"
May 06 09:36:31 dectech-6af36c nvidia-cdi-generator[2460]: time="2026-05-06T09:36:31+10:00" level=info msg="Selecting /nix/store/y08i3a5psi5rywn983s2pd5jv7zsqkdz-nvidia-x11-595.58.03/lib/libnvidia-fbc.so.595.58.03 as /nix/store/y08i3a5psi5rywn983s2pd5jv7zsqkdz-nvidia-x11-595.58.03/lib/libnvidia-fbc.so.595.58.03"
May 06 09:36:31 dectech-6af36c nvidia-cdi-generator[2460]: time="2026-05-06T09:36:31+10:00" level=info msg="Selecting /nix/store/y08i3a5psi5rywn983s2pd5jv7zsqkdz-nvidia-x11-595.58.03/lib/libnvidia-glcore.so.595.58.03 as /nix/store/y08i3a5psi5rywn983s2pd5jv7zsqkdz-nvidia-x11-595.58.03/lib/libnvidia-glcore.so.595.58.03"
May 06 09:36:31 dectech-6af36c nvidia-cdi-generator[2460]: time="2026-05-06T09:36:31+10:00" level=info msg="Selecting /nix/store/y08i3a5psi5rywn983s2pd5jv7zsqkdz-nvidia-x11-595.58.03/lib/libnvidia-glsi.so.595.58.03 as /nix/store/y08i3a5psi5rywn983s2pd5jv7zsqkdz-nvidia-x11-595.58.03/lib/libnvidia-glsi.so.595.58.03"
May 06 09:36:31 dectech-6af36c nvidia-cdi-generator[2460]: time="2026-05-06T09:36:31+10:00" level=info msg="Selecting /nix/store/y08i3a5psi5rywn983s2pd5jv7zsqkdz-nvidia-x11-595.58.03/lib/libnvidia-glvkspirv.so.595.58.03 as /nix/store/y08i3a5psi5rywn983s2pd5jv7zsqkdz-nvidia-x11-595.58.03/lib/libnvidia-glvkspirv.so.595.58.03"
May 06 09:36:31 dectech-6af36c nvidia-cdi-generator[2460]: time="2026-05-06T09:36:31+10:00" level=info msg="Selecting /nix/store/y08i3a5psi5rywn983s2pd5jv7zsqkdz-nvidia-x11-595.58.03/lib/libnvidia-gpucomp.so.595.58.03 as /nix/store/y08i3a5psi5rywn983s2pd5jv7zsqkdz-nvidia-x11-595.58.03/lib/libnvidia-gpucomp.so.595.58.03"
May 06 09:36:31 dectech-6af36c nvidia-cdi-generator[2460]: time="2026-05-06T09:36:31+10:00" level=info msg="Selecting /nix/store/y08i3a5psi5rywn983s2pd5jv7zsqkdz-nvidia-x11-595.58.03/lib/libnvidia-ml.so.595.58.03 as /nix/store/y08i3a5psi5rywn983s2pd5jv7zsqkdz-nvidia-x11-595.58.03/lib/libnvidia-ml.so.595.58.03"
May 06 09:36:31 dectech-6af36c nvidia-cdi-generator[2460]: time="2026-05-06T09:36:31+10:00" level=info msg="Selecting /nix/store/y08i3a5psi5rywn983s2pd5jv7zsqkdz-nvidia-x11-595.58.03/lib/libnvidia-ngx.so.595.58.03 as /nix/store/y08i3a5psi5rywn983s2pd5jv7zsqkdz-nvidia-x11-595.58.03/lib/libnvidia-ngx.so.595.58.03"
May 06 09:36:31 dectech-6af36c nvidia-cdi-generator[2460]: time="2026-05-06T09:36:31+10:00" level=info msg="Selecting /nix/store/y08i3a5psi5rywn983s2pd5jv7zsqkdz-nvidia-x11-595.58.03/lib/libnvidia-nvvm.so.595.58.03 as /nix/store/y08i3a5psi5rywn983s2pd5jv7zsqkdz-nvidia-x11-595.58.03/lib/libnvidia-nvvm.so.595.58.03"
May 06 09:36:31 dectech-6af36c nvidia-cdi-generator[2460]: time="2026-05-06T09:36:31+10:00" level=info msg="Selecting /nix/store/y08i3a5psi5rywn983s2pd5jv7zsqkdz-nvidia-x11-595.58.03/lib/libnvidia-opencl.so.595.58.03 as /nix/store/y08i3a5psi5rywn983s2pd5jv7zsqkdz-nvidia-x11-595.58.03/lib/libnvidia-opencl.so.595.58.03"
May 06 09:36:31 dectech-6af36c nvidia-cdi-generator[2460]: time="2026-05-06T09:36:31+10:00" level=info msg="Selecting /nix/store/y08i3a5psi5rywn983s2pd5jv7zsqkdz-nvidia-x11-595.58.03/lib/libnvidia-opticalflow.so.595.58.03 as /nix/store/y08i3a5psi5rywn983s2pd5jv7zsqkdz-nvidia-x11-595.58.03/lib/libnvidia-opticalflow.so.595.58.03"
May 06 09:36:31 dectech-6af36c nvidia-cdi-generator[2460]: time="2026-05-06T09:36:31+10:00" level=info msg="Selecting /nix/store/y08i3a5psi5rywn983s2pd5jv7zsqkdz-nvidia-x11-595.58.03/lib/libnvidia-pkcs11-openssl3.so.595.58.03 as /nix/store/y08i3a5psi5rywn983s2pd5jv7zsqkdz-nvidia-x11-595.58.03/lib/libnvidia-pkcs11-openssl3.so.595.58.03"
May 06 09:36:31 dectech-6af36c nvidia-cdi-generator[2460]: time="2026-05-06T09:36:31+10:00" level=info msg="Selecting /nix/store/y08i3a5psi5rywn983s2pd5jv7zsqkdz-nvidia-x11-595.58.03/lib/libnvidia-present.so.595.58.03 as /nix/store/y08i3a5psi5rywn983s2pd5jv7zsqkdz-nvidia-x11-595.58.03/lib/libnvidia-present.so.595.58.03"
May 06 09:36:31 dectech-6af36c nvidia-cdi-generator[2460]: time="2026-05-06T09:36:31+10:00" level=info msg="Selecting /nix/store/y08i3a5psi5rywn983s2pd5jv7zsqkdz-nvidia-x11-595.58.03/lib/libnvidia-ptxjitcompiler.so.595.58.03 as /nix/store/y08i3a5psi5rywn983s2pd5jv7zsqkdz-nvidia-x11-595.58.03/lib/libnvidia-ptxjitcompiler.so.595.58.03"
May 06 09:36:31 dectech-6af36c nvidia-cdi-generator[2460]: time="2026-05-06T09:36:31+10:00" level=info msg="Selecting /nix/store/y08i3a5psi5rywn983s2pd5jv7zsqkdz-nvidia-x11-595.58.03/lib/libnvidia-rtcore.so.595.58.03 as /nix/store/y08i3a5psi5rywn983s2pd5jv7zsqkdz-nvidia-x11-595.58.03/lib/libnvidia-rtcore.so.595.58.03"
May 06 09:36:31 dectech-6af36c nvidia-cdi-generator[2460]: time="2026-05-06T09:36:31+10:00" level=info msg="Selecting /nix/store/y08i3a5psi5rywn983s2pd5jv7zsqkdz-nvidia-x11-595.58.03/lib/libnvidia-sandboxutils.so.595.58.03 as /nix/store/y08i3a5psi5rywn983s2pd5jv7zsqkdz-nvidia-x11-595.58.03/lib/libnvidia-sandboxutils.so.595.58.03"
May 06 09:36:31 dectech-6af36c nvidia-cdi-generator[2460]: time="2026-05-06T09:36:31+10:00" level=info msg="Selecting /nix/store/y08i3a5psi5rywn983s2pd5jv7zsqkdz-nvidia-x11-595.58.03/lib/libnvidia-tileiras.so.595.58.03 as /nix/store/y08i3a5psi5rywn983s2pd5jv7zsqkdz-nvidia-x11-595.58.03/lib/libnvidia-tileiras.so.595.58.03"
May 06 09:36:31 dectech-6af36c nvidia-cdi-generator[2460]: time="2026-05-06T09:36:31+10:00" level=info msg="Selecting /nix/store/y08i3a5psi5rywn983s2pd5jv7zsqkdz-nvidia-x11-595.58.03/lib/libnvidia-tls.so.595.58.03 as /nix/store/y08i3a5psi5rywn983s2pd5jv7zsqkdz-nvidia-x11-595.58.03/lib/libnvidia-tls.so.595.58.03"
May 06 09:36:31 dectech-6af36c nvidia-cdi-generator[2460]: time="2026-05-06T09:36:31+10:00" level=info msg="Selecting /nix/store/y08i3a5psi5rywn983s2pd5jv7zsqkdz-nvidia-x11-595.58.03/lib/libnvidia-vksc-core.so.595.58.03 as /nix/store/y08i3a5psi5rywn983s2pd5jv7zsqkdz-nvidia-x11-595.58.03/lib/libnvidia-vksc-core.so.595.58.03"
May 06 09:36:31 dectech-6af36c nvidia-cdi-generator[2460]: time="2026-05-06T09:36:31+10:00" level=info msg="Selecting /nix/store/y08i3a5psi5rywn983s2pd5jv7zsqkdz-nvidia-x11-595.58.03/lib/libnvoptix.so.595.58.03 as /nix/store/y08i3a5psi5rywn983s2pd5jv7zsqkdz-nvidia-x11-595.58.03/lib/libnvoptix.so.595.58.03"
May 06 09:36:31 dectech-6af36c nvidia-cdi-generator[2460]: time="2026-05-06T09:36:31+10:00" level=info msg="Selecting /nix/store/y08i3a5psi5rywn983s2pd5jv7zsqkdz-nvidia-x11-595.58.03/lib/vdpau/libvdpau_nvidia.so.595.58.03 as /nix/store/y08i3a5psi5rywn983s2pd5jv7zsqkdz-nvidia-x11-595.58.03/lib/vdpau/libvdpau_nvidia.so.595.58.03"
May 06 09:36:31 dectech-6af36c nvidia-cdi-generator[2460]: time="2026-05-06T09:36:31+10:00" level=warning msg="Could not locate /nvidia-persistenced/socket: pattern /nvidia-persistenced/socket not found"
May 06 09:36:31 dectech-6af36c nvidia-cdi-generator[2460]: time="2026-05-06T09:36:31+10:00" level=warning msg="Could not locate /nvidia-fabricmanager/socket: pattern /nvidia-fabricmanager/socket not found"
May 06 09:36:31 dectech-6af36c nvidia-cdi-generator[2460]: time="2026-05-06T09:36:31+10:00" level=warning msg="Could not locate /tmp/nvidia-mps: pattern /tmp/nvidia-mps not found"
May 06 09:36:31 dectech-6af36c nvidia-cdi-generator[2460]: time="2026-05-06T09:36:31+10:00" level=info msg="Selecting /nix/store/8rq92skzasxk35vy0frqnnsxg0ji6985-firmware/lib/firmware/nvidia/595.58.03/gsp_ga10x.bin as /nix/store/8rq92skzasxk35vy0frqnnsxg0ji6985-firmware/lib/firmware/nvidia/595.58.03/gsp_ga10x.bin"
May 06 09:36:31 dectech-6af36c nvidia-cdi-generator[2460]: time="2026-05-06T09:36:31+10:00" level=info msg="Selecting /nix/store/8rq92skzasxk35vy0frqnnsxg0ji6985-firmware/lib/firmware/nvidia/595.58.03/gsp_tu10x.bin as /nix/store/8rq92skzasxk35vy0frqnnsxg0ji6985-firmware/lib/firmware/nvidia/595.58.03/gsp_tu10x.bin"
May 06 09:36:31 dectech-6af36c nvidia-cdi-generator[2460]: time="2026-05-06T09:36:31+10:00" level=warning msg="Could not locate nvidia-smi: pattern nvidia-smi not found"
May 06 09:36:31 dectech-6af36c nvidia-cdi-generator[2460]: time="2026-05-06T09:36:31+10:00" level=warning msg="Could not locate nvidia-debugdump: pattern nvidia-debugdump not found"
May 06 09:36:31 dectech-6af36c nvidia-cdi-generator[2460]: time="2026-05-06T09:36:31+10:00" level=warning msg="Could not locate nvidia-persistenced: pattern nvidia-persistenced not found"
May 06 09:36:31 dectech-6af36c nvidia-cdi-generator[2460]: time="2026-05-06T09:36:31+10:00" level=warning msg="Could not locate nvidia-cuda-mps-control: pattern nvidia-cuda-mps-control not found"
May 06 09:36:31 dectech-6af36c nvidia-cdi-generator[2460]: time="2026-05-06T09:36:31+10:00" level=warning msg="Could not locate nvidia-cuda-mps-server: pattern nvidia-cuda-mps-server not found"
May 06 09:36:31 dectech-6af36c nvidia-cdi-generator[2460]: time="2026-05-06T09:36:31+10:00" level=warning msg="Could not locate nvidia-imex: pattern nvidia-imex not found"
May 06 09:36:31 dectech-6af36c nvidia-cdi-generator[2460]: time="2026-05-06T09:36:31+10:00" level=warning msg="Could not locate nvidia-imex-ctl: pattern nvidia-imex-ctl not found"
May 06 09:36:31 dectech-6af36c nvidia-cdi-generator[2460]: time="2026-05-06T09:36:31+10:00" level=warning msg="Could not locate nvidia_drv.so: pattern nvidia_drv.so not found"
May 06 09:36:31 dectech-6af36c nvidia-cdi-generator[2460]: time="2026-05-06T09:36:31+10:00" level=warning msg="Could not locate libglxserver_nvidia.so.595.58.03: pattern libglxserver_nvidia.so.595.58.03 not found"
May 06 09:36:31 dectech-6af36c nvidia-cdi-generator[2460]: time="2026-05-06T09:36:31+10:00" level=info msg="Generated CDI spec with version 1.1.0"
May 06 09:36:31 dectech-6af36c .coolercontrold-wrapped[1886]: Starting Super-I/O hardware detection
May 06 09:36:31 dectech-6af36c .coolercontrold-wrapped[1886]: Detected Nuvoton NCT6798D Super IO Sensors at 0x2E id:0xD42B (driver: nct6775) (Fallback path)
May 06 09:36:31 dectech-6af36c .coolercontrold-wrapped[1886]: Nuvoton NCT6798D Super IO Sensors (driver: nct6775, status: skipped_no_modprobe)
May 06 09:36:31 dectech-6af36c .coolercontrold-wrapped[1886]: Initializing Devices...
May 06 09:36:31 dectech-6af36c .coolercontrold-wrapped[1886]: Liquidctl Integration is Disabled
May 06 09:36:31 dectech-6af36c .coolercontrold-wrapped[1886]: NVML found and initialized.
May 06 09:36:31 dectech-6af36c systemd[2449]: Queued start job for default target Main User Target.
May 06 09:36:31 dectech-6af36c .coolercontrold-wrapped[1886]: Initialized Service Plugin Devices: {}
May 06 09:36:32 dectech-6af36c systemd[2449]: Created slice User Application Slice.
May 06 09:36:32 dectech-6af36c systemd[2449]: Started Daily Cleanup of User's Temporary Directories.
May 06 09:36:32 dectech-6af36c systemd[2449]: Reached target Paths.
May 06 09:36:32 dectech-6af36c systemd[2449]: Reached target Timers.
May 06 09:36:32 dectech-6af36c systemd[2449]: Starting D-Bus User Message Bus Socket...
May 06 09:36:32 dectech-6af36c systemd[2449]: Listening on PipeWire PulseAudio.
May 06 09:36:32 dectech-6af36c systemd[2449]: Listening on PipeWire Multimedia System Sockets.
May 06 09:36:32 dectech-6af36c systemd[2449]: Listening on Podman API Socket.
May 06 09:36:32 dectech-6af36c systemd[2449]: Listening on Speech Dispatcher Socket.
May 06 09:36:32 dectech-6af36c systemd[2449]: Starting Create User Files and Directories...
May 06 09:36:32 dectech-6af36c systemd[1]: Finished Container Device Interface (CDI) for Nvidia generator.
May 06 09:36:32 dectech-6af36c systemd[2449]: Finished Create User Files and Directories.
May 06 09:36:32 dectech-6af36c systemd[2449]: Listening on D-Bus User Message Bus Socket.
May 06 09:36:32 dectech-6af36c systemd[2449]: Reached target Sockets.
May 06 09:36:32 dectech-6af36c systemd[2449]: Reached target Basic System.
May 06 09:36:32 dectech-6af36c systemd[1]: Started User Manager for UID 1000.
May 06 09:36:32 dectech-6af36c systemd[2449]: Starting Music Player Daemon...
May 06 09:36:32 dectech-6af36c systemd[1]: Started Session 1 of User zozano.
May 06 09:36:32 dectech-6af36c systemd[2449]: Starting Run user-specific NixOS activation...
May 06 09:36:32 dectech-6af36c systemd[2449]: Starting SSH Agent...
May 06 09:36:32 dectech-6af36c .coolercontrold-wrapped[1886]: Initialized GPU Devices: {"NVIDIA GeForce RTX 2080 SUPER":{"driver name":["nvml:13.595.58.03"],"driver version":["595.58.03"],"locations":["00000000:01:00.0"]}}
May 06 09:36:32 dectech-6af36c systemd[2449]: Finished Run user-specific NixOS activation.
May 06 09:36:32 dectech-6af36c .coolercontrold-wrapped[1886]: Initialized CPU Devices: {"AMD Ryzen 5 5600G with Radeon Graphics":{"driver version":["7.0.3"],"locations":["/sys/class/hwmon/hwmon1","/sys/devices/pci0000:00/0000:00:18.3","pci:v00001022d0000166Dsv00000000sd00000000bc06sc00i00"],"driver name":["k10temp"]}}
May 06 09:36:32 dectech-6af36c .coolercontrold-wrapped[1886]: Initialized Hwmon Devices: {"nvme":{"driver version":["7.0.3"],"locations":["/sys/class/hwmon/hwmon0","/sys/devices/pci0000:00/0000:00:02.1/0000:02:00.2/0000:03:04.0/0000:08:00.0/nvme/nvme0"],"driver name":[""]}}
May 06 09:36:32 dectech-6af36c systemd[2449]: Started SSH Agent.
May 06 09:36:32 dectech-6af36c sddm-helper[2391]: gkr-pam: gnome-keyring-daemon started properly
May 06 09:36:32 dectech-6af36c .coolercontrold-wrapped[1886]: Initialized Custom Sensors: []
May 06 09:36:32 dectech-6af36c sddm-helper[2391]: Starting Wayland user session: "/nix/store/kh444rvla6is48kql96d6k55zz7n2njq-sddm-unwrapped-0.21.0/share/sddm/scripts/wayland-session" "/nix/store/x495w0ryq82j627djnkah03lzcpsf7j3-hyprland-0.54.3/bin/start-hyprland"
May 06 09:36:32 dectech-6af36c sddm-helper[2523]: Jumping to VT 1
May 06 09:36:32 dectech-6af36c sddm-helper[2523]: VT mode fixed
May 06 09:36:32 dectech-6af36c sddm[2370]: Session started true
May 06 09:36:32 dectech-6af36c .coolercontrold-wrapped[1886]: Applying all saved device settings
May 06 09:36:32 dectech-6af36c .coolercontrold-wrapped[1886]: Successfully applied:: NVIDIA GeForce RTX 2080 SUPER | fan1 | Profile: Gaming Curve - Fan 0
May 06 09:36:32 dectech-6af36c .coolercontrold-wrapped[1886]: Successfully applied:: NVIDIA GeForce RTX 2080 SUPER | fan2 | Profile: Gaming Curve - Fan 1
May 06 09:36:32 dectech-6af36c .coolercontrold-wrapped[1886]: Using existing TLS certificates
May 06 09:36:32 dectech-6af36c .coolercontrold-wrapped[1886]: Serving HTTP and HTTPS API on 127.0.0.1:11987
May 06 09:36:32 dectech-6af36c .coolercontrold-wrapped[1886]: Initialization Complete
May 06 09:36:32 dectech-6af36c .coolercontrold-wrapped[1886]: Serving HTTP and HTTPS API on [::1]:11987
May 06 09:36:32 dectech-6af36c systemd[1]: data.automount: Got automount request for /data, triggered by 2515 (mpd)
May 06 09:36:32 dectech-6af36c kernel: Bluetooth: hci0: Waiting for firmware download to complete
May 06 09:36:32 dectech-6af36c kernel: Bluetooth: hci0: Firmware loaded in 3292055 usecs
May 06 09:36:32 dectech-6af36c kernel: Bluetooth: hci0: Waiting for device to boot
May 06 09:36:32 dectech-6af36c kernel: Bluetooth: hci0: Device booted in 16565 usecs
May 06 09:36:32 dectech-6af36c kernel: Bluetooth: hci0: Found Intel DDC parameters: intel/ibt-20-1-3.ddc
May 06 09:36:32 dectech-6af36c kernel: Bluetooth: hci0: Applying Intel DDC parameters completed
May 06 09:36:32 dectech-6af36c kernel: Bluetooth: hci0: Firmware revision 0.3 build 83 week 7 2026
May 06 09:36:32 dectech-6af36c kernel: Bluetooth: hci0: HCI LE Coded PHY feature bit is set, but its usage is not supported.
May 06 09:36:33 dectech-6af36c kernel: r8169 0000:0a:00.0 enp10s0: Link is Up - 1Gbps/Full - flow control rx/tx
May 06 09:36:33 dectech-6af36c avahi-daemon[1528]: Joining mDNS multicast group on interface enp10s0.IPv6 with address fe80::5ad0:54ad:16e0:7c30.
May 06 09:36:33 dectech-6af36c avahi-daemon[1528]: New relevant interface enp10s0.IPv6 for mDNS.
May 06 09:36:33 dectech-6af36c kernel: NET: Registered PF_PACKET protocol family
May 06 09:36:33 dectech-6af36c avahi-daemon[1528]: Registering new address record for fe80::5ad0:54ad:16e0:7c30 on enp10s0.*.
May 06 09:36:33 dectech-6af36c systemd[2449]: Created slice User Core Session Slice.
May 06 09:36:33 dectech-6af36c systemd[2449]: Starting D-Bus User Message Bus...
May 06 09:36:33 dectech-6af36c dbus-broker-launch[2569]: Service file '/run/current-system/sw/share/dbus-1/services/obex-data-server.service' is not named after the D-Bus name 'org.openobex'.
May 06 09:36:33 dectech-6af36c dbus-broker-launch[2569]: Ignoring duplicate name 'org.freedesktop.impl.portal.PermissionStore' in service file '/run/current-system/sw/share/dbus-1/services/org.freedesktop.impl.portal.PermissionStore.service'
May 06 09:36:33 dectech-6af36c dbus-broker-launch[2569]: Ignoring duplicate name 'org.freedesktop.impl.portal.desktop.hyprland' in service file '/run/current-system/sw/share/dbus-1/services/org.freedesktop.impl.portal.desktop.hyprland.service'
May 06 09:36:33 dectech-6af36c dbus-broker-launch[2569]: Ignoring duplicate name 'org.freedesktop.portal.Desktop' in service file '/run/current-system/sw/share/dbus-1/services/org.freedesktop.portal.Desktop.service'
May 06 09:36:33 dectech-6af36c dbus-broker-launch[2569]: Ignoring duplicate name 'org.freedesktop.portal.Documents' in service file '/run/current-system/sw/share/dbus-1/services/org.freedesktop.portal.Documents.service'
May 06 09:36:33 dectech-6af36c dbus-broker-launch[2569]: Service file '/run/current-system/sw/share/dbus-1/services/org.kde.dolphin.FileManager1.service' is not named after the D-Bus name 'org.freedesktop.FileManager1'.
May 06 09:36:33 dectech-6af36c dbus-broker-launch[2569]: Ignoring duplicate name 'org.freedesktop.FileManager1' in service file '/run/current-system/sw/share/dbus-1/services/org.kde.dolphin.FileManager1.service'
May 06 09:36:33 dectech-6af36c dbus-broker-launch[2569]: Ignoring duplicate name 'ca.desrt.dconf' in service file '/nix/store/s9p0vp7mq67hwn7chhyhgc2hcy7rjx0p-system-path/share/dbus-1/services/ca.desrt.dconf.service'
May 06 09:36:33 dectech-6af36c dbus-broker-launch[2569]: Ignoring duplicate name 'com.feralinteractive.GameMode' in service file '/nix/store/s9p0vp7mq67hwn7chhyhgc2hcy7rjx0p-system-path/share/dbus-1/services/com.feralinteractive.GameMode.service'
May 06 09:36:33 dectech-6af36c dbus-broker-launch[2569]: Ignoring duplicate name 'com.teamviewer.TeamViewer.Desktop' in service file '/nix/store/s9p0vp7mq67hwn7chhyhgc2hcy7rjx0p-system-path/share/dbus-1/services/com.teamviewer.TeamViewer.Desktop.service'
May 06 09:36:33 dectech-6af36c dbus-broker-launch[2569]: Ignoring duplicate name 'com.teamviewer.TeamViewer' in service file '/nix/store/s9p0vp7mq67hwn7chhyhgc2hcy7rjx0p-system-path/share/dbus-1/services/com.teamviewer.TeamViewer.service'
May 06 09:36:33 dectech-6af36c dbus-broker-launch[2569]: Service file '/nix/store/s9p0vp7mq67hwn7chhyhgc2hcy7rjx0p-system-path/share/dbus-1/services/obex-data-server.service' is not named after the D-Bus name 'org.openobex'.
May 06 09:36:33 dectech-6af36c dbus-broker-launch[2569]: Ignoring duplicate name 'org.openobex' in service file '/nix/store/s9p0vp7mq67hwn7chhyhgc2hcy7rjx0p-system-path/share/dbus-1/services/obex-data-server.service'
May 06 09:36:33 dectech-6af36c dbus-broker-launch[2569]: Ignoring duplicate name 'org.blueman.Applet' in service file '/nix/store/s9p0vp7mq67hwn7chhyhgc2hcy7rjx0p-system-path/share/dbus-1/services/org.blueman.Applet.service'
May 06 09:36:33 dectech-6af36c dbus-broker-launch[2569]: Ignoring duplicate name 'org.blueman.Manager' in service file '/nix/store/s9p0vp7mq67hwn7chhyhgc2hcy7rjx0p-system-path/share/dbus-1/services/org.blueman.Manager.service'
May 06 09:36:33 dectech-6af36c dbus-broker-launch[2569]: Ignoring duplicate name 'org.bluez.obex' in service file '/nix/store/s9p0vp7mq67hwn7chhyhgc2hcy7rjx0p-system-path/share/dbus-1/services/org.bluez.obex.service'
May 06 09:36:33 dectech-6af36c dbus-broker-launch[2569]: Ignoring duplicate name 'org.flatpak.Authenticator.Oci' in service file '/nix/store/s9p0vp7mq67hwn7chhyhgc2hcy7rjx0p-system-path/share/dbus-1/services/org.flatpak.Authenticator.Oci.service'
May 06 09:36:33 dectech-6af36c dbus-broker-launch[2569]: Ignoring duplicate name 'org.freedesktop.FileManager1' in service file '/nix/store/s9p0vp7mq67hwn7chhyhgc2hcy7rjx0p-system-path/share/dbus-1/services/org.freedesktop.FileManager1.service'
May 06 09:36:33 dectech-6af36c dbus-broker-launch[2569]: Ignoring duplicate name 'org.freedesktop.Flatpak' in service file '/nix/store/s9p0vp7mq67hwn7chhyhgc2hcy7rjx0p-system-path/share/dbus-1/services/org.freedesktop.Flatpak.service'
May 06 09:36:33 dectech-6af36c dbus-broker-launch[2569]: Ignoring duplicate name 'org.freedesktop.impl.portal.PermissionStore' in service file '/nix/store/s9p0vp7mq67hwn7chhyhgc2hcy7rjx0p-system-path/share/dbus-1/services/org.freedesktop.impl.portal.PermissionStore.service'
May 06 09:36:33 dectech-6af36c dbus-broker-launch[2569]: Ignoring duplicate name 'org.freedesktop.impl.portal.Secret' in service file '/nix/store/s9p0vp7mq67hwn7chhyhgc2hcy7rjx0p-system-path/share/dbus-1/services/org.freedesktop.impl.portal.Secret.service'
May 06 09:36:33 dectech-6af36c dbus-broker-launch[2569]: Ignoring duplicate name 'org.freedesktop.impl.portal.desktop.gtk' in service file '/nix/store/s9p0vp7mq67hwn7chhyhgc2hcy7rjx0p-system-path/share/dbus-1/services/org.freedesktop.impl.portal.desktop.gtk.service'
May 06 09:36:33 dectech-6af36c dbus-broker-launch[2569]: Policy to allow eavesdropping in /etc/dbus-1/session.conf +27: Eavesdropping is deprecated and ignored
May 06 09:36:33 dectech-6af36c dbus-broker-launch[2569]: Policy to allow eavesdropping in /etc/dbus-1/session.conf +29: Eavesdropping is deprecated and ignored
May 06 09:36:33 dectech-6af36c dbus-broker-launch[2569]: Ignoring duplicate name 'org.freedesktop.impl.portal.desktop.hyprland' in service file '/nix/store/s9p0vp7mq67hwn7chhyhgc2hcy7rjx0p-system-path/share/dbus-1/services/org.freedesktop.impl.portal.desktop.hyprland.service'
May 06 09:36:33 dectech-6af36c dbus-broker-launch[2569]: Ignoring duplicate name 'org.freedesktop.impl.portal.desktop.wlr' in service file '/nix/store/s9p0vp7mq67hwn7chhyhgc2hcy7rjx0p-system-path/share/dbus-1/services/org.freedesktop.impl.portal.desktop.wlr.service'
May 06 09:36:33 dectech-6af36c dbus-broker-launch[2569]: Ignoring duplicate name 'org.freedesktop.import1' in service file '/nix/store/s9p0vp7mq67hwn7chhyhgc2hcy7rjx0p-system-path/share/dbus-1/services/org.freedesktop.import1.service'
May 06 09:36:33 dectech-6af36c dbus-broker-launch[2569]: Ignoring duplicate name 'org.freedesktop.machine1' in service file '/nix/store/s9p0vp7mq67hwn7chhyhgc2hcy7rjx0p-system-path/share/dbus-1/services/org.freedesktop.machine1.service'
May 06 09:36:33 dectech-6af36c dbus-broker-launch[2569]: Ignoring duplicate name 'org.freedesktop.portable1' in service file '/nix/store/s9p0vp7mq67hwn7chhyhgc2hcy7rjx0p-system-path/share/dbus-1/services/org.freedesktop.portable1.service'
May 06 09:36:33 dectech-6af36c dbus-broker-launch[2569]: Ignoring duplicate name 'org.freedesktop.portal.Desktop' in service file '/nix/store/s9p0vp7mq67hwn7chhyhgc2hcy7rjx0p-system-path/share/dbus-1/services/org.freedesktop.portal.Desktop.service'
May 06 09:36:33 dectech-6af36c dbus-broker-launch[2569]: Ignoring duplicate name 'org.freedesktop.portal.Documents' in service file '/nix/store/s9p0vp7mq67hwn7chhyhgc2hcy7rjx0p-system-path/share/dbus-1/services/org.freedesktop.portal.Documents.service'
May 06 09:36:33 dectech-6af36c dbus-broker-launch[2569]: Ignoring duplicate name 'org.freedesktop.portal.Flatpak' in service file '/nix/store/s9p0vp7mq67hwn7chhyhgc2hcy7rjx0p-system-path/share/dbus-1/services/org.freedesktop.portal.Flatpak.service'
May 06 09:36:33 dectech-6af36c dbus-broker-launch[2569]: Ignoring duplicate name 'org.freedesktop.secrets' in service file '/nix/store/s9p0vp7mq67hwn7chhyhgc2hcy7rjx0p-system-path/share/dbus-1/services/org.freedesktop.secrets.service'
May 06 09:36:33 dectech-6af36c dbus-broker-launch[2569]: Ignoring duplicate name 'org.freedesktop.systemd1' in service file '/nix/store/s9p0vp7mq67hwn7chhyhgc2hcy7rjx0p-system-path/share/dbus-1/services/org.freedesktop.systemd1.service'
May 06 09:36:33 dectech-6af36c dbus-broker-launch[2569]: Ignoring duplicate name 'org.gnome.Calculator.SearchProvider' in service file '/nix/store/s9p0vp7mq67hwn7chhyhgc2hcy7rjx0p-system-path/share/dbus-1/services/org.gnome.Calculator.SearchProvider.service'
May 06 09:36:33 dectech-6af36c dbus-broker-launch[2569]: Ignoring duplicate name 'org.gnome.DiskUtility' in service file '/nix/store/s9p0vp7mq67hwn7chhyhgc2hcy7rjx0p-system-path/share/dbus-1/services/org.gnome.DiskUtility.service'
May 06 09:36:33 dectech-6af36c dbus-broker-launch[2569]: Ignoring duplicate name 'org.gnome.Nautilus' in service file '/nix/store/s9p0vp7mq67hwn7chhyhgc2hcy7rjx0p-system-path/share/dbus-1/services/org.gnome.Nautilus.service'
May 06 09:36:33 dectech-6af36c dbus-broker-launch[2569]: Ignoring duplicate name 'org.gnome.baobab' in service file '/nix/store/s9p0vp7mq67hwn7chhyhgc2hcy7rjx0p-system-path/share/dbus-1/services/org.gnome.baobab.service'
May 06 09:36:33 dectech-6af36c dbus-broker-launch[2569]: Ignoring duplicate name 'org.gnome.evince.Daemon' in service file '/nix/store/s9p0vp7mq67hwn7chhyhgc2hcy7rjx0p-system-path/share/dbus-1/services/org.gnome.evince.Daemon.service'
May 06 09:36:33 dectech-6af36c dbus-broker-launch[2569]: Ignoring duplicate name 'org.gnome.gedit' in service file '/nix/store/s9p0vp7mq67hwn7chhyhgc2hcy7rjx0p-system-path/share/dbus-1/services/org.gnome.gedit.service'
May 06 09:36:33 dectech-6af36c dbus-broker-launch[2569]: Ignoring duplicate name 'org.gnome.keyring' in service file '/nix/store/s9p0vp7mq67hwn7chhyhgc2hcy7rjx0p-system-path/share/dbus-1/services/org.gnome.keyring.service'
May 06 09:36:33 dectech-6af36c dbus-broker-launch[2569]: Ignoring duplicate name 'org.gnome.seahorse.Application' in service file '/nix/store/s9p0vp7mq67hwn7chhyhgc2hcy7rjx0p-system-path/share/dbus-1/services/org.gnome.seahorse.Application.service'
May 06 09:36:33 dectech-6af36c dbus-broker-launch[2569]: Ignoring duplicate name 'org.gtk.vfs.AfcVolumeMonitor' in service file '/nix/store/s9p0vp7mq67hwn7chhyhgc2hcy7rjx0p-system-path/share/dbus-1/services/org.gtk.vfs.AfcVolumeMonitor.service'
May 06 09:36:33 dectech-6af36c dbus-broker-launch[2569]: Ignoring duplicate name 'org.gtk.vfs.Daemon' in service file '/nix/store/s9p0vp7mq67hwn7chhyhgc2hcy7rjx0p-system-path/share/dbus-1/services/org.gtk.vfs.Daemon.service'
May 06 09:36:33 dectech-6af36c dbus-broker-launch[2569]: Ignoring duplicate name 'org.gtk.vfs.GPhoto2VolumeMonitor' in service file '/nix/store/s9p0vp7mq67hwn7chhyhgc2hcy7rjx0p-system-path/share/dbus-1/services/org.gtk.vfs.GPhoto2VolumeMonitor.service'
May 06 09:36:33 dectech-6af36c dbus-broker-launch[2569]: Ignoring duplicate name 'org.gtk.vfs.GoaVolumeMonitor' in service file '/nix/store/s9p0vp7mq67hwn7chhyhgc2hcy7rjx0p-system-path/share/dbus-1/services/org.gtk.vfs.GoaVolumeMonitor.service'
May 06 09:36:33 dectech-6af36c dbus-broker-launch[2569]: Ignoring duplicate name 'org.gtk.vfs.MTPVolumeMonitor' in service file '/nix/store/s9p0vp7mq67hwn7chhyhgc2hcy7rjx0p-system-path/share/dbus-1/services/org.gtk.vfs.MTPVolumeMonitor.service'
May 06 09:36:33 dectech-6af36c dbus-broker-launch[2569]: Ignoring duplicate name 'org.gtk.vfs.Metadata' in service file '/nix/store/s9p0vp7mq67hwn7chhyhgc2hcy7rjx0p-system-path/share/dbus-1/services/org.gtk.vfs.Metadata.service'
May 06 09:36:33 dectech-6af36c dbus-broker-launch[2569]: Ignoring duplicate name 'org.gtk.vfs.UDisks2VolumeMonitor' in service file '/nix/store/s9p0vp7mq67hwn7chhyhgc2hcy7rjx0p-system-path/share/dbus-1/services/org.gtk.vfs.UDisks2VolumeMonitor.service'
May 06 09:36:33 dectech-6af36c dbus-broker-launch[2569]: Service file '/nix/store/s9p0vp7mq67hwn7chhyhgc2hcy7rjx0p-system-path/share/dbus-1/services/org.kde.dolphin.FileManager1.service' is not named after the D-Bus name 'org.freedesktop.FileManager1'.
May 06 09:36:33 dectech-6af36c dbus-broker-launch[2569]: Ignoring duplicate name 'org.freedesktop.FileManager1' in service file '/nix/store/s9p0vp7mq67hwn7chhyhgc2hcy7rjx0p-system-path/share/dbus-1/services/org.kde.dolphin.FileManager1.service'
May 06 09:36:33 dectech-6af36c dbus-broker-launch[2569]: Ignoring duplicate name 'org.kde.kdeconnect' in service file '/nix/store/s9p0vp7mq67hwn7chhyhgc2hcy7rjx0p-system-path/share/dbus-1/services/org.kde.kdeconnect.service'
May 06 09:36:33 dectech-6af36c dbus-broker-launch[2569]: Ignoring duplicate name 'org.kde.kmtpd5' in service file '/nix/store/s9p0vp7mq67hwn7chhyhgc2hcy7rjx0p-system-path/share/dbus-1/services/org.kde.kmtpd5.service'
May 06 09:36:33 dectech-6af36c dbus-broker-launch[2569]: Ignoring duplicate name 'com.teamviewer.TeamViewer.Desktop' in service file '/nix/store/sakq23w1k2i0j8bni2rnnyanzxgyxxym-teamviewer-15.74.3/share/dbus-1/services/com.teamviewer.TeamViewer.Desktop.service'
May 06 09:36:33 dectech-6af36c dbus-broker-launch[2569]: Ignoring duplicate name 'com.teamviewer.TeamViewer' in service file '/nix/store/sakq23w1k2i0j8bni2rnnyanzxgyxxym-teamviewer-15.74.3/share/dbus-1/services/com.teamviewer.TeamViewer.service'
May 06 09:36:33 dectech-6af36c dbus-broker-launch[2569]: Ignoring duplicate name 'org.bluez.obex' in service file '/nix/store/zb0vr338s1sq0c7a3ca5i4zx89kjzd4n-bluez-5.86/share/dbus-1/services/org.bluez.obex.service'
May 06 09:36:33 dectech-6af36c dbus-broker-launch[2569]: Ignoring duplicate name 'org.gtk.vfs.AfcVolumeMonitor' in service file '/nix/store/1414i8p21kqwbiph3p0kcrj78prmmyy1-gvfs-1.58.4/share/dbus-1/services/org.gtk.vfs.AfcVolumeMonitor.service'
May 06 09:36:33 dectech-6af36c dbus-broker-launch[2569]: Ignoring duplicate name 'org.gtk.vfs.Daemon' in service file '/nix/store/1414i8p21kqwbiph3p0kcrj78prmmyy1-gvfs-1.58.4/share/dbus-1/services/org.gtk.vfs.Daemon.service'
May 06 09:36:33 dectech-6af36c dbus-broker-launch[2569]: Ignoring duplicate name 'org.gtk.vfs.GPhoto2VolumeMonitor' in service file '/nix/store/1414i8p21kqwbiph3p0kcrj78prmmyy1-gvfs-1.58.4/share/dbus-1/services/org.gtk.vfs.GPhoto2VolumeMonitor.service'
May 06 09:36:33 dectech-6af36c dbus-broker-launch[2569]: Ignoring duplicate name 'org.gtk.vfs.GoaVolumeMonitor' in service file '/nix/store/1414i8p21kqwbiph3p0kcrj78prmmyy1-gvfs-1.58.4/share/dbus-1/services/org.gtk.vfs.GoaVolumeMonitor.service'
May 06 09:36:33 dectech-6af36c dbus-broker-launch[2569]: Ignoring duplicate name 'org.gtk.vfs.MTPVolumeMonitor' in service file '/nix/store/1414i8p21kqwbiph3p0kcrj78prmmyy1-gvfs-1.58.4/share/dbus-1/services/org.gtk.vfs.MTPVolumeMonitor.service'
May 06 09:36:33 dectech-6af36c dbus-broker-launch[2569]: Ignoring duplicate name 'org.gtk.vfs.Metadata' in service file '/nix/store/1414i8p21kqwbiph3p0kcrj78prmmyy1-gvfs-1.58.4/share/dbus-1/services/org.gtk.vfs.Metadata.service'
May 06 09:36:33 dectech-6af36c dbus-broker-launch[2569]: Ignoring duplicate name 'org.gtk.vfs.UDisks2VolumeMonitor' in service file '/nix/store/1414i8p21kqwbiph3p0kcrj78prmmyy1-gvfs-1.58.4/share/dbus-1/services/org.gtk.vfs.UDisks2VolumeMonitor.service'
May 06 09:36:33 dectech-6af36c dbus-broker-launch[2569]: Ignoring duplicate name 'org.freedesktop.impl.portal.Secret' in service file '/nix/store/x1199bxd4ia75dd1nmh0xnnpfzxz1785-gnome-keyring-48.0/share/dbus-1/services/org.freedesktop.impl.portal.Secret.service'
May 06 09:36:33 dectech-6af36c dbus-broker-launch[2569]: Ignoring duplicate name 'org.freedesktop.secrets' in service file '/nix/store/x1199bxd4ia75dd1nmh0xnnpfzxz1785-gnome-keyring-48.0/share/dbus-1/services/org.freedesktop.secrets.service'
May 06 09:36:33 dectech-6af36c dbus-broker-launch[2569]: Ignoring duplicate name 'org.gnome.keyring' in service file '/nix/store/x1199bxd4ia75dd1nmh0xnnpfzxz1785-gnome-keyring-48.0/share/dbus-1/services/org.gnome.keyring.service'
May 06 09:36:33 dectech-6af36c dbus-broker-launch[2569]: Ignoring duplicate name 'org.flatpak.Authenticator.Oci' in service file '/nix/store/3lnpblx0qc1wsrrcm5a57szp09n5dwg5-flatpak-1.16.6/share/dbus-1/services/org.flatpak.Authenticator.Oci.service'
May 06 09:36:33 dectech-6af36c dbus-broker-launch[2569]: Ignoring duplicate name 'org.freedesktop.Flatpak' in service file '/nix/store/3lnpblx0qc1wsrrcm5a57szp09n5dwg5-flatpak-1.16.6/share/dbus-1/services/org.freedesktop.Flatpak.service'
May 06 09:36:33 dectech-6af36c dbus-broker-launch[2569]: Ignoring duplicate name 'org.freedesktop.portal.Flatpak' in service file '/nix/store/3lnpblx0qc1wsrrcm5a57szp09n5dwg5-flatpak-1.16.6/share/dbus-1/services/org.freedesktop.portal.Flatpak.service'
May 06 09:36:33 dectech-6af36c dbus-broker-launch[2569]: Ignoring duplicate name 'org.blueman.Applet' in service file '/nix/store/yjba7p5a8ddh0kax997gx3l1d1hr3aq7-blueman-2.4.6/share/dbus-1/services/org.blueman.Applet.service'
May 06 09:36:33 dectech-6af36c dbus-broker-launch[2569]: Ignoring duplicate name 'org.blueman.Manager' in service file '/nix/store/yjba7p5a8ddh0kax997gx3l1d1hr3aq7-blueman-2.4.6/share/dbus-1/services/org.blueman.Manager.service'
May 06 09:36:33 dectech-6af36c dbus-broker-launch[2569]: Ignoring duplicate name 'ca.desrt.dconf' in service file '/nix/store/qpqhl3f18vmy1bkq2fisg0f6x64v24xs-dconf-0.49.0/share/dbus-1/services/ca.desrt.dconf.service'
May 06 09:36:33 dectech-6af36c dbus-broker-launch[2569]: Ignoring duplicate name 'org.freedesktop.impl.portal.PermissionStore' in service file '/nix/store/ih7w44bx3c8nh807h9dqlzcjcfwafbap-xdg-desktop-portal-1.20.4/share/dbus-1/services/org.freedesktop.impl.portal.PermissionStore.service'
May 06 09:36:33 dectech-6af36c dbus-broker-launch[2569]: Ignoring duplicate name 'org.freedesktop.portal.Desktop' in service file '/nix/store/ih7w44bx3c8nh807h9dqlzcjcfwafbap-xdg-desktop-portal-1.20.4/share/dbus-1/services/org.freedesktop.portal.Desktop.service'
May 06 09:36:33 dectech-6af36c dbus-broker-launch[2569]: Ignoring duplicate name 'org.freedesktop.portal.Documents' in service file '/nix/store/ih7w44bx3c8nh807h9dqlzcjcfwafbap-xdg-desktop-portal-1.20.4/share/dbus-1/services/org.freedesktop.portal.Documents.service'
May 06 09:36:33 dectech-6af36c dbus-broker-launch[2569]: Ignoring duplicate name 'org.freedesktop.impl.portal.PermissionStore' in service file '/nix/store/ih7w44bx3c8nh807h9dqlzcjcfwafbap-xdg-desktop-portal-1.20.4/share/dbus-1/services/org.freedesktop.impl.portal.PermissionStore.service'
May 06 09:36:33 dectech-6af36c dbus-broker-launch[2569]: Ignoring duplicate name 'org.freedesktop.portal.Desktop' in service file '/nix/store/ih7w44bx3c8nh807h9dqlzcjcfwafbap-xdg-desktop-portal-1.20.4/share/dbus-1/services/org.freedesktop.portal.Desktop.service'
May 06 09:36:33 dectech-6af36c dbus-broker-launch[2569]: Ignoring duplicate name 'org.freedesktop.portal.Documents' in service file '/nix/store/ih7w44bx3c8nh807h9dqlzcjcfwafbap-xdg-desktop-portal-1.20.4/share/dbus-1/services/org.freedesktop.portal.Documents.service'
May 06 09:36:33 dectech-6af36c dbus-broker-launch[2569]: Ignoring duplicate name 'org.freedesktop.impl.portal.desktop.hyprland' in service file '/nix/store/b1jk3kgllrv5nsyd5sgib114fia8fdm9-xdg-desktop-portal-hyprland-1.3.12/share/dbus-1/services/org.freedesktop.impl.portal.desktop.hyprland.service'
May 06 09:36:33 dectech-6af36c dbus-broker-launch[2569]: Ignoring duplicate name 'org.freedesktop.impl.portal.desktop.gtk' in service file '/nix/store/85c433qg23ynv7vr4cpsy4dkvczmjshd-xdg-desktop-portal-gtk-1.15.3/share/dbus-1/services/org.freedesktop.impl.portal.desktop.gtk.service'
May 06 09:36:33 dectech-6af36c dbus-broker-launch[2569]: Ignoring duplicate name 'org.freedesktop.impl.portal.desktop.wlr' in service file '/nix/store/l0y1fniqb9192iv7z28109k4y7dcvf7c-xdg-desktop-portal-wlr-0.8.2/share/dbus-1/services/org.freedesktop.impl.portal.desktop.wlr.service'
May 06 09:36:33 dectech-6af36c dbus-broker-launch[2569]: Ignoring duplicate name 'org.freedesktop.impl.portal.Secret' in service file '/nix/store/x1199bxd4ia75dd1nmh0xnnpfzxz1785-gnome-keyring-48.0/share/dbus-1/services/org.freedesktop.impl.portal.Secret.service'
May 06 09:36:33 dectech-6af36c dbus-broker-launch[2569]: Ignoring duplicate name 'org.freedesktop.secrets' in service file '/nix/store/x1199bxd4ia75dd1nmh0xnnpfzxz1785-gnome-keyring-48.0/share/dbus-1/services/org.freedesktop.secrets.service'
May 06 09:36:33 dectech-6af36c dbus-broker-launch[2569]: Ignoring duplicate name 'org.gnome.keyring' in service file '/nix/store/x1199bxd4ia75dd1nmh0xnnpfzxz1785-gnome-keyring-48.0/share/dbus-1/services/org.gnome.keyring.service'
May 06 09:36:33 dectech-6af36c dbus-broker-launch[2569]: Ignoring duplicate name 'org.freedesktop.impl.portal.desktop.hyprland' in service file '/nix/store/b1jk3kgllrv5nsyd5sgib114fia8fdm9-xdg-desktop-portal-hyprland-1.3.12/share/dbus-1/services/org.freedesktop.impl.portal.desktop.hyprland.service'
May 06 09:36:33 dectech-6af36c dbus-broker-launch[2569]: Ignoring duplicate name 'org.freedesktop.impl.portal.desktop.gtk' in service file '/nix/store/85c433qg23ynv7vr4cpsy4dkvczmjshd-xdg-desktop-portal-gtk-1.15.3/share/dbus-1/services/org.freedesktop.impl.portal.desktop.gtk.service'
May 06 09:36:33 dectech-6af36c systemd[2449]: Started D-Bus User Message Bus.
May 06 09:36:33 dectech-6af36c dbus-broker-launch[2569]: Ready
May 06 09:36:33 dectech-6af36c systemd[2449]: blueman-applet.service: Service has more than one ExecStart= setting, which is only allowed for Type=oneshot services. Refusing.
May 06 09:36:33 dectech-6af36c systemd[2449]: blueman-applet.service: Service has more than one ExecStart= setting, which is only allowed for Type=oneshot services. Refusing.
May 06 09:36:33 dectech-6af36c systemd[2449]: blueman-applet.service: Service has more than one ExecStart= setting, which is only allowed for Type=oneshot services. Refusing.
May 06 09:36:33 dectech-6af36c systemd[2449]: blueman-applet.service: Service has more than one ExecStart= setting, which is only allowed for Type=oneshot services. Refusing.
May 06 09:36:33 dectech-6af36c systemd[2449]: blueman-applet.service: Cannot add dependency job, ignoring: Unit blueman-applet.service has a bad unit file setting.
May 06 09:36:33 dectech-6af36c systemd[2449]: Reached target Session services which should run early before the graphical session is brought up.
May 06 09:36:33 dectech-6af36c systemd[2449]: Reached target Current graphical user session.
May 06 09:36:33 dectech-6af36c systemd[2449]: Reached target Hyprland compositor session.
May 06 09:36:33 dectech-6af36c systemd[2449]: Started hypridle.
May 06 09:36:33 dectech-6af36c systemd[2449]: Started Restart HyprPanel on monitor hotplug (debounced).
May 06 09:36:33 dectech-6af36c systemd[2449]: Started Bar/Panel for Hyprland with extensive customizability.
May 06 09:36:33 dectech-6af36c systemd[2449]: Started Signal read receipt notifier.
May 06 09:36:33 dectech-6af36c systemd[2449]: Starting Portal service...
May 06 09:36:33 dectech-6af36c bluetoothd[1529]: Battery Provider Manager created
May 06 09:36:33 dectech-6af36c kernel: Bluetooth: MGMT ver 1.23
May 06 09:36:33 dectech-6af36c kernel: NET: Registered PF_ALG protocol family
May 06 09:36:33 dectech-6af36c hypridle[2589]: [LOG] Registered timeout rule for 240s:
May 06 09:36:33 dectech-6af36c hypridle[2589]:       on-timeout: hyprlock
May 06 09:36:33 dectech-6af36c hypridle[2589]:       on-resume:
May 06 09:36:33 dectech-6af36c hypridle[2589]:       ignore_inhibit: false
May 06 09:36:33 dectech-6af36c hypridle[2589]: [LOG] Registered timeout rule for 300s:
May 06 09:36:33 dectech-6af36c hypridle[2589]:       on-timeout: hyprctl dispatch dpms off
May 06 09:36:33 dectech-6af36c hypridle[2589]:       on-resume: hyprctl dispatch dpms on
May 06 09:36:33 dectech-6af36c hypridle[2589]:       ignore_inhibit: false
May 06 09:36:33 dectech-6af36c hypridle[2589]: [LOG] Registered timeout rule for 600s:
May 06 09:36:33 dectech-6af36c hypridle[2589]:       on-timeout: systemctl syspend
May 06 09:36:33 dectech-6af36c hypridle[2589]:       on-resume:
May 06 09:36:33 dectech-6af36c hypridle[2589]:       ignore_inhibit: false
May 06 09:36:33 dectech-6af36c hypridle[2589]: [LOG]   | got iface: wl_seat v9
May 06 09:36:33 dectech-6af36c hypridle[2589]: [LOG]    > Bound to wl_seat v9
May 06 09:36:33 dectech-6af36c hypridle[2589]: [LOG]   | got iface: wl_data_device_manager v3
May 06 09:36:33 dectech-6af36c hypridle[2589]: [LOG]   | got iface: wl_compositor v6
May 06 09:36:33 dectech-6af36c hypridle[2589]: [LOG]   | got iface: wl_subcompositor v1
May 06 09:36:33 dectech-6af36c hypridle[2589]: [LOG]   | got iface: wl_shm v2
May 06 09:36:33 dectech-6af36c hypridle[2589]: [LOG]   | got iface: wp_viewporter v1
May 06 09:36:33 dectech-6af36c hypridle[2589]: [LOG]   | got iface: wp_tearing_control_manager_v1 v1
May 06 09:36:33 dectech-6af36c hypridle[2589]: [LOG]   | got iface: wp_fractional_scale_manager_v1 v1
May 06 09:36:33 dectech-6af36c hypridle[2589]: [LOG]   | got iface: zxdg_output_manager_v1 v3
May 06 09:36:33 dectech-6af36c hypridle[2589]: [LOG]   | got iface: wp_cursor_shape_manager_v1 v2
May 06 09:36:33 dectech-6af36c hypridle[2589]: [LOG]   | got iface: zwp_idle_inhibit_manager_v1 v1
May 06 09:36:33 dectech-6af36c hypridle[2589]: [LOG]   | got iface: zwp_relative_pointer_manager_v1 v1
May 06 09:36:33 dectech-6af36c hypridle[2589]: [LOG]   | got iface: zxdg_decoration_manager_v1 v1
May 06 09:36:33 dectech-6af36c hypridle[2589]: [LOG]   | got iface: wp_alpha_modifier_v1 v1
May 06 09:36:33 dectech-6af36c hypridle[2589]: [LOG]   | got iface: zwlr_gamma_control_manager_v1 v1
May 06 09:36:33 dectech-6af36c hypridle[2589]: [LOG]   | got iface: ext_foreign_toplevel_list_v1 v1
May 06 09:36:33 dectech-6af36c hypridle[2589]: [LOG]   | got iface: zwp_pointer_gestures_v1 v3
May 06 09:36:33 dectech-6af36c hypridle[2589]: [LOG]   | got iface: zwlr_foreign_toplevel_manager_v1 v3
May 06 09:36:33 dectech-6af36c hypridle[2589]: [LOG]   | got iface: zwp_keyboard_shortcuts_inhibit_manager_v1 v1
May 06 09:36:33 dectech-6af36c hypridle[2589]: [LOG]   | got iface: zwp_text_input_manager_v1 v1
May 06 09:36:33 dectech-6af36c hypridle[2589]: [LOG]   | got iface: zwp_text_input_manager_v3 v1
May 06 09:36:33 dectech-6af36c hypridle[2589]: [LOG]   | got iface: zwp_pointer_constraints_v1 v1
May 06 09:36:33 dectech-6af36c hypridle[2589]: [LOG]   | got iface: zwlr_output_power_manager_v1 v1
May 06 09:36:33 dectech-6af36c hypridle[2589]: [LOG]   | got iface: xdg_activation_v1 v1
May 06 09:36:33 dectech-6af36c hypridle[2589]: [LOG]   | got iface: ext_idle_notifier_v1 v2
May 06 09:36:33 dectech-6af36c hypridle[2589]: [LOG]    > Bound to ext_idle_notifier_v1 v2
May 06 09:36:33 dectech-6af36c hypridle[2589]: [LOG]   | got iface: hyprland_lock_notifier_v1 v1
May 06 09:36:33 dectech-6af36c hypridle[2589]: [LOG]    > Bound to hyprland_lock_notifier_v1 v1
May 06 09:36:33 dectech-6af36c hypridle[2589]: [LOG]   | got iface: ext_session_lock_manager_v1 v1
May 06 09:36:33 dectech-6af36c hypridle[2589]: [LOG]   | got iface: zwp_input_method_manager_v2 v1
May 06 09:36:33 dectech-6af36c hypridle[2589]: [LOG]   | got iface: zwp_virtual_keyboard_manager_v1 v1
May 06 09:36:33 dectech-6af36c hypridle[2589]: [LOG]   | got iface: zwlr_virtual_pointer_manager_v1 v2
May 06 09:36:33 dectech-6af36c hypridle[2589]: [LOG]   | got iface: zwlr_output_manager_v1 v4
May 06 09:36:33 dectech-6af36c hypridle[2589]: [LOG]   | got iface: org_kde_kwin_server_decoration_manager v1
May 06 09:36:33 dectech-6af36c hypridle[2589]: [LOG]   | got iface: hyprland_focus_grab_manager_v1 v1
May 06 09:36:33 dectech-6af36c hypridle[2589]: [LOG]   | got iface: zwp_tablet_manager_v2 v1
May 06 09:36:33 dectech-6af36c hypridle[2589]: [LOG]   | got iface: zwlr_layer_shell_v1 v5
May 06 09:36:33 dectech-6af36c hypridle[2589]: [LOG]   | got iface: wp_presentation v2
May 06 09:36:33 dectech-6af36c hypridle[2589]: [LOG]   | got iface: xdg_wm_base v7
May 06 09:36:33 dectech-6af36c hypridle[2589]: [LOG]   | got iface: zwlr_data_control_manager_v1 v2
May 06 09:36:33 dectech-6af36c hypridle[2589]: [LOG]   | got iface: zwp_primary_selection_device_manager_v1 v1
May 06 09:36:33 dectech-6af36c bluetoothd[1529]: Failed to set default system config for hci0
May 06 09:36:33 dectech-6af36c hypridle[2589]: [LOG]   | got iface: xwayland_shell_v1 v1
May 06 09:36:33 dectech-6af36c hypridle[2589]: [LOG]   | got iface: hyprland_toplevel_mapping_manager_v1 v1
May 06 09:36:33 dectech-6af36c hypridle[2589]: [LOG]   | got iface: hyprland_global_shortcuts_manager_v1 v1
May 06 09:36:33 dectech-6af36c hypridle[2589]: [LOG]   | got iface: xdg_wm_dialog_v1 v1
May 06 09:36:33 dectech-6af36c hypridle[2589]: [LOG]   | got iface: wp_single_pixel_buffer_manager_v1 v1
May 06 09:36:33 dectech-6af36c hypridle[2589]: [LOG]   | got iface: wp_security_context_manager_v1 v1
May 06 09:36:33 dectech-6af36c hypridle[2589]: [LOG]   | got iface: hyprland_ctm_control_manager_v1 v2
May 06 09:36:33 dectech-6af36c hypridle[2589]: [LOG]   | got iface: hyprland_surface_manager_v1 v2
May 06 09:36:33 dectech-6af36c hypridle[2589]: [LOG]   | got iface: wp_content_type_manager_v1 v1
May 06 09:36:33 dectech-6af36c hypridle[2589]: [LOG]   | got iface: xdg_toplevel_tag_manager_v1 v1
May 06 09:36:33 dectech-6af36c hypridle[2589]: [LOG]   | got iface: xdg_system_bell_v1 v1
May 06 09:36:33 dectech-6af36c hypridle[2589]: [LOG]   | got iface: ext_workspace_manager_v1 v1
May 06 09:36:33 dectech-6af36c hypridle[2589]: [LOG]   | got iface: ext_data_control_manager_v1 v1
May 06 09:36:33 dectech-6af36c hypridle[2589]: [LOG]   | got iface: wp_pointer_warp_v1 v1
May 06 09:36:33 dectech-6af36c hypridle[2589]: [LOG]   | got iface: wp_fifo_manager_v1 v1
May 06 09:36:33 dectech-6af36c hypridle[2589]: [LOG]   | got iface: wp_commit_timing_manager_v1 v1
May 06 09:36:33 dectech-6af36c hypridle[2589]: [LOG]   | got iface: zwlr_screencopy_manager_v1 v3
May 06 09:36:33 dectech-6af36c hypridle[2589]: [LOG]   | got iface: hyprland_toplevel_export_manager_v1 v2
May 06 09:36:33 dectech-6af36c hypridle[2589]: [LOG]   | got iface: ext_output_image_capture_source_manager_v1 v1
May 06 09:36:33 dectech-6af36c hypridle[2589]: [LOG]   | got iface: ext_foreign_toplevel_image_capture_source_manager_v1 v1
May 06 09:36:33 dectech-6af36c hypridle[2589]: [LOG]   | got iface: ext_image_copy_capture_manager_v1 v1
May 06 09:36:33 dectech-6af36c hypridle[2589]: [LOG]   | got iface: wp_color_manager_v1 v1
May 06 09:36:33 dectech-6af36c hypridle[2589]: [LOG]   | got iface: wp_drm_lease_device_v1 v1
May 06 09:36:33 dectech-6af36c hypridle[2589]: [LOG]   | got iface: wp_linux_drm_syncobj_manager_v1 v1
May 06 09:36:33 dectech-6af36c hypridle[2589]: [LOG]   | got iface: wl_drm v2
May 06 09:36:33 dectech-6af36c hypridle[2589]: [LOG]   | got iface: zwp_linux_dmabuf_v1 v5
May 06 09:36:33 dectech-6af36c hypridle[2589]: [LOG]   | got iface: wl_output v4
May 06 09:36:33 dectech-6af36c hypridle[2589]: [LOG] found 3 rules
May 06 09:36:33 dectech-6af36c hypridle[2589]: [LOG] wayland done, registering dbus
May 06 09:36:33 dectech-6af36c hypridle[2589]: [LOG] Sleep inhibition enabled
May 06 09:36:33 dectech-6af36c hypridle[2589]: [LOG] Using dbus path /org/freedesktop/login1/session/_31
May 06 09:36:33 dectech-6af36c systemd[1]: Starting Authorization Manager...
May 06 09:36:33 dectech-6af36c systemd[2449]: Starting sandboxed app permission store...
May 06 09:36:33 dectech-6af36c systemd-timesyncd[1078]: Network configuration changed, trying to establish connection.
May 06 09:36:33 dectech-6af36c systemd[2449]: Started sandboxed app permission store.
May 06 09:36:33 dectech-6af36c systemd[2449]: Starting flatpak document portal service...
May 06 09:36:33 dectech-6af36c systemd[2449]: Starting Virtual filesystem service...
May 06 09:36:33 dectech-6af36c systemd[2449]: Started flatpak document portal service.
May 06 09:36:33 dectech-6af36c systemd[2449]: Started Virtual filesystem service.
May 06 09:36:33 dectech-6af36c polkitd[2606]: Started polkitd version 127
May 06 09:36:33 dectech-6af36c systemd[1]: Starting RealtimeKit Scheduling Policy Service...
May 06 09:36:33 dectech-6af36c systemd[1]: Started Authorization Manager.
May 06 09:36:33 dectech-6af36c systemd-timesyncd[1078]: Network configuration changed, trying to establish connection.
May 06 09:36:33 dectech-6af36c systemd-timesyncd[1078]: Network configuration changed, trying to establish connection.
May 06 09:36:33 dectech-6af36c hypridle[2589]: [LOG] Inhibited sleep with fd 10
May 06 09:36:33 dectech-6af36c systemd[1]: Started RealtimeKit Scheduling Policy Service.
May 06 09:36:33 dectech-6af36c rtkit-daemon[2679]: Handling system-suspend using logind.
May 06 09:36:33 dectech-6af36c systemd[2449]: Starting Portal service (Hyprland implementation)...
May 06 09:36:33 dectech-6af36c systemd[2449]: Started Portal service (Hyprland implementation).
May 06 09:36:33 dectech-6af36c xdg-desktop-portal-hyprland[2703]: [LOG] Initializing xdph...
May 06 09:36:33 dectech-6af36c xdg-desktop-portal-hyprland[2703]: [LOG] XDG_CURRENT_DESKTOP set to Hyprland
May 06 09:36:33 dectech-6af36c xdg-desktop-portal-hyprland[2703]: [LOG] Gathering exported interfaces
May 06 09:36:33 dectech-6af36c xdg-desktop-portal-hyprland[2703]: [LOG]  | Got interface: wl_seat (ver 9)
May 06 09:36:33 dectech-6af36c xdg-desktop-portal-hyprland[2703]: [LOG]  | Got interface: wl_data_device_manager (ver 3)
May 06 09:36:33 dectech-6af36c xdg-desktop-portal-hyprland[2703]: [LOG]  | Got interface: wl_compositor (ver 6)
May 06 09:36:33 dectech-6af36c xdg-desktop-portal-hyprland[2703]: [LOG]  | Got interface: wl_subcompositor (ver 1)
May 06 09:36:33 dectech-6af36c xdg-desktop-portal-hyprland[2703]: [LOG]  | Got interface: wl_shm (ver 2)
May 06 09:36:33 dectech-6af36c xdg-desktop-portal-hyprland[2703]: [LOG]  | Got interface: wp_viewporter (ver 1)
May 06 09:36:33 dectech-6af36c xdg-desktop-portal-hyprland[2703]: [LOG]  | Got interface: wp_tearing_control_manager_v1 (ver 1)
May 06 09:36:33 dectech-6af36c xdg-desktop-portal-hyprland[2703]: [LOG]  | Got interface: wp_fractional_scale_manager_v1 (ver 1)
May 06 09:36:33 dectech-6af36c xdg-desktop-portal-hyprland[2703]: [LOG]  | Got interface: zxdg_output_manager_v1 (ver 3)
May 06 09:36:33 dectech-6af36c xdg-desktop-portal-hyprland[2703]: [LOG]  | Got interface: wp_cursor_shape_manager_v1 (ver 2)
May 06 09:36:33 dectech-6af36c xdg-desktop-portal-hyprland[2703]: [LOG]  | Got interface: zwp_idle_inhibit_manager_v1 (ver 1)
May 06 09:36:33 dectech-6af36c xdg-desktop-portal-hyprland[2703]: [LOG]  | Got interface: zwp_relative_pointer_manager_v1 (ver 1)
May 06 09:36:33 dectech-6af36c xdg-desktop-portal-hyprland[2703]: [LOG]  | Got interface: zxdg_decoration_manager_v1 (ver 1)
May 06 09:36:33 dectech-6af36c xdg-desktop-portal-hyprland[2703]: [LOG]  | Got interface: wp_alpha_modifier_v1 (ver 1)
May 06 09:36:33 dectech-6af36c xdg-desktop-portal-hyprland[2703]: [LOG]  | Got interface: zwlr_gamma_control_manager_v1 (ver 1)
May 06 09:36:33 dectech-6af36c xdg-desktop-portal-hyprland[2703]: [LOG]  | Got interface: ext_foreign_toplevel_list_v1 (ver 1)
May 06 09:36:33 dectech-6af36c xdg-desktop-portal-hyprland[2703]: [LOG]  | Got interface: zwp_pointer_gestures_v1 (ver 3)
May 06 09:36:33 dectech-6af36c xdg-desktop-portal-hyprland[2703]: [LOG]  | Got interface: zwlr_foreign_toplevel_manager_v1 (ver 3)
May 06 09:36:33 dectech-6af36c xdg-desktop-portal-hyprland[2703]: [LOG] [toplevel] (activate) locks: 1
May 06 09:36:33 dectech-6af36c xdg-desktop-portal-hyprland[2703]: [LOG]  | Got interface: zwp_keyboard_shortcuts_inhibit_manager_v1 (ver 1)
May 06 09:36:33 dectech-6af36c xdg-desktop-portal-hyprland[2703]: [LOG]  | Got interface: zwp_text_input_manager_v1 (ver 1)
May 06 09:36:33 dectech-6af36c xdg-desktop-portal-hyprland[2703]: [LOG]  | Got interface: zwp_text_input_manager_v3 (ver 1)
May 06 09:36:33 dectech-6af36c xdg-desktop-portal-hyprland[2703]: [LOG]  | Got interface: zwp_pointer_constraints_v1 (ver 1)
May 06 09:36:33 dectech-6af36c xdg-desktop-portal-hyprland[2703]: [LOG]  | Got interface: zwlr_output_power_manager_v1 (ver 1)
May 06 09:36:33 dectech-6af36c xdg-desktop-portal-hyprland[2703]: [LOG]  | Got interface: xdg_activation_v1 (ver 1)
May 06 09:36:33 dectech-6af36c xdg-desktop-portal-hyprland[2703]: [LOG]  | Got interface: ext_idle_notifier_v1 (ver 2)
May 06 09:36:33 dectech-6af36c xdg-desktop-portal-hyprland[2703]: [LOG]  | Got interface: hyprland_lock_notifier_v1 (ver 1)
May 06 09:36:33 dectech-6af36c xdg-desktop-portal-hyprland[2703]: [LOG]  | Got interface: ext_session_lock_manager_v1 (ver 1)
May 06 09:36:33 dectech-6af36c xdg-desktop-portal-hyprland[2703]: [LOG]  | Got interface: zwp_input_method_manager_v2 (ver 1)
May 06 09:36:33 dectech-6af36c xdg-desktop-portal-hyprland[2703]: [LOG]  | Got interface: zwp_virtual_keyboard_manager_v1 (ver 1)
May 06 09:36:33 dectech-6af36c xdg-desktop-portal-hyprland[2703]: [LOG]  | Got interface: zwlr_virtual_pointer_manager_v1 (ver 2)
May 06 09:36:33 dectech-6af36c xdg-desktop-portal-hyprland[2703]: [LOG]  | Got interface: zwlr_output_manager_v1 (ver 4)
May 06 09:36:33 dectech-6af36c xdg-desktop-portal-hyprland[2703]: [LOG]  | Got interface: org_kde_kwin_server_decoration_manager (ver 1)
May 06 09:36:33 dectech-6af36c xdg-desktop-portal-hyprland[2703]: [LOG]  | Got interface: hyprland_focus_grab_manager_v1 (ver 1)
May 06 09:36:33 dectech-6af36c xdg-desktop-portal-hyprland[2703]: [LOG]  | Got interface: zwp_tablet_manager_v2 (ver 1)
May 06 09:36:33 dectech-6af36c xdg-desktop-portal-hyprland[2703]: [LOG]  | Got interface: zwlr_layer_shell_v1 (ver 5)
May 06 09:36:33 dectech-6af36c xdg-desktop-portal-hyprland[2703]: [LOG]  | Got interface: wp_presentation (ver 2)
May 06 09:36:33 dectech-6af36c xdg-desktop-portal-hyprland[2703]: [LOG]  | Got interface: xdg_wm_base (ver 7)
May 06 09:36:33 dectech-6af36c xdg-desktop-portal-hyprland[2703]: [LOG]  | Got interface: zwlr_data_control_manager_v1 (ver 2)
May 06 09:36:33 dectech-6af36c xdg-desktop-portal-hyprland[2703]: [LOG]  | Got interface: zwp_primary_selection_device_manager_v1 (ver 1)
May 06 09:36:33 dectech-6af36c xdg-desktop-portal-hyprland[2703]: [LOG]  | Got interface: xwayland_shell_v1 (ver 1)
May 06 09:36:33 dectech-6af36c xdg-desktop-portal-hyprland[2703]: [LOG]  | Got interface: hyprland_toplevel_mapping_manager_v1 (ver 1)
May 06 09:36:33 dectech-6af36c xdg-desktop-portal-hyprland[2703]: [LOG] [toplevel mapping] registered manager
May 06 09:36:33 dectech-6af36c xdg-desktop-portal-hyprland[2703]: [LOG]  | Got interface: hyprland_global_shortcuts_manager_v1 (ver 1)
May 06 09:36:33 dectech-6af36c xdg-desktop-portal-hyprland[2703]: [LOG] [globalshortcuts] registered
May 06 09:36:33 dectech-6af36c xdg-desktop-portal-hyprland[2703]: [LOG]  | Got interface: xdg_wm_dialog_v1 (ver 1)
May 06 09:36:33 dectech-6af36c xdg-desktop-portal-hyprland[2703]: [LOG]  | Got interface: wp_single_pixel_buffer_manager_v1 (ver 1)
May 06 09:36:33 dectech-6af36c xdg-desktop-portal-hyprland[2703]: [LOG]  | Got interface: wp_security_context_manager_v1 (ver 1)
May 06 09:36:33 dectech-6af36c xdg-desktop-portal-hyprland[2703]: [LOG]  | Got interface: hyprland_ctm_control_manager_v1 (ver 2)
May 06 09:36:33 dectech-6af36c xdg-desktop-portal-hyprland[2703]: [LOG]  | Got interface: hyprland_surface_manager_v1 (ver 2)
May 06 09:36:33 dectech-6af36c xdg-desktop-portal-hyprland[2703]: [LOG]  | Got interface: wp_content_type_manager_v1 (ver 1)
May 06 09:36:33 dectech-6af36c xdg-desktop-portal-hyprland[2703]: [LOG]  | Got interface: xdg_toplevel_tag_manager_v1 (ver 1)
May 06 09:36:33 dectech-6af36c xdg-desktop-portal-hyprland[2703]: [LOG]  | Got interface: xdg_system_bell_v1 (ver 1)
May 06 09:36:33 dectech-6af36c xdg-desktop-portal-hyprland[2703]: [LOG]  | Got interface: ext_workspace_manager_v1 (ver 1)
May 06 09:36:33 dectech-6af36c xdg-desktop-portal-hyprland[2703]: [LOG]  | Got interface: ext_data_control_manager_v1 (ver 1)
May 06 09:36:33 dectech-6af36c xdg-desktop-portal-hyprland[2703]: [LOG]  | Got interface: wp_pointer_warp_v1 (ver 1)
May 06 09:36:33 dectech-6af36c xdg-desktop-portal-hyprland[2703]: [LOG]  | Got interface: wp_fifo_manager_v1 (ver 1)
May 06 09:36:33 dectech-6af36c xdg-desktop-portal-hyprland[2703]: [LOG]  | Got interface: wp_commit_timing_manager_v1 (ver 1)
May 06 09:36:33 dectech-6af36c xdg-desktop-portal-hyprland[2703]: [LOG]  | Got interface: zwlr_screencopy_manager_v1 (ver 3)
May 06 09:36:33 dectech-6af36c xdg-desktop-portal-hyprland[2703]: [LOG] [pipewire] connected
May 06 09:36:33 dectech-6af36c xdg-desktop-portal-hyprland[2703]: [LOG] [screencopy] init successful
May 06 09:36:33 dectech-6af36c xdg-desktop-portal-hyprland[2703]: [LOG]  | Got interface: hyprland_toplevel_export_manager_v1 (ver 2)
May 06 09:36:33 dectech-6af36c xdg-desktop-portal-hyprland[2703]: [LOG]  | Got interface: ext_output_image_capture_source_manager_v1 (ver 1)
May 06 09:36:33 dectech-6af36c xdg-desktop-portal-hyprland[2703]: [LOG]  | Got interface: ext_foreign_toplevel_image_capture_source_manager_v1 (ver 1)
May 06 09:36:33 dectech-6af36c xdg-desktop-portal-hyprland[2703]: [LOG]  | Got interface: ext_image_copy_capture_manager_v1 (ver 1)
May 06 09:36:33 dectech-6af36c xdg-desktop-portal-hyprland[2703]: [LOG]  | Got interface: wp_color_manager_v1 (ver 1)
May 06 09:36:33 dectech-6af36c xdg-desktop-portal-hyprland[2703]: [LOG]  | Got interface: wp_drm_lease_device_v1 (ver 1)
May 06 09:36:33 dectech-6af36c xdg-desktop-portal-hyprland[2703]: [LOG]  | Got interface: wp_linux_drm_syncobj_manager_v1 (ver 1)
May 06 09:36:33 dectech-6af36c xdg-desktop-portal-hyprland[2703]: [LOG]  | Got interface: wl_drm (ver 2)
May 06 09:36:33 dectech-6af36c xdg-desktop-portal-hyprland[2703]: [LOG]  | Got interface: zwp_linux_dmabuf_v1 (ver 5)
May 06 09:36:33 dectech-6af36c systemd[2449]: Started PipeWire Multimedia Service.
May 06 09:36:33 dectech-6af36c systemd[2449]: Started Multimedia Service Session Manager.
May 06 09:36:33 dectech-6af36c systemd[2449]: Started Portal service.
May 06 09:36:33 dectech-6af36c /nix/store/ih7w44bx3c8nh807h9dqlzcjcfwafbap-xdg-desktop-portal-1.20.4/libexec/xdg-desktop-portal[2593]: Realtime error: Could not get pidns for pid 2705: Could not fstatat ns/pid: Not a directory
May 06 09:36:33 dectech-6af36c /nix/store/ih7w44bx3c8nh807h9dqlzcjcfwafbap-xdg-desktop-portal-1.20.4/libexec/xdg-desktop-portal[2593]: Realtime error: Could not get pidns for pid 2705: Could not fstatat ns/pid: Not a directory
May 06 09:36:33 dectech-6af36c /nix/store/ih7w44bx3c8nh807h9dqlzcjcfwafbap-xdg-desktop-portal-1.20.4/libexec/xdg-desktop-portal[2593]: Realtime error: Could not get pidns for pid 2708: Could not fstatat ns/pid: Not a directory
May 06 09:36:33 dectech-6af36c /nix/store/ih7w44bx3c8nh807h9dqlzcjcfwafbap-xdg-desktop-portal-1.20.4/libexec/xdg-desktop-portal[2593]: Realtime error: Could not get pidns for pid 2708: Could not fstatat ns/pid: Not a directory
May 06 09:36:33 dectech-6af36c gjs[2591]: json_node_get_string: assertion 'JSON_NODE_IS_VALID (node)' failed
May 06 09:36:33 dectech-6af36c gjs[2591]: astal_hyprland_hyprland_get_client: assertion 'address != NULL' failed
May 06 09:36:33 dectech-6af36c wireplumber[2708]: default: Failed to get percentage from UPower: org.freedesktop.DBus.Error.NameHasNoOwner
May 06 09:36:33 dectech-6af36c kernel: Bluetooth: RFCOMM TTY layer initialized
May 06 09:36:33 dectech-6af36c kernel: Bluetooth: RFCOMM socket layer initialized
May 06 09:36:33 dectech-6af36c kernel: Bluetooth: RFCOMM ver 1.11
May 06 09:36:33 dectech-6af36c bluetoothd[1529]: Endpoint registered: sender=:1.33 path=/MediaEndpoint/A2DPSource/ldac
May 06 09:36:33 dectech-6af36c bluetoothd[1529]: Endpoint registered: sender=:1.33 path=/MediaEndpoint/A2DPSink/aptx_hd
May 06 09:36:33 dectech-6af36c bluetoothd[1529]: Endpoint registered: sender=:1.33 path=/MediaEndpoint/A2DPSource/aptx_hd
May 06 09:36:33 dectech-6af36c bluetoothd[1529]: Endpoint registered: sender=:1.33 path=/MediaEndpoint/A2DPSink/aptx
May 06 09:36:33 dectech-6af36c bluetoothd[1529]: Endpoint registered: sender=:1.33 path=/MediaEndpoint/A2DPSource/aptx
May 06 09:36:33 dectech-6af36c bluetoothd[1529]: Endpoint registered: sender=:1.33 path=/MediaEndpoint/A2DPSink/aac
May 06 09:36:33 dectech-6af36c bluetoothd[1529]: Endpoint registered: sender=:1.33 path=/MediaEndpoint/A2DPSource/aac
May 06 09:36:33 dectech-6af36c bluetoothd[1529]: Endpoint registered: sender=:1.33 path=/MediaEndpoint/A2DPSink/opus_g
May 06 09:36:33 dectech-6af36c bluetoothd[1529]: Endpoint registered: sender=:1.33 path=/MediaEndpoint/A2DPSource/opus_g
May 06 09:36:33 dectech-6af36c bluetoothd[1529]: Endpoint registered: sender=:1.33 path=/MediaEndpoint/A2DPSink/sbc
May 06 09:36:33 dectech-6af36c bluetoothd[1529]: Endpoint registered: sender=:1.33 path=/MediaEndpoint/A2DPSource/sbc
May 06 09:36:33 dectech-6af36c bluetoothd[1529]: Endpoint registered: sender=:1.33 path=/MediaEndpoint/A2DPSource/aptx_ll_1
May 06 09:36:33 dectech-6af36c bluetoothd[1529]: Endpoint registered: sender=:1.33 path=/MediaEndpoint/A2DPSource/aptx_ll_0
May 06 09:36:33 dectech-6af36c bluetoothd[1529]: Endpoint registered: sender=:1.33 path=/MediaEndpoint/A2DPSource/aptx_ll_duplex_1
May 06 09:36:33 dectech-6af36c bluetoothd[1529]: Endpoint registered: sender=:1.33 path=/MediaEndpoint/A2DPSource/aptx_ll_duplex_0
May 06 09:36:33 dectech-6af36c bluetoothd[1529]: Endpoint registered: sender=:1.33 path=/MediaEndpoint/A2DPSource/faststream
May 06 09:36:33 dectech-6af36c bluetoothd[1529]: Endpoint registered: sender=:1.33 path=/MediaEndpoint/A2DPSource/faststream_duplex
May 06 09:36:33 dectech-6af36c bluetoothd[1529]: Endpoint registered: sender=:1.33 path=/MediaEndpoint/A2DPSink/opus_05
May 06 09:36:33 dectech-6af36c bluetoothd[1529]: Endpoint registered: sender=:1.33 path=/MediaEndpoint/A2DPSource/opus_05
May 06 09:36:33 dectech-6af36c bluetoothd[1529]: Endpoint registered: sender=:1.33 path=/MediaEndpoint/A2DPSink/opus_05_duplex
May 06 09:36:33 dectech-6af36c bluetoothd[1529]: Endpoint registered: sender=:1.33 path=/MediaEndpoint/A2DPSource/opus_05_duplex
May 06 09:36:33 dectech-6af36c wireplumber[2708]: [0:00:37.407813160] [2708]  INFO IPAManager ipa_manager.cpp:147 libcamera is not installed. Adding '/nix/store/src/ipa' to the IPA search path
May 06 09:36:33 dectech-6af36c wireplumber[2708]: [0:00:37.409533049] [2708]  INFO Camera camera_manager.cpp:340 libcamera v0.7.0
May 06 09:36:33 dectech-6af36c dbus-broker-launch[1524]: Activation request for 'org.freedesktop.UPower' failed: The systemd unit 'upower.service' could not be found.
May 06 09:36:33 dectech-6af36c gjs[2591]: file.vala:46: Error opening file “/home/zozano/.config/hyprpanel/config.json”: Too many levels of symbolic links
May 06 09:36:33 dectech-6af36c .hyprpanel-wrap[2591]: No supported GPU monitoring tool found
May 06 09:36:33 dectech-6af36c gjs[2591]: file.vala:46: Error opening file “/home/zozano/.config/hyprpanel/config.json”: Too many levels of symbolic links
May 06 09:36:33 dectech-6af36c systemd[2449]: Starting Virtual filesystem metadata service...
May 06 09:36:33 dectech-6af36c systemd[2449]: Started Virtual filesystem metadata service.
May 06 09:36:33 dectech-6af36c .hyprpanel-wrap[2591]: Startup scripts: 10.0ms
May 06 09:36:33 dectech-6af36c .hyprpanel-wrap[2591]: Notifications: 8.3ms
May 06 09:36:33 dectech-6af36c .hyprpanel-wrap[2591]: OSD: 20.1ms
May 06 09:36:33 dectech-6af36c .hyprpanel-wrap[2591]: Bars: 35.1ms
May 06 09:36:34 dectech-6af36c .hyprpanel-wrap[2591]: Menus: 96.8ms
May 06 09:36:34 dectech-6af36c .hyprpanel-wrap[2591]: System behaviors: 0.8ms
May 06 09:36:34 dectech-6af36c .hyprpanel-wrap[2591]: Monitor handlers: 0.0ms
May 06 09:36:34 dectech-6af36c .hyprpanel-wrap[2591]: HyprPanel initialization: 173.0ms
May 06 09:36:34 dectech-6af36c systemd[2449]: Started app-signal-2563.scope.
May 06 09:36:34 dectech-6af36c .hyprpanel-wrap[2591]: Failed to fetch weather from WeatherAPI.com: Gio.ResolverError: Error resolving “api.weatherapi.com”: Name or service not known
May 06 09:36:34 dectech-6af36c systemd[1]: systemd-rfkill.service: Deactivated successfully.
May 06 09:36:34 dectech-6af36c avahi-daemon[1528]: Leaving mDNS multicast group on interface enp10s0.IPv6 with address fe80::5ad0:54ad:16e0:7c30.
May 06 09:36:34 dectech-6af36c avahi-daemon[1528]: Joining mDNS multicast group on interface enp10s0.IPv6 with address fd1f:c95:1acd:0:c56d:3ebf:f875:5f4b.
May 06 09:36:34 dectech-6af36c avahi-daemon[1528]: Registering new address record for fd1f:c95:1acd:0:c56d:3ebf:f875:5f4b on enp10s0.*.
May 06 09:36:34 dectech-6af36c avahi-daemon[1528]: Withdrawing address record for fe80::5ad0:54ad:16e0:7c30 on enp10s0.
May 06 09:36:34 dectech-6af36c dbus-broker-launch[1524]: Activation request for 'org.freedesktop.resolve1' failed: The systemd unit 'dbus-org.freedesktop.resolve1.service' could not be found.
May 06 09:36:34 dectech-6af36c systemd[1]: Stopped target Host and Network Name Lookups.
May 06 09:36:34 dectech-6af36c systemd[1]: Stopping Host and Network Name Lookups...
May 06 09:36:34 dectech-6af36c systemd[1]: Stopped target User and Group Name Lookups.
May 06 09:36:34 dectech-6af36c systemd[1]: Stopping User and Group Name Lookups...
May 06 09:36:34 dectech-6af36c systemd[1]: Stopping Name Service Cache Daemon (nsncd)...
May 06 09:36:34 dectech-6af36c systemd[1]: nscd.service: Deactivated successfully.
May 06 09:36:34 dectech-6af36c systemd[1]: Stopped Name Service Cache Daemon (nsncd).
May 06 09:36:34 dectech-6af36c systemd[1]: nscd.service: Consumed 112ms CPU time over 5.173s wall clock time, 4.4M memory peak, 6.1K outgoing IP traffic.
May 06 09:36:34 dectech-6af36c avahi-daemon[1528]: Got SIGHUP, reloading.
May 06 09:36:34 dectech-6af36c avahi-daemon[1528]: No service file found in /etc/avahi/services.
May 06 09:36:34 dectech-6af36c systemd[1]: Starting Name Service Cache Daemon (nsncd)...
May 06 09:36:34 dectech-6af36c avahi-daemon[1528]: Registering new address record for fd1f:c95:1acd::be3 on enp10s0.*.
May 06 09:36:34 dectech-6af36c nsncd[3425]: May 05 23:36:34.774 INFO started, config: Config { ignored_request_types: {}, worker_count: 8, handoff_timeout: 10s }, path: "/var/run/nscd/socket"
May 06 09:36:34 dectech-6af36c systemd[1]: Started Name Service Cache Daemon (nsncd).
May 06 09:36:34 dectech-6af36c systemd[1]: Reached target Host and Network Name Lookups.
May 06 09:36:34 dectech-6af36c systemd[1]: Reached target User and Group Name Lookups.
May 06 09:36:35 dectech-6af36c kernel: logitech-hidpp-device 0003:046D:4086.0009: HID++ 4.2 device connected.
May 06 09:36:35 dectech-6af36c avahi-daemon[1528]: Joining mDNS multicast group on interface enp10s0.IPv4 with address 192.168.1.122.
May 06 09:36:35 dectech-6af36c avahi-daemon[1528]: New relevant interface enp10s0.IPv4 for mDNS.
May 06 09:36:35 dectech-6af36c avahi-daemon[1528]: Registering new address record for 192.168.1.122 on enp10s0.IPv4.
May 06 09:36:35 dectech-6af36c systemd[1]: Stopped target Host and Network Name Lookups.
May 06 09:36:35 dectech-6af36c systemd[1]: Stopping Host and Network Name Lookups...
May 06 09:36:35 dectech-6af36c systemd[1]: Stopped target User and Group Name Lookups.
May 06 09:36:35 dectech-6af36c systemd[1]: Stopping User and Group Name Lookups...
May 06 09:36:35 dectech-6af36c systemd[1]: Stopping Name Service Cache Daemon (nsncd)...
May 06 09:36:35 dectech-6af36c systemd[1]: nscd.service: Deactivated successfully.
May 06 09:36:35 dectech-6af36c systemd[1]: Stopped Name Service Cache Daemon (nsncd).
May 06 09:36:35 dectech-6af36c systemd[1]: nscd.service: Consumed 13ms CPU time over 482ms wall clock time, 3.5M memory peak, 190B incoming IP traffic, 184B outgoing IP traffic.
May 06 09:36:35 dectech-6af36c avahi-daemon[1528]: Got SIGHUP, reloading.
May 06 09:36:35 dectech-6af36c avahi-daemon[1528]: No service file found in /etc/avahi/services.
May 06 09:36:35 dectech-6af36c systemd[1]: Starting Name Service Cache Daemon (nsncd)...
May 06 09:36:35 dectech-6af36c nsncd[3510]: May 05 23:36:35.263 INFO started, config: Config { ignored_request_types: {}, worker_count: 8, handoff_timeout: 10s }, path: "/var/run/nscd/socket"
May 06 09:36:35 dectech-6af36c systemd[1]: Started Name Service Cache Daemon (nsncd).
May 06 09:36:35 dectech-6af36c systemd[1]: Reached target Host and Network Name Lookups.
May 06 09:36:35 dectech-6af36c systemd[1]: Reached target User and Group Name Lookups.
May 06 09:36:35 dectech-6af36c systemd[1]: Finished Network Manager Wait Online.
May 06 09:36:35 dectech-6af36c systemd[1]: Reached target Network is Online.
May 06 09:36:35 dectech-6af36c systemd[1]: Started ComfyUI - A powerful and modular diffusion model GUI.
May 06 09:36:35 dectech-6af36c systemd[1]: Starting podman-tdarr-node.service...
May 06 09:36:35 dectech-6af36c systemd[1]: Starting Tailscale node agent...
May 06 09:36:35 dectech-6af36c systemd[1]: Starting TeamViewer remote control daemon...
May 06 09:36:35 dectech-6af36c systemd[1]: Started TeamViewer remote control daemon.
May 06 09:36:35 dectech-6af36c systemd[1]: var-lib-containers-storage-overlay.mount: Deactivated successfully.
May 06 09:36:35 dectech-6af36c tailscaled[3536]: TPM: successfully read all properties
May 06 09:36:35 dectech-6af36c tailscaled[3536]: logtail started
May 06 09:36:35 dectech-6af36c tailscaled[3536]: Program starting: v1.96.5, Go 1.26.2: []string{"/nix/store/hypnp3gqf2k0bsgi7jq5anwbgv9q9pzl-tailscale-1.96.5/bin/tailscaled", "--state=/var/lib/tailscale/tailscaled.state", "--socket=/run/tailscale/tailscaled.sock", "--port=41641", "--tun", "tailscale0"}
May 06 09:36:35 dectech-6af36c tailscaled[3536]: LogID: a53ce9c32819e8667349d541a432fc3ab78ba2165cd3380a404e1f2841e5e3a8
May 06 09:36:35 dectech-6af36c tailscaled[3536]: logpolicy: using $STATE_DIRECTORY, "/var/lib/tailscale"
May 06 09:36:35 dectech-6af36c tailscaled[3536]: dns: [rc=resolvconf resolvconf=openresolv ret=openresolv]
May 06 09:36:35 dectech-6af36c tailscaled[3536]: dns: using "openresolv" mode
May 06 09:36:35 dectech-6af36c tailscaled[3536]: dns: using dns.openresolvManager
May 06 09:36:35 dectech-6af36c podman[3617]: 2026-05-06 09:36:35.419847155 +1000 AEST m=+0.015633736 image pull 1fe0c1d8c0a8e6afb7fe9d3f28e3a1b35d213a338d319a958ffed98ae6799f58 ghcr.io/haveagitgat/tdarr_node:latest
May 06 09:36:35 dectech-6af36c tailscaled[3536]: wgengine.NewUserspaceEngine(tun "tailscale0") ...
May 06 09:36:35 dectech-6af36c systemd[1]: Started Tailscale node agent.
May 06 09:36:35 dectech-6af36c systemd[1]: Mounting /data...
May 06 09:36:35 dectech-6af36c systemd[1]: Starting tailscaled-autoconnect.service...
May 06 09:36:35 dectech-6af36c kernel: tun: Universal TUN/TAP device driver, 1.6
May 06 09:36:35 dectech-6af36c tailscaled[3536]: dns: [rc=resolvconf resolvconf=openresolv ret=openresolv]
May 06 09:36:35 dectech-6af36c tailscaled[3536]: dns: using "openresolv" mode
May 06 09:36:35 dectech-6af36c tailscaled[3536]: dns: using dns.openresolvManager
May 06 09:36:35 dectech-6af36c tailscaled[3536]: link state: interfaces.State{defaultRoute=enp10s0 ifs={enp10s0:[192.168.1.122/24 fd1f:c95:1acd::be3/128 fd1f:c95:1acd:0:c56d:3ebf:f875:5f4b/64 fd1f:c95:1acd:0:e244:b5be:8a82:9cce/64 llu6]} v4=true v6=true}
May 06 09:36:35 dectech-6af36c tailscaled[3536]: router: portUpdate(port=41641, network=udp6)
May 06 09:36:35 dectech-6af36c tailscaled[3536]: router: using firewall mode pref
May 06 09:36:35 dectech-6af36c tailscaled[3536]: magicsock: disco key = d:67e57e4358394496
May 06 09:36:35 dectech-6af36c tailscaled[3536]: Creating WireGuard device...
May 06 09:36:35 dectech-6af36c tailscaled[3536]: Bringing WireGuard device up...
May 06 09:36:35 dectech-6af36c tailscaled[3536]: Bringing router up...
May 06 09:36:35 dectech-6af36c tailscaled[3536]: external route: up
May 06 09:36:35 dectech-6af36c tailscaled[3536]: router: default choosing iptables
May 06 09:36:35 dectech-6af36c tailscaled[3536]: router: netfilter running in iptables mode v6 = true, v6filter = true, v6nat = true
May 06 09:36:35 dectech-6af36c tailscaled[3536]: router: portUpdate(port=41641, network=udp4)
May 06 09:36:35 dectech-6af36c tailscaled[3536]: Clearing router settings...
May 06 09:36:35 dectech-6af36c tailscaled[3536]: Starting network monitor...
May 06 09:36:35 dectech-6af36c tailscaled[3536]: Engine created.
May 06 09:36:35 dectech-6af36c tailscaled[3536]: pm: using backend prefs for "profile-44d5": Prefs{ra=false dns=true want=true routes=[] statefulFiltering=false nf=on url="https://headscale.dectech.au" update=check Persist{o=, n=[beYU0] u="main-pc" ak=-}}
May 06 09:36:35 dectech-6af36c tailscaled[3536]: envknob: PORT="41641"
May 06 09:36:35 dectech-6af36c tailscaled[3536]: monitor: gateway and self IP changed: gw=192.168.1.1 self=192.168.1.122
May 06 09:36:35 dectech-6af36c tailscaled[3536]: logpolicy: using $STATE_DIRECTORY, "/var/lib/tailscale"
May 06 09:36:35 dectech-6af36c tailscaled[3536]: linkChange: in state NoState; PAC or proxyConfig changed; updating routes
May 06 09:36:35 dectech-6af36c tailscaled[3536]: got LocalBackend in 29ms
May 06 09:36:35 dectech-6af36c tailscaled[3536]: Start
May 06 09:36:35 dectech-6af36c tailscaled[3536]: ipnext: active extensions: relayserver, taildrop, conn25, portlist, posture, clientupdate
May 06 09:36:35 dectech-6af36c tailscaled[3536]: Backend: logs: be:a53ce9c32819e8667349d541a432fc3ab78ba2165cd3380a404e1f2841e5e3a8 fe:
May 06 09:36:35 dectech-6af36c tailscaled[3536]: control: client.Login(0)
May 06 09:36:35 dectech-6af36c tailscaled[3536]: control: doLogin(regen=false, hasUrl=false)
May 06 09:36:35 dectech-6af36c tailscaled[3536]: health(warnable=warming-up): error: Tailscale is starting. Please wait.
May 06 09:36:35 dectech-6af36c tailscaled-autoconnect-start[3844]: Waiting for Tailscale State = Running or systemd timeout
May 06 09:36:35 dectech-6af36c tailscaled-autoconnect-start[3844]: State = NoState
May 06 09:36:35 dectech-6af36c tailscaled[3536]: control: control server key from https://headscale.dectech.au: ts2021=[J/GQJ], legacy=
May 06 09:36:35 dectech-6af36c tailscaled[3536]: control: RegisterReq: onode= node=[beYU0] fup=false nks=false
May 06 09:36:35 dectech-6af36c tailscaled[3536]: control: RegisterReq: got response; nodeKeyExpired=false, machineAuthorized=true; authURL=false
May 06 09:36:35 dectech-6af36c systemd[2449]: Started PipeWire PulseAudio.
May 06 09:36:35 dectech-6af36c /nix/store/ih7w44bx3c8nh807h9dqlzcjcfwafbap-xdg-desktop-portal-1.20.4/libexec/xdg-desktop-portal[2593]: Realtime error: Could not get pidns for pid 4086: Could not fstatat ns/pid: Not a directory
May 06 09:36:35 dectech-6af36c /nix/store/ih7w44bx3c8nh807h9dqlzcjcfwafbap-xdg-desktop-portal-1.20.4/libexec/xdg-desktop-portal[2593]: Realtime error: Could not get pidns for pid 4086: Could not fstatat ns/pid: Not a directory
May 06 09:36:35 dectech-6af36c systemd[1]: Mounted /data.
May 06 09:36:36 dectech-6af36c systemd[1]: server.automount: Got automount request for /server, triggered by 4205 (bwrap)
May 06 09:36:36 dectech-6af36c systemd[2449]: Started Music Player Daemon.
May 06 09:36:36 dectech-6af36c systemd[2449]: Started MPRIS bridge for MPD.
May 06 09:36:36 dectech-6af36c systemd[2449]: Reached target Main User Target.
May 06 09:36:36 dectech-6af36c systemd[2449]: Startup finished in 4.241s.
May 06 09:36:36 dectech-6af36c podman[3617]: 2026-05-06 09:36:36.01626057 +1000 AEST m=+0.612047151 container create 07bb5037b3d26d2a8fb48ef76e17808077f44347a4ac6ac4a1dff1c1994618a0 (image=ghcr.io/haveagitgat/tdarr_node:latest, name=tdarr-node, org.opencontainers.image.source=https://github.com/HaveAGitGat/tdarr_express_be, org.opencontainers.image.url=https://github.com/HaveAGitGat/tdarr_express_be, maintainer=TheLamer, org.opencontainers.image.vendor=linuxserver.io, org.opencontainers.image.title=tdarr_express_be, org.opencontainers.image.revision=b3d708db5da67c5c2722628f8b8a648ed6e678d0, org.opencontainers.image.version=dev_2.69.01_2026_04_16T05_54_14z, io.containers.autoupdate=registry, PODMAN_SYSTEMD_UNIT=podman-tdarr-node.service, org.opencontainers.image.description=, org.opencontainers.image.authors=linuxserver.io, org.opencontainers.image.ref.name=a5dcbdd127821573f2ae517aa5aa2d86618165d9, org.opencontainers.image.documentation=https://docs.linuxserver.io/images/docker-baseimage-ubuntu, org.opencontainers.image.created=2026-04-16T06:13:23.193Z, build_version=Linuxserver.io version:- 36b6b93c-ls52 Build-date:- 2025-10-21T23:31:51+00:00, org.opencontainers.image.licenses=)
May 06 09:36:36 dectech-6af36c mpdris2-rs[4217]:  INFO [mpdris2_rs] Connecting to default MPD server: localhost:6600
May 06 09:36:36 dectech-6af36c kernel: bridge: filtering via arp/ip/ip6tables is no longer available by default. Update your scripts to load br_netfilter if you need this.
May 06 09:36:36 dectech-6af36c avahi-daemon[1528]: Joining mDNS multicast group on interface podman1.IPv4 with address 10.89.0.1.
May 06 09:36:36 dectech-6af36c avahi-daemon[1528]: New relevant interface podman1.IPv4 for mDNS.
May 06 09:36:36 dectech-6af36c tailscaled[3536]: monitor: RTM_NEWROUTE: src=10.89.0.1/0, dst=10.89.0.1/32, gw=, outif=6, table=255
May 06 09:36:36 dectech-6af36c tailscaled[3536]: monitor: RTM_NEWROUTE: src=10.89.0.1/0, dst=10.89.0.255/32, gw=, outif=6, table=255
May 06 09:36:36 dectech-6af36c tailscaled[3536]: monitor: RTM_NEWROUTE: src=10.89.0.1/0, dst=10.89.0.0/24, gw=, outif=6, table=254
May 06 09:36:36 dectech-6af36c avahi-daemon[1528]: Registering new address record for 10.89.0.1 on podman1.IPv4.
May 06 09:36:36 dectech-6af36c kernel: podman1: port 1(veth0) entered blocking state
May 06 09:36:36 dectech-6af36c kernel: podman1: port 1(veth0) entered disabled state
May 06 09:36:36 dectech-6af36c kernel: veth0: entered allmulticast mode
May 06 09:36:36 dectech-6af36c kernel: veth0: entered promiscuous mode
May 06 09:36:36 dectech-6af36c kernel: podman1: port 1(veth0) entered blocking state
May 06 09:36:36 dectech-6af36c kernel: podman1: port 1(veth0) entered forwarding state
May 06 09:36:36 dectech-6af36c kernel: podman1: port 1(veth0) entered disabled state
May 06 09:36:36 dectech-6af36c kernel: podman1: port 1(veth0) entered blocking state
May 06 09:36:36 dectech-6af36c kernel: podman1: port 1(veth0) entered forwarding state
May 06 09:36:36 dectech-6af36c systemd[1]: Started [systemd-run] /nix/store/1y9yqcgynsi97sb17was2rfw53048nf7-podman-5.8.2/libexec/podman/aardvark-dns --config /run/containers/networks/aardvark-dns -p 53 run.
May 06 09:36:36 dectech-6af36c systemd[1]: Created slice Virtual Machine and Container Slice.
May 06 09:36:36 dectech-6af36c systemd[1]: Started libcrun container.
May 06 09:36:36 dectech-6af36c tailscaled[3536]: health(warnable=not-in-map-poll): ok
May 06 09:36:36 dectech-6af36c tailscaled[3536]: active login: main-pc
May 06 09:36:36 dectech-6af36c tailscaled[3536]: netmap: suggested exit node: no preferred DERP, try again later
May 06 09:36:36 dectech-6af36c tailscaled[3536]: Switching ipn state NoState -> Starting (WantRunning=true, nm=true)
May 06 09:36:36 dectech-6af36c tailscaled[3536]: magicsock: SetPrivateKey called (init)
May 06 09:36:36 dectech-6af36c tailscaled[3536]: wgengine: Reconfig: configuring userspace WireGuard config (with 0/5 peers)
May 06 09:36:36 dectech-6af36c tailscaled[3536]: wgengine: Reconfig: configuring router
May 06 09:36:36 dectech-6af36c tailscaled[3536]: monitor: RTM_NEWROUTE: src=, dst=fd1f:c95:1acd::be3/128, gw=, outif=3, table=255
May 06 09:36:36 dectech-6af36c tailscaled[3536]: router: enabling connmark-based rp_filter workaround
May 06 09:36:36 dectech-6af36c tailscaled[3536]: wgengine: Reconfig: user dialer
May 06 09:36:36 dectech-6af36c tailscaled[3536]: tsdial: bart table size: 8
May 06 09:36:36 dectech-6af36c tailscaled[3536]: wgengine: Reconfig: configuring DNS
May 06 09:36:36 dectech-6af36c tailscaled[3536]: dns: Set: {DefaultResolvers:[1.1.1.1 8.8.4.4] Routes:{ts.dectech.au.:[]}+65arpa SearchDomains:[ts.dectech.au.] Hosts:6}
May 06 09:36:36 dectech-6af36c tailscaled[3536]: dns: Resolvercfg: {Routes:{.:[1.1.1.1 8.8.4.4]} Hosts:6 LocalDomains:[ts.dectech.au.]+65arpa}
May 06 09:36:36 dectech-6af36c tailscaled[3536]: dns: OScfg: {Nameservers:[100.100.100.100 fd7a:115c:a1e0::53] SearchDomains:[ts.dectech.au.] }
May 06 09:36:36 dectech-6af36c tailscaled[3536]: monitor: RTM_NEWROUTE: src=, dst=fd1f:c95:1acd:0:c56d:3ebf:f875:5f4b/128, gw=, outif=3, table=255
May 06 09:36:36 dectech-6af36c systemd[1]: Stopped target Host and Network Name Lookups.
May 06 09:36:36 dectech-6af36c systemd[1]: Stopping Host and Network Name Lookups...
May 06 09:36:36 dectech-6af36c systemd[1]: Stopped target User and Group Name Lookups.
May 06 09:36:36 dectech-6af36c systemd[1]: Stopping User and Group Name Lookups...
May 06 09:36:36 dectech-6af36c systemd[1]: Stopping Name Service Cache Daemon (nsncd)...
May 06 09:36:36 dectech-6af36c systemd[1]: nscd.service: Deactivated successfully.
May 06 09:36:36 dectech-6af36c systemd[1]: Stopped Name Service Cache Daemon (nsncd).
May 06 09:36:36 dectech-6af36c avahi-daemon[1528]: Got SIGHUP, reloading.
May 06 09:36:36 dectech-6af36c avahi-daemon[1528]: No service file found in /etc/avahi/services.
May 06 09:36:36 dectech-6af36c systemd[1]: Starting Name Service Cache Daemon (nsncd)...
May 06 09:36:36 dectech-6af36c tailscaled[3536]: peerapi: serving on http://100.64.0.5:41053
May 06 09:36:36 dectech-6af36c tailscaled[3536]: peerapi: serving on http://[fd7a:115c:a1e0::5]:44445
May 06 09:36:36 dectech-6af36c nsncd[4679]: May 05 23:36:36.348 INFO started, config: Config { ignored_request_types: {}, worker_count: 8, handoff_timeout: 10s }, path: "/var/run/nscd/socket"
May 06 09:36:36 dectech-6af36c systemd[1]: Started Name Service Cache Daemon (nsncd).
May 06 09:36:36 dectech-6af36c systemd[1]: Reached target Host and Network Name Lookups.
May 06 09:36:36 dectech-6af36c systemd[1]: Reached target User and Group Name Lookups.
May 06 09:36:36 dectech-6af36c systemd[1]: Mounting /server...
May 06 09:36:36 dectech-6af36c podman[3617]: 2026-05-06 09:36:36.480574556 +1000 AEST m=+1.076361137 container init 07bb5037b3d26d2a8fb48ef76e17808077f44347a4ac6ac4a1dff1c1994618a0 (image=ghcr.io/haveagitgat/tdarr_node:latest, name=tdarr-node, org.opencontainers.image.revision=b3d708db5da67c5c2722628f8b8a648ed6e678d0, org.opencontainers.image.authors=linuxserver.io, io.containers.autoupdate=registry, PODMAN_SYSTEMD_UNIT=podman-tdarr-node.service, org.opencontainers.image.documentation=https://docs.linuxserver.io/images/docker-baseimage-ubuntu, org.opencontainers.image.vendor=linuxserver.io, org.opencontainers.image.version=dev_2.69.01_2026_04_16T05_54_14z, org.opencontainers.image.ref.name=a5dcbdd127821573f2ae517aa5aa2d86618165d9, org.opencontainers.image.url=https://github.com/HaveAGitGat/tdarr_express_be, org.opencontainers.image.title=tdarr_express_be, org.opencontainers.image.created=2026-04-16T06:13:23.193Z, org.opencontainers.image.description=, build_version=Linuxserver.io version:- 36b6b93c-ls52 Build-date:- 2025-10-21T23:31:51+00:00, org.opencontainers.image.source=https://github.com/HaveAGitGat/tdarr_express_be, org.opencontainers.image.licenses=, maintainer=TheLamer)
May 06 09:36:36 dectech-6af36c podman[3617]: 2026-05-06 09:36:36.482732215 +1000 AEST m=+1.078518796 container start 07bb5037b3d26d2a8fb48ef76e17808077f44347a4ac6ac4a1dff1c1994618a0 (image=ghcr.io/haveagitgat/tdarr_node:latest, name=tdarr-node, org.opencontainers.image.documentation=https://docs.linuxserver.io/images/docker-baseimage-ubuntu, org.opencontainers.image.url=https://github.com/HaveAGitGat/tdarr_express_be, org.opencontainers.image.description=, org.opencontainers.image.version=dev_2.69.01_2026_04_16T05_54_14z, io.containers.autoupdate=registry, org.opencontainers.image.source=https://github.com/HaveAGitGat/tdarr_express_be, org.opencontainers.image.created=2026-04-16T06:13:23.193Z, org.opencontainers.image.revision=b3d708db5da67c5c2722628f8b8a648ed6e678d0, org.opencontainers.image.vendor=linuxserver.io, build_version=Linuxserver.io version:- 36b6b93c-ls52 Build-date:- 2025-10-21T23:31:51+00:00, org.opencontainers.image.authors=linuxserver.io, org.opencontainers.image.licenses=, org.opencontainers.image.title=tdarr_express_be, PODMAN_SYSTEMD_UNIT=podman-tdarr-node.service, maintainer=TheLamer, org.opencontainers.image.ref.name=a5dcbdd127821573f2ae517aa5aa2d86618165d9)
May 06 09:36:36 dectech-6af36c systemd[1]: Started podman-tdarr-node.service.
May 06 09:36:36 dectech-6af36c systemd[1]: Reached target Root target generated by compose2nix..
May 06 09:36:36 dectech-6af36c podman-tdarr-node-start[3617]: 07bb5037b3d26d2a8fb48ef76e17808077f44347a4ac6ac4a1dff1c1994618a0
May 06 09:36:36 dectech-6af36c tailscaled[3536]: netmap: suggested exit node: no preferred DERP, try again later
May 06 09:36:36 dectech-6af36c systemd[1]: Starting Time & Date Service...
May 06 09:36:36 dectech-6af36c tailscaled[3536]: LinkChange: major, rebinding: old: interfaces.State{defaultRoute=enp10s0 ifs={enp10s0:[192.168.1.122/24 fd1f:c95:1acd::be3/128 fd1f:c95:1acd:0:c56d:3ebf:f875:5f4b/64 fd1f:c95:1acd:0:e244:b5be:8a82:9cce/64 llu6]} v4=true v6=true} new: interfaces.State{defaultRoute=enp10s0 ifs={enp10s0:[192.168.1.122/24 fd1f:c95:1acd::be3/128 fd1f:c95:1acd:0:c56d:3ebf:f875:5f4b/64 fd1f:c95:1acd:0:e244:b5be:8a82:9cce/64 llu6] podman1:[10.89.0.1/24 llu6] tailscale0:[100.64.0.5/32 fd7a:115c:a1e0::5/128 llu6]} v4=true v6=true}
May 06 09:36:36 dectech-6af36c tailscaled[3536]: dns: Set: {DefaultResolvers:[1.1.1.1 8.8.4.4] Routes:{ts.dectech.au.:[]}+65arpa SearchDomains:[ts.dectech.au.] Hosts:6}
May 06 09:36:36 dectech-6af36c tailscaled[3536]: dns: Resolvercfg: {Routes:{.:[1.1.1.1 8.8.4.4]} Hosts:6 LocalDomains:[ts.dectech.au.]+65arpa}
May 06 09:36:36 dectech-6af36c tailscaled[3536]: dns: OScfg: {Nameservers:[100.100.100.100 fd7a:115c:a1e0::53] SearchDomains:[ts.dectech.au.] }
May 06 09:36:36 dectech-6af36c systemd[1]: Mounted /server.
May 06 09:36:36 dectech-6af36c tailscaled[3536]: wgengine: set DNS config again after major link change
May 06 09:36:36 dectech-6af36c tailscaled[3536]: router: portUpdate(port=41641, network=udp6)
May 06 09:36:36 dectech-6af36c tailscaled[3536]: router: portUpdate(port=41641, network=udp4)
May 06 09:36:36 dectech-6af36c tailscaled[3536]: Rebind; defIf="enp10s0", ips=[192.168.1.122/24 fd1f:c95:1acd::be3/128 fd1f:c95:1acd:0:c56d:3ebf:f875:5f4b/64 fd1f:c95:1acd:0:e244:b5be:8a82:9cce/64 fe80::5ad0:54ad:16e0:7c30/64]
May 06 09:36:36 dectech-6af36c tailscaled[3536]: magicsock: 0 active derp conns
May 06 09:36:36 dectech-6af36c tailscaled-autoconnect-start[3844]: Waiting for Tailscale State = Running or systemd timeout
May 06 09:36:36 dectech-6af36c tailscaled-autoconnect-start[3844]: State = Starting
May 06 09:36:36 dectech-6af36c avahi-daemon[1528]: Registering new address record for fd1f:c95:1acd:0:e244:b5be:8a82:9cce on enp10s0.*.
May 06 09:36:36 dectech-6af36c tailscaled[3536]: monitor: RTM_NEWROUTE: src=, dst=fd1f:c95:1acd:0:e244:b5be:8a82:9cce/128, gw=, outif=3, table=255
May 06 09:36:36 dectech-6af36c systemd[1]: Started Time & Date Service.
May 06 09:36:37 dectech-6af36c tailscaled[3536]: netmap: suggested exit node: no preferred DERP, try again later
May 06 09:36:37 dectech-6af36c tailscaled[3536]: netcheck: DetectCaptivePortal(found=false)
May 06 09:36:37 dectech-6af36c tailscaled[3536]: magicsock: home DERP changing from derp-0 [0ms] to derp-5 [20ms]
May 06 09:36:37 dectech-6af36c tailscaled[3536]: magicsock: home is now derp-5 (syd)
May 06 09:36:37 dectech-6af36c tailscaled[3536]: magicsock: adding connection to derp-5 for home-keep-alive
May 06 09:36:37 dectech-6af36c tailscaled[3536]: magicsock: 1 active derp conns: derp-5=cr0s,wr0s
May 06 09:36:37 dectech-6af36c tailscaled[3536]: derphttp.Client.Connect: connecting to derp-5 (syd)
May 06 09:36:37 dectech-6af36c tailscaled[3536]: control: NetInfo: NetInfo{varies=false ipv6=false ipv6os=true udp=true icmpv4=false derp=#5 portmap= link="" firewallmode="ipt-default"}
May 06 09:36:37 dectech-6af36c tailscaled[3536]: magicsock: endpoints changed: 103.214.222.123:41641 (stun), 10.89.0.1:41641 (local), 192.168.1.122:41641 (local)
May 06 09:36:37 dectech-6af36c tailscaled[3536]: Switching ipn state Starting -> Running (WantRunning=true, nm=true)
May 06 09:36:37 dectech-6af36c tailscaled[3536]: health(warnable=warming-up): ok
May 06 09:36:37 dectech-6af36c tailscaled[3536]: health(warnable=no-derp-connection): ok
May 06 09:36:37 dectech-6af36c rtkit-daemon[2679]: Successfully made thread 5199 of process 4388 owned by '1000' RT at priority 10.
May 06 09:36:37 dectech-6af36c steam-runtime-steam-remote[5195]: steam-runtime-steam-remote: Steam is not running: No such device or address
May 06 09:36:37 dectech-6af36c tailscaled[3536]: health(warnable=no-derp-connection): ok
May 06 09:36:37 dectech-6af36c tailscaled[3536]: magicsock: derp-5 connected; connGen=1
May 06 09:36:37 dectech-6af36c tailscaled[3536]: health(warnable=no-derp-connection): ok
May 06 09:36:37 dectech-6af36c tailscaled[3536]: [RATELIMIT] format("health(warnable=%s): ok")
May 06 09:36:37 dectech-6af36c steam[5226]: find: ‘/proc/5131/fd’: Permission denied
May 06 09:36:37 dectech-6af36c steam[5226]: steam.sh[4205]: Running Steam on nixos 26.05 64-bit
May 06 09:36:37 dectech-6af36c steam[5226]: steam.sh[4205]: STEAM_RUNTIME is enabled automatically
May 06 09:36:37 dectech-6af36c steam[5226]: setup.sh[5268]: Steam runtime environment up-to-date!
May 06 09:36:37 dectech-6af36c comfy-ui[3534]: comfy-aimdo failed to load: /nix/store/shrc9wh4xvdaji9wg8ha2gjgzqlh7z3a-python3.12-comfy-aimdo-0.2.12/lib/python3.12/site-packages/comfy_aimdo/aimdo.so: cannot open shared object file: No such file or directory
May 06 09:36:37 dectech-6af36c comfy-ui[3534]: NOTE: comfy-aimdo is currently only support for Nvidia GPUs
May 06 09:36:37 dectech-6af36c steam[5226]: steam.sh[4205]: Log already open
May 06 09:36:37 dectech-6af36c tailscaled-autoconnect-start[3844]: Tailscale is running
May 06 09:36:37 dectech-6af36c systemd[1]: Started tailscaled-autoconnect.service.
May 06 09:36:37 dectech-6af36c systemd[1]: Reached target Multi-User System.
May 06 09:36:37 dectech-6af36c systemd[1]: Starting flatpak-managed-install.service...
May 06 09:36:37 dectech-6af36c systemd[1]: tailscaled-autoconnect.service: Deactivated successfully.
May 06 09:36:37 dectech-6af36c systemd[1]: flatpak-managed-install.service: Deactivated successfully.
May 06 09:36:37 dectech-6af36c systemd[1]: Finished flatpak-managed-install.service.
May 06 09:36:37 dectech-6af36c systemd[1]: Reached target Graphical Interface.
May 06 09:36:37 dectech-6af36c systemd[1]: Startup finished in 8.747s (firmware) + 1.216s (loader) + 562ms (kernel) + 30.510s (initrd) + 10.360s (userspace) = 51.397s.
May 06 09:36:37 dectech-6af36c avahi-daemon[1528]: Joining mDNS multicast group on interface veth0.IPv6 with address fe80::fc5d:5aff:fee5:2431.
May 06 09:36:37 dectech-6af36c avahi-daemon[1528]: New relevant interface veth0.IPv6 for mDNS.
May 06 09:36:37 dectech-6af36c avahi-daemon[1528]: Registering new address record for fe80::fc5d:5aff:fee5:2431 on veth0.*.
May 06 09:36:37 dectech-6af36c steam[5226]: steam.sh[4205]: Steam client's requirements are satisfied
May 06 09:36:37 dectech-6af36c steam[5226]: CProcessEnvironmentManager is ready, 6 preallocated environment variables.
May 06 09:36:37 dectech-6af36c steam[5226]: [2026-05-06 09:36:37] Startup - updater built May  5 2026 16:20:03
May 06 09:36:37 dectech-6af36c steam[5226]: [2026-05-06 09:36:37] Startup - Steam Client launched with: '/home/zozano/.local/share/Steam/ubuntu12_32/steam' '-srt-logger-opened' '-silent'
May 06 09:36:37 dectech-6af36c steam[5226]: 05/06 09:36:37 minidumps folder is set to /tmp/dumps
May 06 09:36:37 dectech-6af36c steam[5226]: 05/06 09:36:37 Init: Installing breakpad exception handler for appid(steam)/version(1778003620)/tid(5374)
May 06 09:36:37 dectech-6af36c steam[5226]: Looks like steam didn't shutdown cleanly, scheduling immediate update check
May 06 09:36:37 dectech-6af36c steam[5226]: CProcessEnvironmentManager is ready, 6 preallocated environment variables.
May 06 09:36:37 dectech-6af36c steam[5226]: [2026-05-06 09:36:37] Process started with command-line: '/home/zozano/.local/share/Steam/ubuntu12_32/steam' '-child-update-ui' '-child-update-ui-socket' '13' '-srt-logger-opened' '-silent'
May 06 09:36:37 dectech-6af36c steam[5226]: 05/06 09:36:37 minidumps folder is set to /tmp/dumps
May 06 09:36:37 dectech-6af36c avahi-daemon[1528]: Joining mDNS multicast group on interface podman1.IPv6 with address fe80::b43c:bbff:fe5e:2659.
May 06 09:36:37 dectech-6af36c avahi-daemon[1528]: New relevant interface podman1.IPv6 for mDNS.
May 06 09:36:37 dectech-6af36c avahi-daemon[1528]: Registering new address record for fe80::b43c:bbff:fe5e:2659 on podman1.*.
May 06 09:36:37 dectech-6af36c steam[5226]: [2026-05-06 09:36:37] Loading cached metrics from disk (/home/zozano/.local/share/Steam/package/steam_client_metrics.bin)
May 06 09:36:37 dectech-6af36c steam[5226]: [2026-05-06 09:36:37] Using the following download hosts for Public, Realm steamglobal
May 06 09:36:37 dectech-6af36c steam[5226]: [2026-05-06 09:36:37] 1. https://client-update.akamai.steamstatic.com, /, Realm 'steamglobal', weight was 400, source = 'update_hosts_cached.vdf'
May 06 09:36:37 dectech-6af36c steam[5226]: [2026-05-06 09:36:37] 2. https://client-update.fastly.steamstatic.com, /, Realm 'steamglobal', weight was 900, source = 'update_hosts_cached.vdf'
May 06 09:36:37 dectech-6af36c steam[5226]: [2026-05-06 09:36:37] 3. https://client-update.steamstatic.com, /, Realm 'steamglobal', weight was 1, source = 'baked in'
May 06 09:36:37 dectech-6af36c steam[5226]: [2026-05-06 09:36:37] Checking for update on startup
May 06 09:36:37 dectech-6af36c steam[5226]: [2026-05-06 09:36:37] Checking for available updates...
May 06 09:36:37 dectech-6af36c steam[5226]: [2026-05-06 09:36:37] Downloading manifest: https://client-update.akamai.steamstatic.com/steam_client_ubuntu12
May 06 09:36:37 dectech-6af36c steam[5226]: [2026-05-06 09:36:37] Manifest download: send request
May 06 09:36:38 dectech-6af36c steam[5226]: [2026-05-06 09:36:37] Using update UI: xwin
May 06 09:36:38 dectech-6af36c steam[5226]: 05/06 09:36:38 Init: Installing breakpad exception handler for appid(steam)/version(0)/tid(5386)
May 06 09:36:38 dectech-6af36c steam[5226]: [2026-05-06 09:36:38] Create window
May 06 09:36:38 dectech-6af36c steam[5226]: [2026-05-06 09:36:38] Set percent complete: 0
May 06 09:36:38 dectech-6af36c steam[5226]: [2026-05-06 09:36:38] Set status message: Checking for available updates...
May 06 09:36:38 dectech-6af36c steam[5226]: [2026-05-06 09:36:38] Set percent complete: -1
May 06 09:36:38 dectech-6af36c tailscaled[3536]: [RATELIMIT] format("control: [v\x00JSON]%d%s")
May 06 09:36:38 dectech-6af36c tailscaled[3536]: netmap: suggested exit node:  ()
May 06 09:36:38 dectech-6af36c steam[5226]: [2026-05-06 09:36:38] Manifest download: waiting for download to finish
May 06 09:36:38 dectech-6af36c steam[5226]: [2026-05-06 09:36:38] Manifest download: finished
May 06 09:36:38 dectech-6af36c steam[5226]: [2026-05-06 09:36:38] Download skipped: /steam_client_ubuntu12 version 1778003620, installed version 1778003620, existing pending version 0
May 06 09:36:38 dectech-6af36c steam[5226]: [2026-05-06 09:36:38] Nothing to do
May 06 09:36:38 dectech-6af36c steam[5226]: [2026-05-06 09:36:38] Verifying installation...
May 06 09:36:38 dectech-6af36c steam[5226]: [2026-05-06 09:36:38] Verifying all executable checksums
May 06 09:36:38 dectech-6af36c steam[5226]: [2026-05-06 09:36:38] Set percent complete: -1
May 06 09:36:38 dectech-6af36c steam[5226]: [2026-05-06 09:36:38] Set status message: Verifying installation...
May 06 09:36:38 dectech-6af36c tailscaled[3536]: wgengine: idle peer [t8UcI] now active, reconfiguring WireGuard
May 06 09:36:38 dectech-6af36c tailscaled[3536]: wgengine: Reconfig: configuring userspace WireGuard config (with 1/5 peers)
May 06 09:36:38 dectech-6af36c tailscaled[3536]: magicsock: disco: node [t8UcI] d:e95f169d2c2181d4 now using 192.168.1.157:41641 mtu=1360 tx=ab6e7cf2c203
May 06 09:36:38 dectech-6af36c tailscaled[3536]: netmap: suggested exit node:  ()
May 06 09:36:39 dectech-6af36c comfy-ui[3534]: [START] Security scan
May 06 09:36:39 dectech-6af36c comfy-ui[3534]: [DONE] Security scan
May 06 09:36:39 dectech-6af36c comfy-ui[3534]: ** ComfyUI startup time: 2026-05-06 09:36:39.718
May 06 09:36:39 dectech-6af36c comfy-ui[3534]: ** Platform: Linux
May 06 09:36:39 dectech-6af36c comfy-ui[3534]: ** Python version: 3.12.12 (main, Oct  9 2025, 11:07:00) [GCC 14.3.0]
May 06 09:36:39 dectech-6af36c comfy-ui[3534]: ** Python executable: /nix/store/n89343p2pdccpc4ajlpkhkpq26fppq73-python3-3.12.12-env/bin/python
May 06 09:36:39 dectech-6af36c comfy-ui[3534]: ** ComfyUI Path: /nix/store/qwgp5mgqpl8awyvlf3ssz07qh96qbyyj-source-patched
May 06 09:36:39 dectech-6af36c comfy-ui[3534]: ** ComfyUI Base Folder Path: /nix/store/qwgp5mgqpl8awyvlf3ssz07qh96qbyyj-source-patched
May 06 09:36:39 dectech-6af36c comfy-ui[3534]: ** User directory: /home/zozano/.local/share/ComfyUI/user
May 06 09:36:39 dectech-6af36c comfy-ui[3534]: ** ComfyUI-Manager config path: /home/zozano/.local/share/ComfyUI/user/__manager/config.ini
May 06 09:36:39 dectech-6af36c comfy-ui[3534]: ** Log path: /home/zozano/.local/share/ComfyUI/user/comfyui.log
May 06 09:36:39 dectech-6af36c mpdris2-rs[4217]:  INFO [mpdris2_rs] Notification disabled.
May 06 09:36:39 dectech-6af36c mpdris2-rs[4217]:  INFO [mpdris2_rs] Service started.
May 06 09:36:39 dectech-6af36c steam[5226]: [2026-05-06 09:36:39] Show window
May 06 09:36:40 dectech-6af36c comfy-ui[3534]: [PRE] ComfyUI-Manager
May 06 09:36:40 dectech-6af36c comfy-ui[3534]: Prestartup times for custom nodes:
May 06 09:36:40 dectech-6af36c comfy-ui[3534]:    0.0 seconds: /home/zozano/.local/share/ComfyUI/custom_nodes/rgthree-comfy
May 06 09:36:40 dectech-6af36c comfy-ui[3534]:    0.0 seconds: /home/zozano/.local/share/ComfyUI/custom_nodes/comfyui-easy-use
May 06 09:36:41 dectech-6af36c steam[5226]: [2026-05-06 09:36:41] Verification complete
May 06 09:36:41 dectech-6af36c steam[5226]: UpdateUI: skip show logo
May 06 09:36:41 dectech-6af36c steam[5226]: [2026-05-06 09:36:41] Destroy window
May 06 09:36:41 dectech-6af36c steam[5226]: [2026-05-06 09:36:41] Shutdown
May 06 09:36:41 dectech-6af36c steam[5226]: Steam logging initialized: directory: /home/zozano/.local/share/Steam/logs
May 06 09:36:41 dectech-6af36c steam[5226]: XOpenIM() failed, LANG = en_AU.UTF-8
May 06 09:36:41 dectech-6af36c steam[5226]: XOpenIM() failed, LANG = en_AU.UTF-8XRRGetOutputInfo Workaround: initialized with override: 0 real: 0xf1b30840
May 06 09:36:41 dectech-6af36c steam[5226]: XRRGetCrtcInfo Workaround: initialized with override: 0 real: 0xf1b2f040
May 06 09:36:41 dectech-6af36c steam[5226]: 05/06 09:36:41 minidumps folder is set to /tmp/dumps
May 06 09:36:41 dectech-6af36c steam[5226]: 05/06 09:36:41 Init: Installing breakpad exception handler for appid(steamsysinfo)/version(1778003620)/tid(5717)
May 06 09:36:41 dectech-6af36c steam[5226]: Running query: 1 - GpuTopology
May 06 09:36:41 dectech-6af36c steam[5226]: Response: gpu_topology {
May 06 09:36:41 dectech-6af36c steam[5226]:   gpus {
May 06 09:36:41 dectech-6af36c steam[5226]:     id: 1
May 06 09:36:41 dectech-6af36c steam[5226]:     name: "NVIDIA GeForce RTX 2080 SUPER"
May 06 09:36:41 dectech-6af36c steam[5226]:     vram_size_bytes: 8847884288
May 06 09:36:41 dectech-6af36c steam[5226]:     driver_id: k_EGpuDriverId_NvidiaProprietary
May 06 09:36:41 dectech-6af36c steam[5226]:     driver_version_major: 595
May 06 09:36:41 dectech-6af36c steam[5226]:     driver_version_minor: 58
May 06 09:36:41 dectech-6af36c steam[5226]:     driver_version_patch: 3
May 06 09:36:41 dectech-6af36c steam[5226]:     luid: 0
May 06 09:36:41 dectech-6af36c steam[5226]:   }
May 06 09:36:41 dectech-6af36c steam[5226]:   gpus {
May 06 09:36:41 dectech-6af36c steam[5226]:     id: 2
May 06 09:36:41 dectech-6af36c steam[5226]:     name: "llvmpipe (LLVM 21.1.8, 256 bits)"
May 06 09:36:41 dectech-6af36c steam[5226]:     vram_size_bytes: 3221225472
May 06 09:36:41 dectech-6af36c steam[5226]:     driver_id: k_EGpuDriverId_MesaLLVMPipe
May 06 09:36:41 dectech-6af36c steam[5226]:     driver_version_major: 26
May 06 09:36:41 dectech-6af36c steam[5226]:     driver_version_minor: 0
May 06 09:36:41 dectech-6af36c steam[5226]:     driver_version_patch: 5
May 06 09:36:41 dectech-6af36c steam[5226]:     luid: 0
May 06 09:36:41 dectech-6af36c steam[5226]:   }
May 06 09:36:41 dectech-6af36c steam[5226]:   gpus {
May 06 09:36:41 dectech-6af36c steam[5226]:     id: 3
May 06 09:36:41 dectech-6af36c steam[5226]:     name: "llvmpipe (LLVM 21.1.8, 256 bits)"
May 06 09:36:41 dectech-6af36c steam[5226]:     vram_size_bytes: 3221225472
May 06 09:36:41 dectech-6af36c steam[5226]:     driver_id: k_EGpuDriverId_MesaLLVMPipe
May 06 09:36:41 dectech-6af36c steam[5226]:     driver_version_major: 26
May 06 09:36:41 dectech-6af36c steam[5226]:     driver_version_minor: 0
May 06 09:36:41 dectech-6af36c steam[5226]:     driver_version_patch: 5
May 06 09:36:41 dectech-6af36c steam[5226]:     luid: 0
May 06 09:36:41 dectech-6af36c steam[5226]:   }
May 06 09:36:41 dectech-6af36c steam[5226]:   default_gpu_id: 1
May 06 09:36:41 dectech-6af36c steam[5226]: }
May 06 09:36:41 dectech-6af36c steam[5226]: Exit code: 0
May 06 09:36:41 dectech-6af36c steam[5226]: Saving response to: /tmp/steamocEaPn - 165 bytes
May 06 09:36:41 dectech-6af36c steam[5226]: Fontconfig warning: line 5: unknown element "description"
May 06 09:36:41 dectech-6af36c steam[5226]: Fontconfig warning: "/etc/fonts/conf.d/10-hinting-slight.conf", line 4: unknown element "description"
May 06 09:36:41 dectech-6af36c steam[5226]: Fontconfig warning: "/etc/fonts/conf.d/10-scale-bitmap-fonts.conf", line 4: unknown element "description"
May 06 09:36:41 dectech-6af36c steam[5226]: Fontconfig error: "/etc/fonts/conf.d/10-scale-bitmap-fonts.conf", line 72: non-double matrix element
May 06 09:36:41 dectech-6af36c steam[5226]: Fontconfig error: "/etc/fonts/conf.d/10-scale-bitmap-fonts.conf", line 72: non-double matrix element
May 06 09:36:41 dectech-6af36c steam[5226]: Fontconfig warning: "/etc/fonts/conf.d/10-scale-bitmap-fonts.conf", line 80: saw unknown, expected number
May 06 09:36:41 dectech-6af36c steam[5226]: Fontconfig warning: "/etc/fonts/conf.d/10-sub-pixel-none.conf", line 4: unknown element "description"
May 06 09:36:41 dectech-6af36c steam[5226]: Fontconfig warning: "/etc/fonts/conf.d/10-yes-antialias.conf", line 4: unknown element "description"
May 06 09:36:41 dectech-6af36c steam[5226]: Fontconfig warning: "/etc/fonts/conf.d/11-lcdfilter-default.conf", line 4: unknown element "description"
May 06 09:36:41 dectech-6af36c steam[5226]: Fontconfig warning: "/etc/fonts/conf.d/20-unhint-small-vera.conf", line 4: unknown element "description"
May 06 09:36:41 dectech-6af36c steam[5226]: Fontconfig warning: "/etc/fonts/conf.d/30-metric-aliases.conf", line 4: unknown element "description"
May 06 09:36:41 dectech-6af36c steam[5226]: Fontconfig warning: "/etc/fonts/conf.d/40-nonlatin.conf", line 4: unknown element "description"
May 06 09:36:41 dectech-6af36c steam[5226]: Fontconfig warning: "/etc/fonts/conf.d/45-generic.conf", line 4: unknown element "description"
May 06 09:36:41 dectech-6af36c steam[5226]: Fontconfig warning: "/etc/fonts/conf.d/45-latin.conf", line 4: unknown element "description"
May 06 09:36:41 dectech-6af36c steam[5226]: Fontconfig warning: "/etc/fonts/conf.d/48-spacing.conf", line 4: unknown element "description"
May 06 09:36:41 dectech-6af36c steam[5226]: Fontconfig warning: "/etc/fonts/conf.d/49-sansserif.conf", line 4: unknown element "description"
May 06 09:36:41 dectech-6af36c steam[5226]: Fontconfig warning: "/etc/fonts/conf.d/50-user.conf", line 4: unknown element "description"
May 06 09:36:41 dectech-6af36c steam[5226]: Fontconfig warning: "/etc/fonts/conf.d/51-local.conf", line 4: unknown element "description"
May 06 09:36:41 dectech-6af36c steam[5226]: Fontconfig warning: "/etc/fonts/conf.d/60-generic.conf", line 4: unknown element "description"
May 06 09:36:41 dectech-6af36c steam[5226]: Fontconfig warning: "/etc/fonts/conf.d/60-latin.conf", line 4: unknown element "description"
May 06 09:36:41 dectech-6af36c steam[5226]: Fontconfig warning: "/etc/fonts/conf.d/65-nonlatin.conf", line 4: unknown element "description"
May 06 09:36:41 dectech-6af36c steam[5226]: Fontconfig warning: "/etc/fonts/conf.d/70-no-bitmaps-except-emoji.conf", line 4: unknown element "description"
May 06 09:36:41 dectech-6af36c steamwebhelper[5734]: steamwebhelper.sh[5722]: Starting steamwebhelper under bootstrap steamrt steam runtime via: /home/zozano/.local/share/Steam/steamrt64/pv-runtime/steam-runtime-steamrt/_v2-entry-point
May 06 09:36:41 dectech-6af36c steamwebhelper[5734]: steamwebhelper.sh[5722]: Starting steamwebhelper with steamrt steam runtime at /home/zozano/.local/share/Steam/steamrt64/pv-runtime/steam-runtime-steamrt/_v2-entry-point
May 06 09:36:41 dectech-6af36c /nix/store/ih7w44bx3c8nh807h9dqlzcjcfwafbap-xdg-desktop-portal-1.20.4/libexec/xdg-desktop-portal[2593]: Realtime error: Could not get pidns for pid 5374: Could not fstatat ns/pid: Not a directory
May 06 09:36:42 dectech-6af36c steam[5226]: Steam Runtime Launch Service: starting steam-runtime-launcher-service
May 06 09:36:42 dectech-6af36c steam[5226]: Steam Runtime Launch Service: steam-runtime-launcher-service is running pid 5814
May 06 09:36:42 dectech-6af36c steam[5226]: bus_name=com.steampowered.PressureVessel.LaunchAlongsideSteam
May 06 09:36:42 dectech-6af36c /nix/store/ih7w44bx3c8nh807h9dqlzcjcfwafbap-xdg-desktop-portal-1.20.4/libexec/xdg-desktop-portal[2593]: Realtime error: Could not get pidns for pid 5374: Could not fstatat ns/pid: Not a directory
May 06 09:36:43 dectech-6af36c rtkit-daemon[2679]: Successfully made thread 6019 of process 5474 owned by '1000' RT at priority 10.
May 06 09:36:43 dectech-6af36c steamwebhelper[5734]: pressure-vessel-wrap[5722]: W: "/run/current-system/sw/bin/getent" is unlikely to appear in "/run/host"
May 06 09:36:43 dectech-6af36c steamwebhelper[5734]: pressure-vessel-wrap[5722]: W: Unable to determine architecture of provider / ldconfig: Error reading "(null)" ELF header: invalid `Elf' handle
May 06 09:36:43 dectech-6af36c steamwebhelper[5734]: pressure-vessel-wrap[5722]: W: "run/opengl-driver/share/drirc.d" is unlikely to appear in "/run/host"
May 06 09:36:43 dectech-6af36c steamwebhelper[5734]: pressure-vessel-wrap[5722]: W: "run/opengl-driver-32/share/drirc.d" is unlikely to appear in "/run/host"
May 06 09:36:44 dectech-6af36c steamwebhelper[5734]: exec ./steamwebhelper -nocrashdialog -lang=en_US -cachedir=/home/zozano/.local/share/Steam/config/htmlcache -steampid=5374 -buildid=1778003620 -steamid=0 -logdir=/home/zozano/.local/share/Steam/logs -uimode=7 -startcount=0 -steamuniverse=Public -realm=Global -clientui=/home/zozano/.local/share/Steam/clientui -steampath=/home/zozano/.local/share/Steam/ubuntu12_32/steam -launcher=0 -use_xcomposite_workaround --valve-enable-site-isolation --enable-smooth-scrolling --password-store=basic --log-file=/home/zozano/.local/share/Steam/logs/cef_log.txt --disable-quick-menu --disable-component-update --gaia-url=http://disabled.invalid --enable-features=PlatformHEVCDecoderSupport --disable-features=WinRetrieveSuggestionsOnlyOnDemand,SpareRendererForSitePerProcess,DcheckIsFatal,BlockPromptsIfIgnoredOften,ValveFFmpegAllowLowDelayHEVC
May 06 09:36:45 dectech-6af36c comfy-ui[3534]: WARNING: You need pytorch with cu130 or higher to use optimized CUDA operations.
May 06 09:36:45 dectech-6af36c comfy-ui[3534]: Found comfy_kitchen backend eager: {'available': True, 'disabled': False, 'unavailable_reason': None, 'capabilities': ['apply_rope', 'apply_rope1', 'dequantize_mxfp8', 'dequantize_nvfp4', 'dequantize_per_tensor_fp8', 'quantize_mxfp8', 'quantize_nvfp4', 'quantize_per_tensor_fp8', 'scaled_mm_mxfp8', 'scaled_mm_nvfp4']}
May 06 09:36:45 dectech-6af36c comfy-ui[3534]: Found comfy_kitchen backend cuda: {'available': False, 'disabled': True, 'unavailable_reason': 'Extension file not found: /nix/store/n89343p2pdccpc4ajlpkhkpq26fppq73-python3-3.12.12-env/lib/python3.12/site-packages/comfy_kitchen/backends/cuda/_C.abi3.so', 'capabilities': []}
May 06 09:36:45 dectech-6af36c comfy-ui[3534]: Found comfy_kitchen backend triton: {'available': True, 'disabled': True, 'unavailable_reason': None, 'capabilities': ['apply_rope', 'apply_rope1', 'dequantize_nvfp4', 'dequantize_per_tensor_fp8', 'quantize_mxfp8', 'quantize_nvfp4', 'quantize_per_tensor_fp8']}
May 06 09:36:45 dectech-6af36c comfy-ui[3534]: Checkpoint files will always be loaded safely.
May 06 09:36:45 dectech-6af36c comfy-ui[3534]: Total VRAM 7783 MB, total RAM 15783 MB
May 06 09:36:45 dectech-6af36c comfy-ui[3534]: pytorch version: 2.10.0+cu128
May 06 09:36:46 dectech-6af36c comfy-ui[3534]: xformers version: 0.0.30
May 06 09:36:46 dectech-6af36c comfy-ui[3534]: Set vram state to: LOW_VRAM
May 06 09:36:46 dectech-6af36c comfy-ui[3534]: Device: cuda:0 NVIDIA GeForce RTX 2080 SUPER : cudaMallocAsync
May 06 09:36:46 dectech-6af36c comfy-ui[3534]: Using async weight offloading with 2 streams
May 06 09:36:46 dectech-6af36c comfy-ui[3534]: Enabled pinned memory 14204.0
May 06 09:36:46 dectech-6af36c comfy-ui[3534]: working around nvidia conv3d memory bug.
May 06 09:36:46 dectech-6af36c systemd[1]: NetworkManager-dispatcher.service: Deactivated successfully.
May 06 09:36:46 dectech-6af36c systemd[1]: NetworkManager-dispatcher.service: Consumed 58ms CPU time over 16.799s wall clock time, 16.2M memory peak, 10.4M read from disk.
May 06 09:36:46 dectech-6af36c comfy-ui[3534]: Using xformers attention
May 06 09:36:46 dectech-6af36c systemd[1]: Starting Disk Manager...
May 06 09:36:46 dectech-6af36c kernel: nvme nvme0: using unchecked data buffer
May 06 09:36:46 dectech-6af36c systemd[1]: Started Disk Manager.
May 06 09:36:48 dectech-6af36c comfy-ui[3534]: No working comfy-aimdo install detected. DynamicVRAM support disabled. Falling back to legacy ModelPatcher. VRAM estimates may be unreliable especially on Windows
May 06 09:36:48 dectech-6af36c comfy-ui[3534]: Python version: 3.12.12 (main, Oct  9 2025, 11:07:00) [GCC 14.3.0]
May 06 09:36:48 dectech-6af36c comfy-ui[3534]: ComfyUI version: 0.19.3
May 06 09:36:48 dectech-6af36c comfy-ui[3534]: comfy-aimdo version: 0.2.12
May 06 09:36:48 dectech-6af36c comfy-ui[3534]: comfy-kitchen version: 0.2.8
May 06 09:36:48 dectech-6af36c comfy-ui[3534]: [Prompt Server] web root: /nix/store/n89343p2pdccpc4ajlpkhkpq26fppq73-python3-3.12.12-env/lib/python3.12/site-packages/comfyui_frontend_package/static
May 06 09:36:48 dectech-6af36c comfy-ui[3534]: Asset seeder disabled
May 06 09:36:48 dectech-6af36c comfy-ui[3534]: [START] ComfyUI-Manager
May 06 09:36:49 dectech-6af36c steam[5226]: Desktop state changed: desktop: { pos:    0,   0 size: 2560,1440 } primary: { pos:    0,   0 size: 2560,1440 }
May 06 09:36:49 dectech-6af36c steam[5226]: Caching cursor image for , size 24x24, serial 2, cache size = 0
May 06 09:36:49 dectech-6af36c comfy-ui[3534]: [ComfyUI-Manager] network_mode: personal_cloud
May 06 09:36:51 dectech-6af36c steam[5226]: pressure-vessel-wrap[6290]: W: "/run/current-system/sw/bin/getent" is unlikely to appear in "/run/host"
May 06 09:36:51 dectech-6af36c steam[5226]: pressure-vessel-wrap[6290]: W: Unable to determine architecture of provider / ldconfig: Error reading "(null)" ELF header: invalid `Elf' handle
May 06 09:36:51 dectech-6af36c steam[5226]: pressure-vessel-wrap[6290]: W: "run/opengl-driver/share/drirc.d" is unlikely to appear in "/run/host"
May 06 09:36:51 dectech-6af36c steam[5226]: pressure-vessel-wrap[6290]: W: "run/opengl-driver-32/share/drirc.d" is unlikely to appear in "/run/host"
May 06 09:36:51 dectech-6af36c comfy-ui[3534]: Blocked by policy: /home/zozano/.local/share/ComfyUI/custom_nodes/comfyui-manager
May 06 09:36:51 dectech-6af36c comfy-ui[3534]: [/home/zozano/_x_local/share/ComfyUI/custom_nodes/comfyui_controlnet_aux] | INFO -> Using ckpts path: /home/zozano/.local/share/ComfyUI/custom_nodes/comfyui_controlnet_aux/ckpts
May 06 09:36:51 dectech-6af36c comfy-ui[3534]: [/home/zozano/_x_local/share/ComfyUI/custom_nodes/comfyui_controlnet_aux] | INFO -> Using symlinks: False
May 06 09:36:51 dectech-6af36c comfy-ui[3534]: [/home/zozano/_x_local/share/ComfyUI/custom_nodes/comfyui_controlnet_aux] | INFO -> Using ort providers: ['CUDAExecutionProvider', 'DirectMLExecutionProvider', 'OpenVINOExecutionProvider', 'ROCMExecutionProvider', 'MIGraphXExecutionProvider', 'CPUExecutionProvider', 'CoreMLExecutionProvider']
May 06 09:36:52 dectech-6af36c steam[5226]: ProtonFixes[6552] WARN: Skipping fix execution. We are probably running a unit test.
May 06 09:36:52 dectech-6af36c steam[5226]: fsync: up and running.
May 06 09:36:52 dectech-6af36c comfy-ui[3534]: /home/zozano/.local/share/ComfyUI/custom_nodes/comfyui_controlnet_aux/node_wrappers/dwpose.py:26: UserWarning: DWPose: Onnxruntime not found or doesn't come with acceleration providers, switch to OpenCV with CPU device. DWPose might run very slowly
May 06 09:36:52 dectech-6af36c comfy-ui[3534]:   warnings.warn("DWPose: Onnxruntime not found or doesn't come with acceleration providers, switch to OpenCV with CPU device. DWPose might run very slowly")
May 06 09:36:53 dectech-6af36c kernel: warning: `wine_sechost_se' uses wireless extensions which will stop working for Wi-Fi 7 hardware; use nl80211
May 06 09:36:54 dectech-6af36c steam[5226]: Fossilize INFO: Overriding serialization path: "/home/zozano/.local/share/Steam/shader_cache_temp_dir_d3d11_64/fozpipelinesv6/steamapprun_pipeline_cache".
May 06 09:36:55 dectech-6af36c steam[5226]: reaping pid: 5386 -- steam
May 06 09:36:56 dectech-6af36c comfy-ui[3534]: [ComfyUI-Easy-Use] server: v1.3.6 Loaded
May 06 09:36:56 dectech-6af36c comfy-ui[3534]: [ComfyUI-Easy-Use] web root: /home/zozano/.local/share/ComfyUI/custom_nodes/comfyui-easy-use/web_version/v2 Loaded
May 06 09:36:56 dectech-6af36c comfy-ui[3534]: ------------------------------
May 06 09:36:56 dectech-6af36c comfy-ui[3534]: [Civicomfy Config Initialized]
May 06 09:36:56 dectech-6af36c comfy-ui[3534]:   - Plugin Root: /home/zozano/.local/share/ComfyUI/custom_nodes/civicomfy
May 06 09:36:56 dectech-6af36c comfy-ui[3534]:   - Web Directory: /home/zozano/.local/share/ComfyUI/custom_nodes/civicomfy/web
May 06 09:36:56 dectech-6af36c comfy-ui[3534]:   - ComfyUI Base Path: /home/zozano/.local/share/ComfyUI
May 06 09:36:56 dectech-6af36c comfy-ui[3534]: ------------------------------
May 06 09:36:56 dectech-6af36c comfy-ui[3534]: [Civicomfy Manager] Warning: ComfyUI folder_paths not available. Path validation/opening might be limited.
May 06 09:36:56 dectech-6af36c comfy-ui[3534]: [Manager] Successfully loaded 24 items from /home/zozano/.local/share/ComfyUI/custom_nodes/civicomfy/download_history.json.
May 06 09:36:56 dectech-6af36c comfy-ui[3534]: Civitai Download Manager starting (Max Concurrent: 3).
May 06 09:36:56 dectech-6af36c comfy-ui[3534]: [Manager] Process queue thread started.
May 06 09:36:56 dectech-6af36c comfy-ui[3534]: [Civicomfy] All server route modules loaded.
May 06 09:36:56 dectech-6af36c comfy-ui[3534]: [Civicomfy] Core modules imported successfully.
May 06 09:36:56 dectech-6af36c comfy-ui[3534]: ------------------------------
May 06 09:36:56 dectech-6af36c comfy-ui[3534]: --- Civicomfy Custom Extension Loaded ---
May 06 09:36:56 dectech-6af36c comfy-ui[3534]: - Serving frontend files from: /home/zozano/.local/share/ComfyUI/custom_nodes/civicomfy/web (Relative: ./web)
May 06 09:36:56 dectech-6af36c comfy-ui[3534]: - Download Manager Initialized: Yes
May 06 09:36:56 dectech-6af36c comfy-ui[3534]: - API Endpoints Registered: Yes
May 06 09:36:56 dectech-6af36c comfy-ui[3534]: - Frontend files found.
May 06 09:36:56 dectech-6af36c comfy-ui[3534]: - Look for 'Civicomfy' button in the ComfyUI menu.
May 06 09:36:56 dectech-6af36c comfy-ui[3534]: ------------------------------
May 06 09:36:56 dectech-6af36c comfy-ui[3534]: [Civicomfy] Verified model type directories:
May 06 09:36:56 dectech-6af36c comfy-ui[3534]:   - checkpoint: /home/zozano/.local/share/ComfyUI/models/checkpoints
May 06 09:36:56 dectech-6af36c comfy-ui[3534]:   - diffusionmodels: /home/zozano/.local/share/ComfyUI/models/unet
May 06 09:36:56 dectech-6af36c comfy-ui[3534]:   - unet: /home/zozano/.local/share/ComfyUI/models/unet
May 06 09:36:56 dectech-6af36c comfy-ui[3534]:   - lora: /home/zozano/.local/share/ComfyUI/models/loras
May 06 09:36:56 dectech-6af36c comfy-ui[3534]:   - locon: /home/zozano/.local/share/ComfyUI/models/loras
May 06 09:36:56 dectech-6af36c comfy-ui[3534]:   - lycoris: /home/zozano/.local/share/ComfyUI/models/loras
May 06 09:36:56 dectech-6af36c comfy-ui[3534]:   - vae: /home/zozano/.local/share/ComfyUI/models/vae
May 06 09:36:56 dectech-6af36c comfy-ui[3534]:   - embedding: /home/zozano/.local/share/ComfyUI/models/embeddings
May 06 09:36:56 dectech-6af36c comfy-ui[3534]:   - hypernetwork: /home/zozano/.local/share/ComfyUI/models/hypernetworks
May 06 09:36:56 dectech-6af36c comfy-ui[3534]:   - controlnet: /home/zozano/.local/share/ComfyUI/models/controlnet
May 06 09:36:56 dectech-6af36c comfy-ui[3534]:   - upscaler: /home/zozano/.local/share/ComfyUI/models/upscale_models
May 06 09:36:56 dectech-6af36c comfy-ui[3534]:   - motionmodule: /home/zozano/.local/share/ComfyUI/models/motion_models
May 06 09:36:56 dectech-6af36c comfy-ui[3534]:   - poses: /home/zozano/.local/share/ComfyUI/models/poses
May 06 09:36:56 dectech-6af36c comfy-ui[3534]:   - wildcards: /home/zozano/.local/share/ComfyUI/models/wildcards
May 06 09:36:56 dectech-6af36c comfy-ui[3534]:   - other: /home/zozano/.local/share/ComfyUI/models/other
May 06 09:36:56 dectech-6af36c comfy-ui[3534]: [tinyterraNodes] Loaded
May 06 09:36:56 dectech-6af36c comfy-ui[3534]: ### Loading: Pixydust Quantizer v2.0.0
May 06 09:36:56 dectech-6af36c comfy-ui[3534]: Adding /home/zozano/.local/share/ComfyUI/custom_nodes to sys.path
May 06 09:36:56 dectech-6af36c comfy-ui[3534]: Could not find efficiency nodes
May 06 09:36:56 dectech-6af36c comfy-ui[3534]: [comfyui_controlnet_aux] | INFO -> Using ckpts path: /home/zozano/.local/share/ComfyUI/custom_nodes/comfyui_controlnet_aux/ckpts
May 06 09:36:56 dectech-6af36c comfy-ui[3534]: [comfyui_controlnet_aux] | INFO -> Using symlinks: False
May 06 09:36:56 dectech-6af36c comfy-ui[3534]: [comfyui_controlnet_aux] | INFO -> Using ort providers: ['CUDAExecutionProvider', 'DirectMLExecutionProvider', 'OpenVINOExecutionProvider', 'ROCMExecutionProvider', 'MIGraphXExecutionProvider', 'CPUExecutionProvider', 'CoreMLExecutionProvider']
May 06 09:36:56 dectech-6af36c comfy-ui[3534]: Loaded ControlNetPreprocessors nodes from /home/zozano/.local/share/ComfyUI/custom_nodes/comfyui_controlnet_aux
May 06 09:36:56 dectech-6af36c comfy-ui[3534]: Could not find AdvancedControlNet nodes
May 06 09:36:56 dectech-6af36c comfy-ui[3534]: Could not find AnimateDiff nodes
May 06 09:36:56 dectech-6af36c comfy-ui[3534]: Could not find IPAdapter nodes
May 06 09:36:56 dectech-6af36c comfy-ui[3534]: Could not find VideoHelperSuite nodes
May 06 09:36:56 dectech-6af36c comfy-ui[3534]: ### Loading: ComfyUI-Impact-Pack (V8.28)
May 06 09:36:56 dectech-6af36c comfy-ui[3534]: ### Loading: ComfyUI-Impact-Pack (V8.28)
May 06 09:36:57 dectech-6af36c comfy-ui[3534]: Loaded ImpactPack nodes from /home/zozano/.local/share/ComfyUI/custom_nodes/ComfyUI-Impact-Pack
May 06 09:36:57 dectech-6af36c comfy-ui[3534]: [Impact Pack] Wildcard total size (0.00 MB) is within cache limit (50.00 MB). Using full cache mode.
May 06 09:36:57 dectech-6af36c comfy-ui[3534]: [Impact Pack] Wildcards loading done.
May 06 09:36:57 dectech-6af36c comfy-ui[3534]: [Impact Pack] Wildcard total size (0.00 MB) is within cache limit (50.00 MB). Using full cache mode.
May 06 09:36:57 dectech-6af36c comfy-ui[3534]: [Impact Pack] Wildcards loading done.
May 06 09:36:57 dectech-6af36c comfy-ui[3534]: [tinyterraNodes] Loaded
May 06 09:36:57 dectech-6af36c comfy-ui[3534]: [ComfyUI-HakuImg]-|09:36:57|-INFO: Check HakuImg requirements
May 06 09:36:57 dectech-6af36c comfy-ui[3534]: [ComfyUI-HakuImg]-|09:36:57|-INFO: Check HakuImg requirements done
May 06 09:36:57 dectech-6af36c comfy-ui[3534]: Blocked by policy: /home/zozano/.local/share/ComfyUI/custom_nodes/ComfyUI-Manager
May 06 09:36:57 dectech-6af36c comfy-ui[3534]: ### Loading: ComfyUI-Impact-Pack (V8.28)
May 06 09:36:57 dectech-6af36c comfy-ui[3534]: [Impact Pack] Wildcard total size (0.00 MB) is within cache limit (50.00 MB). Using full cache mode.
May 06 09:36:57 dectech-6af36c comfy-ui[3534]: ### Loading: ComfyUI-Impact-Subpack (V1.3.5)
May 06 09:36:57 dectech-6af36c comfy-ui[3534]: [Impact Pack] Wildcards loading done.
May 06 09:36:57 dectech-6af36c comfy-ui[3534]: [Impact Pack/Subpack] Using folder_paths to determine whitelist path: /home/zozano/.local/share/ComfyUI/user/default/ComfyUI-Impact-Subpack/model-whitelist.txt
May 06 09:36:57 dectech-6af36c comfy-ui[3534]: [Impact Pack/Subpack] Ensured whitelist directory exists: /home/zozano/.local/share/ComfyUI/user/default/ComfyUI-Impact-Subpack
May 06 09:36:57 dectech-6af36c comfy-ui[3534]: [Impact Pack/Subpack] Loaded 0 model(s) from whitelist: /home/zozano/.local/share/ComfyUI/user/default/ComfyUI-Impact-Subpack/model-whitelist.txt
May 06 09:36:57 dectech-6af36c comfy-ui[3534]: [Impact Subpack] ultralytics_bbox: /home/zozano/.local/share/ComfyUI/models/ultralytics/bbox
May 06 09:36:57 dectech-6af36c comfy-ui[3534]: [Impact Subpack] ultralytics_segm: /home/zozano/.local/share/ComfyUI/models/ultralytics/segm
May 06 09:36:57 dectech-6af36c comfy-ui[3534]: [LoRA-Manager] Found LoRA roots:
May 06 09:36:57 dectech-6af36c comfy-ui[3534]:  - /home/zozano/.local/share/ComfyUI/models/loras
May 06 09:36:57 dectech-6af36c comfy-ui[3534]: [LoRA-Manager] Found checkpoint roots:
May 06 09:36:57 dectech-6af36c comfy-ui[3534]:  - /home/zozano/.local/share/ComfyUI/models/checkpoints
May 06 09:36:57 dectech-6af36c comfy-ui[3534]:  - /home/zozano/.local/share/ComfyUI/models/diffusion_models
May 06 09:36:57 dectech-6af36c comfy-ui[3534]:  - /home/zozano/.local/share/ComfyUI/models/unet
May 06 09:36:57 dectech-6af36c comfy-ui[3534]: [LoRA-Manager] Found embedding roots:
May 06 09:36:57 dectech-6af36c comfy-ui[3534]:  - /home/zozano/.local/share/ComfyUI/models/embeddings
May 06 09:36:57 dectech-6af36c comfy-ui[3534]: [LoRA-Manager] Symlink cache loaded with 0 mappings
May 06 09:36:57 dectech-6af36c comfy-ui[3534]: [LoRA-Manager] Symlink mappings restored from cache in 0.74 ms
May 06 09:36:57 dectech-6af36c comfy-ui[3534]: [LoRA-Manager] Updated 'comfyui' library with current folder paths
May 06 09:36:57 dectech-6af36c steam[5226]: pressure-vessel-wrap[6701]: W: "/run/current-system/sw/bin/getent" is unlikely to appear in "/run/host"
May 06 09:36:57 dectech-6af36c steam[5226]: pressure-vessel-wrap[6701]: W: Unable to determine architecture of provider / ldconfig: Error reading "(null)" ELF header: invalid `Elf' handle
May 06 09:36:57 dectech-6af36c steam[5226]: pressure-vessel-wrap[6701]: W: "run/opengl-driver/share/drirc.d" is unlikely to appear in "/run/host"
May 06 09:36:57 dectech-6af36c steam[5226]: pressure-vessel-wrap[6701]: W: "run/opengl-driver-32/share/drirc.d" is unlikely to appear in "/run/host"
May 06 09:36:57 dectech-6af36c comfy-ui[3534]: [LoRA-Manager] Detected async ComfyUI execution, installing async metadata hooks
May 06 09:36:57 dectech-6af36c comfy-ui[3534]: [LoRA-Manager] Metadata collection hooks installed for runtime values
May 06 09:36:57 dectech-6af36c comfy-ui[3534]: [LoRA-Manager] ComfyUI Metadata Collector initialized
May 06 09:36:57 dectech-6af36c comfy-ui[3534]: [LoRA-Manager] Example images path:
May 06 09:36:57 dectech-6af36c comfy-ui[3534]: [LoRA-Manager] Added static route for locales: /locales -> /home/zozano/.local/share/ComfyUI/custom_nodes/comfyui-lora-manager/locales
May 06 09:36:57 dectech-6af36c comfy-ui[3534]: ### Loading: ComfyUI-Inspire-Pack (V1.23)
May 06 09:36:57 dectech-6af36c comfy-ui[3534]: Successfully imported model downloader module
May 06 09:36:57 dectech-6af36c comfy-ui[3534]: Registering model downloader API endpoints
May 06 09:36:57 dectech-6af36c comfy-ui[3534]: Registered /model-downloader/download endpoint
May 06 09:36:57 dectech-6af36c comfy-ui[3534]: Registered /model-downloader/progress endpoint
May 06 09:36:57 dectech-6af36c comfy-ui[3534]: Registered /model-downloader/downloads endpoint
May 06 09:36:57 dectech-6af36c comfy-ui[3534]: Registered /model-downloader/resolve-folder endpoint
May 06 09:36:57 dectech-6af36c comfy-ui[3534]: Model downloader API endpoints registered successfully
May 06 09:36:57 dectech-6af36c comfy-ui[3534]: ### Loading: ComfyUI-Impact-Pack (V8.28)
May 06 09:36:57 dectech-6af36c steam[5226]: ProtonFixes[6919] WARN: Skipping fix execution. We are probably running a unit test.
May 06 09:36:57 dectech-6af36c steam[5226]: fsync: up and running.
May 06 09:36:58 dectech-6af36c comfy-ui[3534]: [Impact Pack] Wildcard total size (0.00 MB) is within cache limit (50.00 MB). Using full cache mode.
May 06 09:36:58 dectech-6af36c comfy-ui[3534]: [Impact Pack] Wildcards loading done.
May 06 09:36:58 dectech-6af36c comfy-ui[3534]: rgthree's comfy nodes: Loaded 14 exciting nodes.
May 06 09:36:58 dectech-6af36c comfy-ui[3534]: ComfyUI-GGUF: Allowing full torch compile
May 06 09:36:59 dectech-6af36c comfy-ui[3534]: /nix/store/n89343p2pdccpc4ajlpkhkpq26fppq73-python3-3.12.12-env/lib/python3.12/site-packages/timm/models/layers/__init__.py:48: FutureWarning: Importing from timm.models.layers is deprecated, please import via timm.layers
May 06 09:36:59 dectech-6af36c comfy-ui[3534]:   warnings.warn(f"Importing from {__name__} is deprecated, please import via timm.layers", FutureWarning)
May 06 09:36:59 dectech-6af36c comfy-ui[3534]: Nvidia APEX normalization not installed, using PyTorch LayerNorm
May 06 09:36:59 dectech-6af36c systemd[1]: systemd-hostnamed.service: Deactivated successfully.
May 06 09:37:00 dectech-6af36c comfy-ui[3534]: Import times for custom nodes:
May 06 09:37:00 dectech-6af36c comfy-ui[3534]:    0.0 seconds: /home/zozano/.local/share/ComfyUI/custom_nodes/comfyui-saveimage-plus
May 06 09:37:00 dectech-6af36c comfy-ui[3534]:    0.0 seconds: /home/zozano/.local/share/ComfyUI/custom_nodes/masquerade-nodes-comfyui
May 06 09:37:00 dectech-6af36c comfy-ui[3534]:    0.0 seconds: /home/zozano/.local/share/ComfyUI/custom_nodes/ComfyUI_bitsandbytes_NF4
May 06 09:37:00 dectech-6af36c comfy-ui[3534]:    0.0 seconds: /home/zozano/.local/share/ComfyUI/custom_nodes/civitai_comfy_nodes
May 06 09:37:00 dectech-6af36c comfy-ui[3534]:    0.0 seconds: /home/zozano/.local/share/ComfyUI/custom_nodes/comfyui_ttp_toolset
May 06 09:37:00 dectech-6af36c comfy-ui[3534]:    0.0 seconds: /home/zozano/.local/share/ComfyUI/custom_nodes/ComfyUI-YOLO
May 06 09:37:00 dectech-6af36c comfy-ui[3534]:    0.0 seconds: /home/zozano/.local/share/ComfyUI/custom_nodes/comfyui-post-processing-nodes
May 06 09:37:00 dectech-6af36c comfy-ui[3534]:    0.0 seconds: /home/zozano/.local/share/ComfyUI/custom_nodes/comfyui-impact-subpack
May 06 09:37:00 dectech-6af36c comfy-ui[3534]:    0.0 seconds: /home/zozano/.local/share/ComfyUI/custom_nodes/ComfyUI-TiledDiffusion
May 06 09:37:00 dectech-6af36c comfy-ui[3534]:    0.0 seconds: /home/zozano/.local/share/ComfyUI/custom_nodes/lopi999-nodes
May 06 09:37:00 dectech-6af36c comfy-ui[3534]:    0.0 seconds: /home/zozano/.local/share/ComfyUI/custom_nodes/comfyui-model-downloader
May 06 09:37:00 dectech-6af36c comfy-ui[3534]:    0.0 seconds: /home/zozano/.local/share/ComfyUI/custom_nodes/comfyui-custom-scripts
May 06 09:37:00 dectech-6af36c comfy-ui[3534]:    0.0 seconds: /home/zozano/.local/share/ComfyUI/custom_nodes/comfyui_ultimatesdupscale
May 06 09:37:00 dectech-6af36c comfy-ui[3534]:    0.0 seconds: /home/zozano/.local/share/ComfyUI/custom_nodes/rgthree-comfy
May 06 09:37:00 dectech-6af36c comfy-ui[3534]:    0.0 seconds: /home/zozano/.local/share/ComfyUI/custom_nodes/comfyui_essentials
May 06 09:37:00 dectech-6af36c comfy-ui[3534]:    0.0 seconds: /home/zozano/.local/share/ComfyUI/custom_nodes/ComfyUI-Florence2
May 06 09:37:00 dectech-6af36c comfy-ui[3534]:    0.0 seconds: /home/zozano/.local/share/ComfyUI/custom_nodes/comfyui-advanced-controlnet
May 06 09:37:00 dectech-6af36c comfy-ui[3534]:    0.0 seconds: /home/zozano/.local/share/ComfyUI/custom_nodes/ComfyUI-GGUF
May 06 09:37:00 dectech-6af36c comfy-ui[3534]:    0.0 seconds: /home/zozano/.local/share/ComfyUI/custom_nodes/model_downloader
May 06 09:37:00 dectech-6af36c comfy-ui[3534]:    0.0 seconds: /home/zozano/.local/share/ComfyUI/custom_nodes/comfyui-ppm
May 06 09:37:00 dectech-6af36c comfy-ui[3534]:    0.0 seconds: /home/zozano/.local/share/ComfyUI/custom_nodes/comfyui-impact-pack
May 06 09:37:00 dectech-6af36c comfy-ui[3534]:    0.0 seconds: /home/zozano/.local/share/ComfyUI/custom_nodes/comfyui-tooling-nodes
May 06 09:37:00 dectech-6af36c comfy-ui[3534]:    0.0 seconds: /home/zozano/.local/share/ComfyUI/custom_nodes/civicomfy
May 06 09:37:00 dectech-6af36c comfy-ui[3534]:    0.0 seconds: /home/zozano/.local/share/ComfyUI/custom_nodes/ComfyUI_tinyterraNodes
May 06 09:37:00 dectech-6af36c comfy-ui[3534]:    0.0 seconds: /home/zozano/.local/share/ComfyUI/custom_nodes/comfyui_tinyterranodes
May 06 09:37:00 dectech-6af36c comfy-ui[3534]:    0.0 seconds: /home/zozano/.local/share/ComfyUI/custom_nodes/comfyui-kjnodes
May 06 09:37:00 dectech-6af36c comfy-ui[3534]:    0.0 seconds: /home/zozano/.local/share/ComfyUI/custom_nodes/x-flux-comfyui
May 06 09:37:00 dectech-6af36c comfy-ui[3534]:    0.1 seconds: /home/zozano/.local/share/ComfyUI/custom_nodes/comfyui-inspire-pack
May 06 09:37:00 dectech-6af36c comfy-ui[3534]:    0.1 seconds: /home/zozano/.local/share/ComfyUI/custom_nodes/ComfyUI-LTXVideo
May 06 09:37:00 dectech-6af36c comfy-ui[3534]:    0.1 seconds: /home/zozano/.local/share/ComfyUI/custom_nodes/comfyui-hakuimg
May 06 09:37:00 dectech-6af36c comfy-ui[3534]:    0.1 seconds: /home/zozano/.local/share/ComfyUI/custom_nodes/ComfyUI-Impact-Pack
May 06 09:37:00 dectech-6af36c comfy-ui[3534]:    0.1 seconds: /home/zozano/.local/share/ComfyUI/custom_nodes/comfyui-ultralytics-yolo
May 06 09:37:00 dectech-6af36c comfy-ui[3534]:    0.1 seconds: /home/zozano/.local/share/ComfyUI/custom_nodes/comfyui-pixydustquantizer
May 06 09:37:00 dectech-6af36c comfy-ui[3534]:    0.1 seconds: /home/zozano/.local/share/ComfyUI/custom_nodes/ComfyUI-KJNodes
May 06 09:37:00 dectech-6af36c comfy-ui[3534]:    0.4 seconds: /home/zozano/.local/share/ComfyUI/custom_nodes/comfyui-art-venture
May 06 09:37:00 dectech-6af36c comfy-ui[3534]:    0.5 seconds: /home/zozano/.local/share/ComfyUI/custom_nodes/PuLID_ComfyUI
May 06 09:37:00 dectech-6af36c comfy-ui[3534]:    0.5 seconds: /home/zozano/.local/share/ComfyUI/custom_nodes/comfyui-lora-manager
May 06 09:37:00 dectech-6af36c comfy-ui[3534]:    0.5 seconds: /home/zozano/.local/share/ComfyUI/custom_nodes/ComfyUI-WanVideoWrapper
May 06 09:37:00 dectech-6af36c comfy-ui[3534]:    0.6 seconds: /home/zozano/.local/share/ComfyUI/custom_nodes/comfyui_controlnet_aux
May 06 09:37:00 dectech-6af36c comfy-ui[3534]:    0.7 seconds: /home/zozano/.local/share/ComfyUI/custom_nodes/ComfyUI-MMAudio
May 06 09:37:00 dectech-6af36c comfy-ui[3534]:    4.1 seconds: /home/zozano/.local/share/ComfyUI/custom_nodes/comfyui-easy-use
May 06 09:37:00 dectech-6af36c comfy-ui[3534]: Context impl SQLiteImpl.
May 06 09:37:00 dectech-6af36c comfy-ui[3534]: Will assume non-transactional DDL.
May 06 09:37:00 dectech-6af36c comfy-ui[3534]: Starting server
May 06 09:37:00 dectech-6af36c comfy-ui[3534]: To see the GUI go to: http://127.0.0.1:8188
May 06 09:37:00 dectech-6af36c comfy-ui[3534]: [LoRA-Manager] Recipe cache miss: performing full directory scan
May 06 09:37:00 dectech-6af36c comfy-ui[3534]: [LoRA-Manager] Lora cache hydrated from persisted snapshot with 87 models
May 06 09:37:00 dectech-6af36c comfy-ui[3534]: [LoRA-Manager] Invalid cache entry for '/home/zozano/.local/share/ComfyUI/models/checkpoints/Unknown/no tags/Basil mix.safetensors': Required field 'sha256' is empty
May 06 09:37:00 dectech-6af36c comfy-ui[3534]: [LoRA-Manager] Invalid cache entry for '/home/zozano/.local/share/ComfyUI/models/checkpoints/Unknown/no tags/Latrimix_pony.safetensors': Required field 'sha256' is empty
May 06 09:37:00 dectech-6af36c comfy-ui[3534]: [LoRA-Manager] Invalid cache entry for '/home/zozano/.local/share/ComfyUI/models/checkpoints/Unknown/no tags/Midnight Melt.safetensors': Required field 'sha256' is empty
May 06 09:37:00 dectech-6af36c comfy-ui[3534]: [LoRA-Manager] Invalid cache entry for '/home/zozano/.local/share/ComfyUI/models/checkpoints/Unknown/no tags/Nub-BaseV21.safetensors': Required field 'sha256' is empty
May 06 09:37:00 dectech-6af36c comfy-ui[3534]: [LoRA-Manager] Invalid cache entry for '/home/zozano/.local/share/ComfyUI/models/checkpoints/Unknown/no tags/[realistic] SashaAndChill_Pruned.safetensors': Required field 'sha256' is empty
May 06 09:37:00 dectech-6af36c comfy-ui[3534]: [LoRA-Manager] Invalid cache entry for '/home/zozano/.local/share/ComfyUI/models/checkpoints/Unknown/no tags/cyberrealisticPony_v140.safetensors': Required field 'sha256' is empty
May 06 09:37:00 dectech-6af36c comfy-ui[3534]: [LoRA-Manager] Invalid cache entry for '/home/zozano/.local/share/ComfyUI/models/checkpoints/Unknown/no tags/cyberrealistic_v13.safetensors': Required field 'sha256' is empty
May 06 09:37:00 dectech-6af36c comfy-ui[3534]: [LoRA-Manager] Invalid cache entry for '/home/zozano/.local/share/ComfyUI/models/checkpoints/Unknown/no tags/grilledLamprey_sdxlV37o2n2.safetensors': Required field 'sha256' is empty
May 06 09:37:00 dectech-6af36c comfy-ui[3534]: [LoRA-Manager] Invalid cache entry for '/home/zozano/.local/share/ComfyUI/models/checkpoints/Unknown/no tags/henmixReal_v6b.safetensors': Required field 'sha256' is empty
May 06 09:37:00 dectech-6af36c comfy-ui[3534]: [LoRA-Manager] Invalid cache entry for '/home/zozano/.local/share/ComfyUI/models/checkpoints/Unknown/no tags/izariamergemixPony_v25.safetensors': Required field 'sha256' is empty
May 06 09:37:00 dectech-6af36c comfy-ui[3534]: [LoRA-Manager] Invalid cache entry for '/home/zozano/.local/share/ComfyUI/models/checkpoints/Unknown/no tags/kawalighting_v2.0.safetensors': Required field 'sha256' is empty
May 06 09:37:00 dectech-6af36c comfy-ui[3534]: [LoRA-Manager] Invalid cache entry for '/home/zozano/.local/share/ComfyUI/models/checkpoints/Unknown/no tags/moefussionXL_niasrLx2.safetensors': Required field 'sha256' is empty
May 06 09:37:00 dectech-6af36c comfy-ui[3534]: [LoRA-Manager] Invalid cache entry for '/home/zozano/.local/share/ComfyUI/models/checkpoints/Unknown/no tags/monodyIllustrious_a1.safetensors': Required field 'sha256' is empty
May 06 09:37:00 dectech-6af36c comfy-ui[3534]: [LoRA-Manager] Invalid cache entry for '/home/zozano/.local/share/ComfyUI/models/checkpoints/Unknown/no tags/ponycandymix.HfWk.safetensors': Required field 'sha256' is empty
May 06 09:37:00 dectech-6af36c comfy-ui[3534]: [LoRA-Manager] Invalid cache entry for '/home/zozano/.local/share/ComfyUI/models/checkpoints/Unknown/no tags/waiIllustriousSDXL_v160.safetensors': Required field 'sha256' is empty
May 06 09:37:00 dectech-6af36c comfy-ui[3534]: [LoRA-Manager] Invalid cache entry for '/home/zozano/.local/share/ComfyUI/models/checkpoints/Unknown/no tags/zukiCuteILL_v60.safetensors': Required field 'sha256' is empty
May 06 09:37:00 dectech-6af36c comfy-ui[3534]: [LoRA-Manager] Invalid cache entry for '/home/zozano/.local/share/ComfyUI/models/checkpoints/sdpose_wholebody_fp16.safetensors': Required field 'sha256' is empty
May 06 09:37:00 dectech-6af36c comfy-ui[3534]: [LoRA-Manager] Cache health check: corrupted - 17/40 invalid, 0 repaired
May 06 09:37:00 dectech-6af36c comfy-ui[3534]: [LoRA-Manager] Broadcasting cache health warning: corrupted (17 invalid entries)
May 06 09:37:00 dectech-6af36c comfy-ui[3534]: [LoRA-Manager] Checkpoint Scanner: Cache health issue detected - 17 invalid entries, 0 repaired
May 06 09:37:00 dectech-6af36c comfy-ui[3534]: [LoRA-Manager] Recipe cache initialized in 0.04 seconds. Found 0 recipes
May 06 09:37:00 dectech-6af36c comfy-ui[3534]: [LoRA-Manager] Checkpoint cache hydrated from persisted snapshot with 23 models
May 06 09:37:00 dectech-6af36c comfy-ui[3534]: [LoRA-Manager] Embedding cache hydrated from persisted snapshot with 4 models
May 06 09:37:00 dectech-6af36c comfy-ui[3534]: [LoRA-Manager] FTS index validated, reusing existing index with 0 recipes
May 06 09:37:00 dectech-6af36c steam[5226]: Fossilize INFO: Overriding serialization path: "/home/zozano/.local/share/Steam/shader_cache_temp_dir_d3d12_64/fozpipelinesv6/steamapprun_pipeline_cache".
May 06 09:37:03 dectech-6af36c systemd-timesyncd[1078]: Contacted time server 162.159.200.123:123 (2.nixos.pool.ntp.org).
May 06 09:37:03 dectech-6af36c systemd-timesyncd[1078]: Initial clock synchronization to Wed 2026-05-06 09:37:03.165093 AEST.
May 06 09:37:06 dectech-6af36c systemd[1]: systemd-timedated.service: Deactivated successfully.
May 06 09:37:55 dectech-6af36c syncthing[1906]: 2026-05-06 09:37:55 INF Relay listener starting (id=dynamic+https://relays.syncthing.net/endpoint log.pkg=connections)
May 06 09:38:21 dectech-6af36c syncthing[1906]: 2026-05-06 09:38:21 INF Joined relay (uri=relay://152.67.108.225:8080 log.pkg=relay/client)
May 06 09:38:34 dectech-6af36c systemd[2449]: Started kitty child process: 7852 launched by: 7847.
May 06 09:38:34 dectech-6af36c nix-daemon[1756]: accepted connection from pid 7872, user zozano
May 06 09:38:34 dectech-6af36c nix-daemon[1756]: accepted connection from pid 7887, user zozano
May 06 09:38:34 dectech-6af36c nix-daemon[1756]: accepted connection from pid 7902, user zozano
May 06 09:38:34 dectech-6af36c nix-daemon[1756]: accepted connection from pid 7918, user zozano
May 06 09:38:41 dectech-6af36c steam[5226]: [2026-05-06 09:38:41] Background update loop checking for update. . .
May 06 09:38:41 dectech-6af36c steam[5226]: [2026-05-06 09:38:41] Checking for available updates...
May 06 09:38:41 dectech-6af36c steam[5226]: [2026-05-06 09:38:41] Downloading manifest: https://client-update.akamai.steamstatic.com/steam_client_ubuntu12
May 06 09:38:42 dectech-6af36c steam[5226]: [2026-05-06 09:38:42] Manifest download: send request
May 06 09:38:42 dectech-6af36c steam[5226]: [2026-05-06 09:38:42] Manifest download: waiting for download to finish
May 06 09:38:42 dectech-6af36c steam[5226]: [2026-05-06 09:38:42] Manifest download: finished
May 06 09:38:42 dectech-6af36c steam[5226]: [2026-05-06 09:38:42] Download skipped by HTTP 304 Not Modified
May 06 09:38:42 dectech-6af36c steam[5226]: [2026-05-06 09:38:42] Nothing to do
May 06 09:38:45 dectech-6af36c nix-daemon[1756]: accepted connection from pid 8088, user zozano
May 06 09:39:02 dectech-6af36c comfy-ui[3534]: FETCH ComfyRegistry Data [DONE]
May 06 09:39:02 dectech-6af36c comfy-ui[3534]: [ComfyUI-Manager] default cache updated: https://api.comfy.org/nodes
May 06 09:39:02 dectech-6af36c comfy-ui[3534]: FETCH DATA from: /home/zozano/.local/share/ComfyUI/user/__manager/cache/1514988643_custom-node-list.json [DONE]
May 06 09:39:02 dectech-6af36c comfy-ui[3534]: [ComfyUI-Manager] All startup tasks have been completed.
May 06 09:39:09 dectech-6af36c nix-daemon[1756]: accepted connection from pid 8454, user zozano
May 06 09:39:15 dectech-6af36c systemd[2449]: Starting flatpak session helper...
May 06 09:39:15 dectech-6af36c systemd[2449]: Started flatpak session helper.
May 06 09:39:15 dectech-6af36c systemd[2449]: Started app-flatpak-moe.launcher.the\x2dhonkers\x2drailway\x2dlauncher-2318009179.scope.
May 06 09:41:32 dectech-6af36c systemd[2449]: Created slice User Background Tasks Slice.
May 06 09:41:32 dectech-6af36c systemd[2449]: Starting Cleanup of User's Temporary Files and Directories...
May 06 09:41:32 dectech-6af36c systemd[2449]: Finished Cleanup of User's Temporary Files and Directories.
May 06 09:41:41 dectech-6af36c tailscaled[3536]: netcheck: DetectCaptivePortal(found=false)
May 06 09:41:59 dectech-6af36c syncthing[1906]: 2026-05-06 09:41:59 INF Detected NAT type (uri=quic://0.0.0.0:22000 type="Port restricted NAT" log.pkg=connections)
May 06 09:41:59 dectech-6af36c syncthing[1906]: 2026-05-06 09:41:59 INF Resolved external address (uri=quic://0.0.0.0:22000 address=quic://103.214.222.123:22000 via=stun.voipstunt.com:3478 log.pkg=connections)
May 06 09:45:30 dectech-6af36c nix-daemon[1756]: accepted connection from pid 11875, user zozano
May 06 09:45:45 dectech-6af36c nix-daemon[1756]: accepted connection from pid 12000, user zozano
May 06 09:46:16 dectech-6af36c sudo[12362]:   zozano : TTY=pts/0 ; PWD=/home/zozano/.dotfiles ; USER=root ; COMMAND=/run/current-system/sw/bin/nixos-rebuild switch --flake .#desktop --show-trace
May 06 09:46:16 dectech-6af36c sudo[12362]: pam_unix(sudo:session): session opened for user root(uid=0) by zozano(uid=1000)
May 06 09:47:00 dectech-6af36c tailscaled[3536]: netcheck: DetectCaptivePortal(found=false)
May 06 09:47:27 dectech-6af36c systemd[2449]: Started kitty child process: 14575 launched by: 14325.
May 06 09:47:27 dectech-6af36c nix-daemon[1756]: accepted connection from pid 14633, user zozano
May 06 09:47:27 dectech-6af36c nix-daemon[1756]: accepted connection from pid 14649, user zozano
May 06 09:47:27 dectech-6af36c nix-daemon[1756]: accepted connection from pid 14684, user zozano
May 06 09:47:27 dectech-6af36c nix-daemon[1756]: accepted connection from pid 14743, user zozano
May 06 09:48:57 dectech-6af36c systemd[2449]: app-flatpak-moe.launcher.the\x2dhonkers\x2drailway\x2dlauncher-2318009179.scope: Consumed 13min 2.028s CPU time over 9min 42.299s wall clock time, 6.9G memory peak, 1.4G memory swap peak.
May 06 09:50:54 dectech-6af36c systemd[1]: Starting [systemd-run] /nix/store/lvssnbdvzdmpzx35f6rbwzrl6pxga0b5-nixos-system-unnamed-26.05.20260505.549bd84/bin/switch-to-configuration switch...
May 06 09:50:54 dectech-6af36c systemd[1]: Started [systemd-run] /nix/store/lvssnbdvzdmpzx35f6rbwzrl6pxga0b5-nixos-system-unnamed-26.05.20260505.549bd84/bin/switch-to-configuration switch.
May 06 09:50:55 dectech-6af36c nixos[44045]: switching to system configuration /nix/store/lvssnbdvzdmpzx35f6rbwzrl6pxga0b5-nixos-system-unnamed-26.05.20260505.549bd84
May 06 09:50:55 dectech-6af36c systemd[1]: Stopped target Remote File Systems.
May 06 09:50:55 dectech-6af36c systemd[1]: Stopped target Local File Systems.
May 06 09:50:55 dectech-6af36c systemd[1]: nvidia-container-toolkit-cdi-generator.service: Deactivated successfully.
May 06 09:50:55 dectech-6af36c systemd[1]: Stopped Container Device Interface (CDI) for Nvidia generator.
May 06 09:50:55 dectech-6af36c systemd[1]: nvidia-container-toolkit-cdi-generator.service: Consumed 134ms CPU time over 14min 25.353s wall clock time, 83.5M memory peak, 44.2M read from disk, 12K written to disk.
May 06 09:50:55 dectech-6af36c systemd[1]: Reload requested from client PID 44045 ('.switch-to-conf') (unit nixos-rebuild-switch-to-configuration.service)...
May 06 09:50:55 dectech-6af36c systemd[1]: Reloading...
May 06 09:50:55 dectech-6af36c systemd[1]: Reloading finished in 214 ms.
May 06 09:50:55 dectech-6af36c systemd[2449]: Stopping Portal service (Hyprland implementation)...
May 06 09:50:55 dectech-6af36c systemd[2449]: Stopping Multimedia Service Session Manager...
May 06 09:50:55 dectech-6af36c xdg-desktop-portal-hyprland[2703]: [LOG]  | Got interface: wl
May 06 09:50:55 dectech-6af36c systemd[2449]: Stopped Portal service (Hyprland implementation).
May 06 09:50:55 dectech-6af36c wireplumber[2708]: pw.core: 0x63c15c348150: leaked proxy 0x63c15c390320 id:3
May 06 09:50:55 dectech-6af36c wireplumber[2708]: pw.core: 0x63c15c348150: leaked proxy 0x63c15c38a740 id:4
May 06 09:50:55 dectech-6af36c wireplumber[2708]: pw.core: 0x63c15c348150: leaked proxy 0x63c15c2c7420 id:5
May 06 09:50:55 dectech-6af36c wireplumber[2708]: pw.core: 0x63c15c348150: leaked proxy 0x63c15c31e510 id:7
May 06 09:50:55 dectech-6af36c bluetoothd[1529]: Endpoint unregistered: sender=:1.33 path=/MediaEndpoint/A2DPSource/ldac
May 06 09:50:55 dectech-6af36c bluetoothd[1529]: Endpoint unregistered: sender=:1.33 path=/MediaEndpoint/A2DPSink/aptx_hd
May 06 09:50:55 dectech-6af36c bluetoothd[1529]: Endpoint unregistered: sender=:1.33 path=/MediaEndpoint/A2DPSource/aptx_hd
May 06 09:50:55 dectech-6af36c bluetoothd[1529]: Endpoint unregistered: sender=:1.33 path=/MediaEndpoint/A2DPSink/aptx
May 06 09:50:55 dectech-6af36c bluetoothd[1529]: Endpoint unregistered: sender=:1.33 path=/MediaEndpoint/A2DPSource/aptx
May 06 09:50:55 dectech-6af36c bluetoothd[1529]: Endpoint unregistered: sender=:1.33 path=/MediaEndpoint/A2DPSink/aac
May 06 09:50:55 dectech-6af36c bluetoothd[1529]: Endpoint unregistered: sender=:1.33 path=/MediaEndpoint/A2DPSource/aac
May 06 09:50:55 dectech-6af36c bluetoothd[1529]: Endpoint unregistered: sender=:1.33 path=/MediaEndpoint/A2DPSink/opus_g
May 06 09:50:55 dectech-6af36c bluetoothd[1529]: Endpoint unregistered: sender=:1.33 path=/MediaEndpoint/A2DPSource/opus_g
May 06 09:50:55 dectech-6af36c bluetoothd[1529]: Endpoint unregistered: sender=:1.33 path=/MediaEndpoint/A2DPSink/sbc
May 06 09:50:55 dectech-6af36c bluetoothd[1529]: Endpoint unregistered: sender=:1.33 path=/MediaEndpoint/A2DPSource/sbc
May 06 09:50:55 dectech-6af36c bluetoothd[1529]: Endpoint unregistered: sender=:1.33 path=/MediaEndpoint/A2DPSource/aptx_ll_1
May 06 09:50:55 dectech-6af36c bluetoothd[1529]: Endpoint unregistered: sender=:1.33 path=/MediaEndpoint/A2DPSource/aptx_ll_0
May 06 09:50:55 dectech-6af36c bluetoothd[1529]: Endpoint unregistered: sender=:1.33 path=/MediaEndpoint/A2DPSource/aptx_ll_duplex_1
May 06 09:50:55 dectech-6af36c bluetoothd[1529]: Endpoint unregistered: sender=:1.33 path=/MediaEndpoint/A2DPSource/aptx_ll_duplex_0
May 06 09:50:55 dectech-6af36c bluetoothd[1529]: Endpoint unregistered: sender=:1.33 path=/MediaEndpoint/A2DPSource/faststream
May 06 09:50:55 dectech-6af36c bluetoothd[1529]: Endpoint unregistered: sender=:1.33 path=/MediaEndpoint/A2DPSource/faststream_duplex
May 06 09:50:55 dectech-6af36c bluetoothd[1529]: Endpoint unregistered: sender=:1.33 path=/MediaEndpoint/A2DPSink/opus_05
May 06 09:50:55 dectech-6af36c bluetoothd[1529]: Endpoint unregistered: sender=:1.33 path=/MediaEndpoint/A2DPSource/opus_05
May 06 09:50:55 dectech-6af36c bluetoothd[1529]: Endpoint unregistered: sender=:1.33 path=/MediaEndpoint/A2DPSink/opus_05_duplex
May 06 09:50:55 dectech-6af36c bluetoothd[1529]: Endpoint unregistered: sender=:1.33 path=/MediaEndpoint/A2DPSource/opus_05_duplex
May 06 09:50:55 dectech-6af36c systemd[2449]: Stopped Multimedia Service Session Manager.
May 06 09:50:55 dectech-6af36c systemd[2449]: Reexecution requested from client PID 44223 ('switch-to-confi')...
May 06 09:50:55 dectech-6af36c systemd[2449]: Reexecuting.
May 06 09:50:55 dectech-6af36c systemd-xdg-autostart-generator[44238]: Exec binary '/nix/store/wwk1jhmcrm18276qyn1cx55g7df7dnb0-openrgb-0.9/bin/.openrgb-wrapped' does not exist: No such file or directory
May 06 09:50:55 dectech-6af36c systemd-xdg-autostart-generator[44238]: /home/zozano/.config/autostart/OpenRGB.desktop: not generating unit, executable specified in Exec= does not exist.
May 06 09:50:56 dectech-6af36c systemd[2449]: blueman-applet.service: Service has more than one ExecStart= setting, which is only allowed for Type=oneshot services. Refusing.
May 06 09:50:56 dectech-6af36c systemd[2449]: Reload requested from client PID 44223 ('switch-to-confi')...
May 06 09:50:56 dectech-6af36c systemd[2449]: Reloading...
May 06 09:50:56 dectech-6af36c systemd-xdg-autostart-generator[44259]: Exec binary '/nix/store/wwk1jhmcrm18276qyn1cx55g7df7dnb0-openrgb-0.9/bin/.openrgb-wrapped' does not exist: No such file or directory
May 06 09:50:56 dectech-6af36c systemd-xdg-autostart-generator[44259]: /home/zozano/.config/autostart/OpenRGB.desktop: not generating unit, executable specified in Exec= does not exist.
May 06 09:50:56 dectech-6af36c systemd[1]: Starting Cleanup of Temporary Directories...
May 06 09:50:56 dectech-6af36c systemd[2449]: blueman-applet.service: Service has more than one ExecStart= setting, which is only allowed for Type=oneshot services. Refusing.
May 06 09:50:56 dectech-6af36c systemd-tmpfiles[44268]: Opening file "/tmp/scoped_dirYfihls/SingletonSocket" failed, proceeding without lock: No such device or address
May 06 09:50:56 dectech-6af36c systemd[2449]: Reloading finished in 215 ms.
May 06 09:50:56 dectech-6af36c dbus-broker-launch[2569]: Caught SIGHUP, trigger reload.
May 06 09:50:56 dectech-6af36c systemd[2449]: Reloading D-Bus User Message Bus...
May 06 09:50:56 dectech-6af36c dbus-broker-launch[2569]: Service file '/run/current-system/sw/share/dbus-1/services/obex-data-server.service' is not named after the D-Bus name 'org.openobex'.
May 06 09:50:56 dectech-6af36c dbus-broker-launch[2569]: Ignoring duplicate name 'org.freedesktop.impl.portal.PermissionStore' in service file '/run/current-system/sw/share/dbus-1/services/org.freedesktop.impl.portal.PermissionStore.service'
May 06 09:50:56 dectech-6af36c dbus-broker-launch[2569]: Ignoring duplicate name 'org.freedesktop.impl.portal.desktop.hyprland' in service file '/run/current-system/sw/share/dbus-1/services/org.freedesktop.impl.portal.desktop.hyprland.service'
May 06 09:50:56 dectech-6af36c dbus-broker-launch[2569]: Ignoring duplicate name 'org.freedesktop.portal.Desktop' in service file '/run/current-system/sw/share/dbus-1/services/org.freedesktop.portal.Desktop.service'
May 06 09:50:56 dectech-6af36c dbus-broker-launch[2569]: Ignoring duplicate name 'org.freedesktop.portal.Documents' in service file '/run/current-system/sw/share/dbus-1/services/org.freedesktop.portal.Documents.service'
May 06 09:50:56 dectech-6af36c dbus-broker-launch[2569]: Service file '/run/current-system/sw/share/dbus-1/services/org.kde.dolphin.FileManager1.service' is not named after the D-Bus name 'org.freedesktop.FileManager1'.
May 06 09:50:56 dectech-6af36c dbus-broker-launch[2569]: Ignoring duplicate name 'org.freedesktop.FileManager1' in service file '/run/current-system/sw/share/dbus-1/services/org.kde.dolphin.FileManager1.service'
May 06 09:50:56 dectech-6af36c dbus-broker-launch[2569]: Ignoring duplicate name 'ca.desrt.dconf' in service file '/nix/store/fkbqm9wyyk9cbw69ldhxmjajabhr8jm1-system-path/share/dbus-1/services/ca.desrt.dconf.service'
May 06 09:50:56 dectech-6af36c dbus-broker-launch[2569]: Ignoring duplicate name 'com.feralinteractive.GameMode' in service file '/nix/store/fkbqm9wyyk9cbw69ldhxmjajabhr8jm1-system-path/share/dbus-1/services/com.feralinteractive.GameMode.service'
May 06 09:50:56 dectech-6af36c dbus-broker-launch[2569]: Ignoring duplicate name 'com.teamviewer.TeamViewer.Desktop' in service file '/nix/store/fkbqm9wyyk9cbw69ldhxmjajabhr8jm1-system-path/share/dbus-1/services/com.teamviewer.TeamViewer.Desktop.service'
May 06 09:50:56 dectech-6af36c dbus-broker-launch[2569]: Ignoring duplicate name 'com.teamviewer.TeamViewer' in service file '/nix/store/fkbqm9wyyk9cbw69ldhxmjajabhr8jm1-system-path/share/dbus-1/services/com.teamviewer.TeamViewer.service'
May 06 09:50:56 dectech-6af36c dbus-broker-launch[2569]: Service file '/nix/store/fkbqm9wyyk9cbw69ldhxmjajabhr8jm1-system-path/share/dbus-1/services/obex-data-server.service' is not named after the D-Bus name 'org.openobex'.
May 06 09:50:56 dectech-6af36c dbus-broker-launch[2569]: Ignoring duplicate name 'org.openobex' in service file '/nix/store/fkbqm9wyyk9cbw69ldhxmjajabhr8jm1-system-path/share/dbus-1/services/obex-data-server.service'
May 06 09:50:56 dectech-6af36c dbus-broker-launch[2569]: Ignoring duplicate name 'org.blueman.Applet' in service file '/nix/store/fkbqm9wyyk9cbw69ldhxmjajabhr8jm1-system-path/share/dbus-1/services/org.blueman.Applet.service'
May 06 09:50:56 dectech-6af36c dbus-broker-launch[2569]: Ignoring duplicate name 'org.blueman.Manager' in service file '/nix/store/fkbqm9wyyk9cbw69ldhxmjajabhr8jm1-system-path/share/dbus-1/services/org.blueman.Manager.service'
May 06 09:50:56 dectech-6af36c dbus-broker-launch[2569]: Ignoring duplicate name 'org.bluez.obex' in service file '/nix/store/fkbqm9wyyk9cbw69ldhxmjajabhr8jm1-system-path/share/dbus-1/services/org.bluez.obex.service'
May 06 09:50:56 dectech-6af36c dbus-broker-launch[2569]: Ignoring duplicate name 'org.flatpak.Authenticator.Oci' in service file '/nix/store/fkbqm9wyyk9cbw69ldhxmjajabhr8jm1-system-path/share/dbus-1/services/org.flatpak.Authenticator.Oci.service'
May 06 09:50:56 dectech-6af36c dbus-broker-launch[2569]: Ignoring duplicate name 'org.freedesktop.FileManager1' in service file '/nix/store/fkbqm9wyyk9cbw69ldhxmjajabhr8jm1-system-path/share/dbus-1/services/org.freedesktop.FileManager1.service'
May 06 09:50:56 dectech-6af36c dbus-broker-launch[2569]: Ignoring duplicate name 'org.freedesktop.Flatpak' in service file '/nix/store/fkbqm9wyyk9cbw69ldhxmjajabhr8jm1-system-path/share/dbus-1/services/org.freedesktop.Flatpak.service'
May 06 09:50:56 dectech-6af36c dbus-broker-launch[2569]: Ignoring duplicate name 'org.freedesktop.impl.portal.PermissionStore' in service file '/nix/store/fkbqm9wyyk9cbw69ldhxmjajabhr8jm1-system-path/share/dbus-1/services/org.freedesktop.impl.portal.PermissionStore.service'
May 06 09:50:56 dectech-6af36c dbus-broker-launch[2569]: Ignoring duplicate name 'org.freedesktop.impl.portal.Secret' in service file '/nix/store/fkbqm9wyyk9cbw69ldhxmjajabhr8jm1-system-path/share/dbus-1/services/org.freedesktop.impl.portal.Secret.service'
May 06 09:50:56 dectech-6af36c dbus-broker-launch[2569]: Ignoring duplicate name 'org.freedesktop.impl.portal.desktop.gtk' in service file '/nix/store/fkbqm9wyyk9cbw69ldhxmjajabhr8jm1-system-path/share/dbus-1/services/org.freedesktop.impl.portal.desktop.gtk.service'
May 06 09:50:56 dectech-6af36c dbus-broker-launch[2569]: Ignoring duplicate name 'org.freedesktop.impl.portal.desktop.hyprland' in service file '/nix/store/fkbqm9wyyk9cbw69ldhxmjajabhr8jm1-system-path/share/dbus-1/services/org.freedesktop.impl.portal.desktop.hyprland.service'
May 06 09:50:56 dectech-6af36c dbus-broker-launch[2569]: Ignoring duplicate name 'org.freedesktop.impl.portal.desktop.wlr' in service file '/nix/store/fkbqm9wyyk9cbw69ldhxmjajabhr8jm1-system-path/share/dbus-1/services/org.freedesktop.impl.portal.desktop.wlr.service'
May 06 09:50:56 dectech-6af36c dbus-broker-launch[2569]: Ignoring duplicate name 'org.freedesktop.import1' in service file '/nix/store/fkbqm9wyyk9cbw69ldhxmjajabhr8jm1-system-path/share/dbus-1/services/org.freedesktop.import1.service'
May 06 09:50:56 dectech-6af36c dbus-broker-launch[2569]: Ignoring duplicate name 'org.freedesktop.machine1' in service file '/nix/store/fkbqm9wyyk9cbw69ldhxmjajabhr8jm1-system-path/share/dbus-1/services/org.freedesktop.machine1.service'
May 06 09:50:56 dectech-6af36c dbus-broker-launch[2569]: Ignoring duplicate name 'org.freedesktop.portable1' in service file '/nix/store/fkbqm9wyyk9cbw69ldhxmjajabhr8jm1-system-path/share/dbus-1/services/org.freedesktop.portable1.service'
May 06 09:50:56 dectech-6af36c dbus-broker-launch[2569]: Ignoring duplicate name 'org.freedesktop.portal.Desktop' in service file '/nix/store/fkbqm9wyyk9cbw69ldhxmjajabhr8jm1-system-path/share/dbus-1/services/org.freedesktop.portal.Desktop.service'
May 06 09:50:56 dectech-6af36c dbus-broker-launch[2569]: Ignoring duplicate name 'org.freedesktop.portal.Documents' in service file '/nix/store/fkbqm9wyyk9cbw69ldhxmjajabhr8jm1-system-path/share/dbus-1/services/org.freedesktop.portal.Documents.service'
May 06 09:50:56 dectech-6af36c dbus-broker-launch[2569]: Ignoring duplicate name 'org.freedesktop.portal.Flatpak' in service file '/nix/store/fkbqm9wyyk9cbw69ldhxmjajabhr8jm1-system-path/share/dbus-1/services/org.freedesktop.portal.Flatpak.service'
May 06 09:50:56 dectech-6af36c dbus-broker-launch[2569]: Ignoring duplicate name 'org.freedesktop.secrets' in service file '/nix/store/fkbqm9wyyk9cbw69ldhxmjajabhr8jm1-system-path/share/dbus-1/services/org.freedesktop.secrets.service'
May 06 09:50:56 dectech-6af36c dbus-broker-launch[2569]: Ignoring duplicate name 'org.freedesktop.systemd1' in service file '/nix/store/fkbqm9wyyk9cbw69ldhxmjajabhr8jm1-system-path/share/dbus-1/services/org.freedesktop.systemd1.service'
May 06 09:50:56 dectech-6af36c dbus-broker-launch[2569]: Ignoring duplicate name 'org.gnome.Calculator.SearchProvider' in service file '/nix/store/fkbqm9wyyk9cbw69ldhxmjajabhr8jm1-system-path/share/dbus-1/services/org.gnome.Calculator.SearchProvider.service'
May 06 09:50:56 dectech-6af36c dbus-broker-launch[2569]: Ignoring duplicate name 'org.gnome.DiskUtility' in service file '/nix/store/fkbqm9wyyk9cbw69ldhxmjajabhr8jm1-system-path/share/dbus-1/services/org.gnome.DiskUtility.service'
May 06 09:50:56 dectech-6af36c dbus-broker-launch[2569]: Ignoring duplicate name 'org.gnome.Nautilus' in service file '/nix/store/fkbqm9wyyk9cbw69ldhxmjajabhr8jm1-system-path/share/dbus-1/services/org.gnome.Nautilus.service'
May 06 09:50:56 dectech-6af36c dbus-broker-launch[2569]: Ignoring duplicate name 'org.gnome.baobab' in service file '/nix/store/fkbqm9wyyk9cbw69ldhxmjajabhr8jm1-system-path/share/dbus-1/services/org.gnome.baobab.service'
May 06 09:50:56 dectech-6af36c dbus-broker-launch[2569]: Ignoring duplicate name 'org.gnome.evince.Daemon' in service file '/nix/store/fkbqm9wyyk9cbw69ldhxmjajabhr8jm1-system-path/share/dbus-1/services/org.gnome.evince.Daemon.service'
May 06 09:50:56 dectech-6af36c dbus-broker-launch[2569]: Ignoring duplicate name 'org.gnome.gedit' in service file '/nix/store/fkbqm9wyyk9cbw69ldhxmjajabhr8jm1-system-path/share/dbus-1/services/org.gnome.gedit.service'
May 06 09:50:56 dectech-6af36c dbus-broker-launch[2569]: Ignoring duplicate name 'org.gnome.keyring' in service file '/nix/store/fkbqm9wyyk9cbw69ldhxmjajabhr8jm1-system-path/share/dbus-1/services/org.gnome.keyring.service'
May 06 09:50:56 dectech-6af36c dbus-broker-launch[2569]: Ignoring duplicate name 'org.gnome.seahorse.Application' in service file '/nix/store/fkbqm9wyyk9cbw69ldhxmjajabhr8jm1-system-path/share/dbus-1/services/org.gnome.seahorse.Application.service'
May 06 09:50:56 dectech-6af36c dbus-broker-launch[2569]: Ignoring duplicate name 'org.gtk.vfs.AfcVolumeMonitor' in service file '/nix/store/fkbqm9wyyk9cbw69ldhxmjajabhr8jm1-system-path/share/dbus-1/services/org.gtk.vfs.AfcVolumeMonitor.service'
May 06 09:50:56 dectech-6af36c dbus-broker-launch[2569]: Ignoring duplicate name 'org.gtk.vfs.Daemon' in service file '/nix/store/fkbqm9wyyk9cbw69ldhxmjajabhr8jm1-system-path/share/dbus-1/services/org.gtk.vfs.Daemon.service'
May 06 09:50:56 dectech-6af36c dbus-broker-launch[2569]: Ignoring duplicate name 'org.gtk.vfs.GPhoto2VolumeMonitor' in service file '/nix/store/fkbqm9wyyk9cbw69ldhxmjajabhr8jm1-system-path/share/dbus-1/services/org.gtk.vfs.GPhoto2VolumeMonitor.service'
May 06 09:50:56 dectech-6af36c dbus-broker-launch[2569]: Ignoring duplicate name 'org.gtk.vfs.GoaVolumeMonitor' in service file '/nix/store/fkbqm9wyyk9cbw69ldhxmjajabhr8jm1-system-path/share/dbus-1/services/org.gtk.vfs.GoaVolumeMonitor.service'
May 06 09:50:56 dectech-6af36c dbus-broker-launch[2569]: Ignoring duplicate name 'org.gtk.vfs.MTPVolumeMonitor' in service file '/nix/store/fkbqm9wyyk9cbw69ldhxmjajabhr8jm1-system-path/share/dbus-1/services/org.gtk.vfs.MTPVolumeMonitor.service'
May 06 09:50:56 dectech-6af36c dbus-broker-launch[2569]: Ignoring duplicate name 'org.gtk.vfs.Metadata' in service file '/nix/store/fkbqm9wyyk9cbw69ldhxmjajabhr8jm1-system-path/share/dbus-1/services/org.gtk.vfs.Metadata.service'
May 06 09:50:56 dectech-6af36c dbus-broker-launch[2569]: Ignoring duplicate name 'org.gtk.vfs.UDisks2VolumeMonitor' in service file '/nix/store/fkbqm9wyyk9cbw69ldhxmjajabhr8jm1-system-path/share/dbus-1/services/org.gtk.vfs.UDisks2VolumeMonitor.service'
May 06 09:50:56 dectech-6af36c dbus-broker-launch[2569]: Service file '/nix/store/fkbqm9wyyk9cbw69ldhxmjajabhr8jm1-system-path/share/dbus-1/services/org.kde.dolphin.FileManager1.service' is not named after the D-Bus name 'org.freedesktop.FileManager1'.
May 06 09:50:56 dectech-6af36c dbus-broker-launch[2569]: Ignoring duplicate name 'org.freedesktop.FileManager1' in service file '/nix/store/fkbqm9wyyk9cbw69ldhxmjajabhr8jm1-system-path/share/dbus-1/services/org.kde.dolphin.FileManager1.service'
May 06 09:50:56 dectech-6af36c dbus-broker-launch[2569]: Ignoring duplicate name 'org.kde.kdeconnect' in service file '/nix/store/fkbqm9wyyk9cbw69ldhxmjajabhr8jm1-system-path/share/dbus-1/services/org.kde.kdeconnect.service'
May 06 09:50:56 dectech-6af36c dbus-broker-launch[2569]: Ignoring duplicate name 'org.kde.kmtpd5' in service file '/nix/store/fkbqm9wyyk9cbw69ldhxmjajabhr8jm1-system-path/share/dbus-1/services/org.kde.kmtpd5.service'
May 06 09:50:56 dectech-6af36c dbus-broker-launch[2569]: Ignoring duplicate name 'com.teamviewer.TeamViewer.Desktop' in service file '/nix/store/sakq23w1k2i0j8bni2rnnyanzxgyxxym-teamviewer-15.74.3/share/dbus-1/services/com.teamviewer.TeamViewer.Desktop.service'
May 06 09:50:56 dectech-6af36c dbus-broker-launch[2569]: Ignoring duplicate name 'com.teamviewer.TeamViewer' in service file '/nix/store/sakq23w1k2i0j8bni2rnnyanzxgyxxym-teamviewer-15.74.3/share/dbus-1/services/com.teamviewer.TeamViewer.service'
May 06 09:50:56 dectech-6af36c dbus-broker-launch[2569]: Ignoring duplicate name 'org.bluez.obex' in service file '/nix/store/zb0vr338s1sq0c7a3ca5i4zx89kjzd4n-bluez-5.86/share/dbus-1/services/org.bluez.obex.service'
May 06 09:50:56 dectech-6af36c dbus-broker-launch[2569]: Ignoring duplicate name 'org.gtk.vfs.AfcVolumeMonitor' in service file '/nix/store/1414i8p21kqwbiph3p0kcrj78prmmyy1-gvfs-1.58.4/share/dbus-1/services/org.gtk.vfs.AfcVolumeMonitor.service'
May 06 09:50:56 dectech-6af36c dbus-broker-launch[2569]: Ignoring duplicate name 'org.gtk.vfs.Daemon' in service file '/nix/store/1414i8p21kqwbiph3p0kcrj78prmmyy1-gvfs-1.58.4/share/dbus-1/services/org.gtk.vfs.Daemon.service'
May 06 09:50:56 dectech-6af36c dbus-broker-launch[2569]: Ignoring duplicate name 'org.gtk.vfs.GPhoto2VolumeMonitor' in service file '/nix/store/1414i8p21kqwbiph3p0kcrj78prmmyy1-gvfs-1.58.4/share/dbus-1/services/org.gtk.vfs.GPhoto2VolumeMonitor.service'
May 06 09:50:56 dectech-6af36c dbus-broker-launch[2569]: Ignoring duplicate name 'org.gtk.vfs.GoaVolumeMonitor' in service file '/nix/store/1414i8p21kqwbiph3p0kcrj78prmmyy1-gvfs-1.58.4/share/dbus-1/services/org.gtk.vfs.GoaVolumeMonitor.service'
May 06 09:50:56 dectech-6af36c dbus-broker-launch[2569]: Ignoring duplicate name 'org.gtk.vfs.MTPVolumeMonitor' in service file '/nix/store/1414i8p21kqwbiph3p0kcrj78prmmyy1-gvfs-1.58.4/share/dbus-1/services/org.gtk.vfs.MTPVolumeMonitor.service'
May 06 09:50:56 dectech-6af36c dbus-broker-launch[2569]: Ignoring duplicate name 'org.gtk.vfs.Metadata' in service file '/nix/store/1414i8p21kqwbiph3p0kcrj78prmmyy1-gvfs-1.58.4/share/dbus-1/services/org.gtk.vfs.Metadata.service'
May 06 09:50:56 dectech-6af36c dbus-broker-launch[2569]: Ignoring duplicate name 'org.gtk.vfs.UDisks2VolumeMonitor' in service file '/nix/store/1414i8p21kqwbiph3p0kcrj78prmmyy1-gvfs-1.58.4/share/dbus-1/services/org.gtk.vfs.UDisks2VolumeMonitor.service'
May 06 09:50:56 dectech-6af36c dbus-broker-launch[2569]: Ignoring duplicate name 'org.freedesktop.impl.portal.Secret' in service file '/nix/store/x1199bxd4ia75dd1nmh0xnnpfzxz1785-gnome-keyring-48.0/share/dbus-1/services/org.freedesktop.impl.portal.Secret.service'
May 06 09:50:56 dectech-6af36c dbus-broker-launch[2569]: Ignoring duplicate name 'org.freedesktop.secrets' in service file '/nix/store/x1199bxd4ia75dd1nmh0xnnpfzxz1785-gnome-keyring-48.0/share/dbus-1/services/org.freedesktop.secrets.service'
May 06 09:50:56 dectech-6af36c dbus-broker-launch[2569]: Ignoring duplicate name 'org.gnome.keyring' in service file '/nix/store/x1199bxd4ia75dd1nmh0xnnpfzxz1785-gnome-keyring-48.0/share/dbus-1/services/org.gnome.keyring.service'
May 06 09:50:56 dectech-6af36c dbus-broker-launch[2569]: Ignoring duplicate name 'org.flatpak.Authenticator.Oci' in service file '/nix/store/3lnpblx0qc1wsrrcm5a57szp09n5dwg5-flatpak-1.16.6/share/dbus-1/services/org.flatpak.Authenticator.Oci.service'
May 06 09:50:56 dectech-6af36c dbus-broker-launch[2569]: Ignoring duplicate name 'org.freedesktop.Flatpak' in service file '/nix/store/3lnpblx0qc1wsrrcm5a57szp09n5dwg5-flatpak-1.16.6/share/dbus-1/services/org.freedesktop.Flatpak.service'
May 06 09:50:56 dectech-6af36c dbus-broker-launch[2569]: Ignoring duplicate name 'org.freedesktop.portal.Flatpak' in service file '/nix/store/3lnpblx0qc1wsrrcm5a57szp09n5dwg5-flatpak-1.16.6/share/dbus-1/services/org.freedesktop.portal.Flatpak.service'
May 06 09:50:56 dectech-6af36c dbus-broker-launch[2569]: Ignoring duplicate name 'org.blueman.Applet' in service file '/nix/store/yjba7p5a8ddh0kax997gx3l1d1hr3aq7-blueman-2.4.6/share/dbus-1/services/org.blueman.Applet.service'
May 06 09:50:56 dectech-6af36c dbus-broker-launch[2569]: Ignoring duplicate name 'org.blueman.Manager' in service file '/nix/store/yjba7p5a8ddh0kax997gx3l1d1hr3aq7-blueman-2.4.6/share/dbus-1/services/org.blueman.Manager.service'
May 06 09:50:56 dectech-6af36c dbus-broker-launch[2569]: Ignoring duplicate name 'ca.desrt.dconf' in service file '/nix/store/qpqhl3f18vmy1bkq2fisg0f6x64v24xs-dconf-0.49.0/share/dbus-1/services/ca.desrt.dconf.service'
May 06 09:50:56 dectech-6af36c dbus-broker-launch[2569]: Ignoring duplicate name 'org.freedesktop.impl.portal.PermissionStore' in service file '/nix/store/ih7w44bx3c8nh807h9dqlzcjcfwafbap-xdg-desktop-portal-1.20.4/share/dbus-1/services/org.freedesktop.impl.portal.PermissionStore.service'
May 06 09:50:56 dectech-6af36c dbus-broker-launch[2569]: Policy to allow eavesdropping in /etc/dbus-1/session.conf +27: Eavesdropping is deprecated and ignored
May 06 09:50:56 dectech-6af36c dbus-broker-launch[2569]: Policy to allow eavesdropping in /etc/dbus-1/session.conf +29: Eavesdropping is deprecated and ignored
May 06 09:50:56 dectech-6af36c dbus-broker-launch[2569]: Ignoring duplicate name 'org.freedesktop.portal.Desktop' in service file '/nix/store/ih7w44bx3c8nh807h9dqlzcjcfwafbap-xdg-desktop-portal-1.20.4/share/dbus-1/services/org.freedesktop.portal.Desktop.service'
May 06 09:50:56 dectech-6af36c dbus-broker-launch[2569]: Ignoring duplicate name 'org.freedesktop.portal.Documents' in service file '/nix/store/ih7w44bx3c8nh807h9dqlzcjcfwafbap-xdg-desktop-portal-1.20.4/share/dbus-1/services/org.freedesktop.portal.Documents.service'
May 06 09:50:56 dectech-6af36c dbus-broker-launch[2569]: Ignoring duplicate name 'org.freedesktop.impl.portal.PermissionStore' in service file '/nix/store/ih7w44bx3c8nh807h9dqlzcjcfwafbap-xdg-desktop-portal-1.20.4/share/dbus-1/services/org.freedesktop.impl.portal.PermissionStore.service'
May 06 09:50:56 dectech-6af36c dbus-broker-launch[2569]: Ignoring duplicate name 'org.freedesktop.portal.Desktop' in service file '/nix/store/ih7w44bx3c8nh807h9dqlzcjcfwafbap-xdg-desktop-portal-1.20.4/share/dbus-1/services/org.freedesktop.portal.Desktop.service'
May 06 09:50:56 dectech-6af36c dbus-broker-launch[2569]: Ignoring duplicate name 'org.freedesktop.portal.Documents' in service file '/nix/store/ih7w44bx3c8nh807h9dqlzcjcfwafbap-xdg-desktop-portal-1.20.4/share/dbus-1/services/org.freedesktop.portal.Documents.service'
May 06 09:50:56 dectech-6af36c dbus-broker-launch[2569]: Ignoring duplicate name 'org.freedesktop.impl.portal.desktop.hyprland' in service file '/nix/store/pmk6xmmh5jns9q531f1978wck0p1sbcj-xdg-desktop-portal-hyprland-1.3.12/share/dbus-1/services/org.freedesktop.impl.portal.desktop.hyprland.service'
May 06 09:50:56 dectech-6af36c dbus-broker-launch[2569]: Ignoring duplicate name 'org.freedesktop.impl.portal.desktop.gtk' in service file '/nix/store/85c433qg23ynv7vr4cpsy4dkvczmjshd-xdg-desktop-portal-gtk-1.15.3/share/dbus-1/services/org.freedesktop.impl.portal.desktop.gtk.service'
May 06 09:50:56 dectech-6af36c dbus-broker-launch[2569]: Ignoring duplicate name 'org.freedesktop.impl.portal.desktop.wlr' in service file '/nix/store/l0y1fniqb9192iv7z28109k4y7dcvf7c-xdg-desktop-portal-wlr-0.8.2/share/dbus-1/services/org.freedesktop.impl.portal.desktop.wlr.service'
May 06 09:50:56 dectech-6af36c dbus-broker-launch[2569]: Ignoring duplicate name 'org.freedesktop.impl.portal.Secret' in service file '/nix/store/x1199bxd4ia75dd1nmh0xnnpfzxz1785-gnome-keyring-48.0/share/dbus-1/services/org.freedesktop.impl.portal.Secret.service'
May 06 09:50:56 dectech-6af36c dbus-broker-launch[2569]: Ignoring duplicate name 'org.freedesktop.secrets' in service file '/nix/store/x1199bxd4ia75dd1nmh0xnnpfzxz1785-gnome-keyring-48.0/share/dbus-1/services/org.freedesktop.secrets.service'
May 06 09:50:56 dectech-6af36c dbus-broker-launch[2569]: Ignoring duplicate name 'org.gnome.keyring' in service file '/nix/store/x1199bxd4ia75dd1nmh0xnnpfzxz1785-gnome-keyring-48.0/share/dbus-1/services/org.gnome.keyring.service'
May 06 09:50:56 dectech-6af36c dbus-broker-launch[2569]: Ignoring duplicate name 'org.freedesktop.impl.portal.desktop.hyprland' in service file '/nix/store/pmk6xmmh5jns9q531f1978wck0p1sbcj-xdg-desktop-portal-hyprland-1.3.12/share/dbus-1/services/org.freedesktop.impl.portal.desktop.hyprland.service'
May 06 09:50:56 dectech-6af36c dbus-broker-launch[2569]: Ignoring duplicate name 'org.freedesktop.impl.portal.desktop.gtk' in service file '/nix/store/85c433qg23ynv7vr4cpsy4dkvczmjshd-xdg-desktop-portal-gtk-1.15.3/share/dbus-1/services/org.freedesktop.impl.portal.desktop.gtk.service'
May 06 09:50:56 dectech-6af36c systemd[2449]: Reloaded D-Bus User Message Bus.
May 06 09:50:56 dectech-6af36c systemd[2449]: Starting Run user-specific NixOS activation...
May 06 09:50:56 dectech-6af36c systemd[2449]: Started Multimedia Service Session Manager.
May 06 09:50:56 dectech-6af36c systemd[2449]: Starting Portal service (Hyprland implementation)...
May 06 09:50:56 dectech-6af36c systemd[2449]: Finished Run user-specific NixOS activation.
May 06 09:50:56 dectech-6af36c systemd[2449]: Started Portal service (Hyprland implementation).
May 06 09:50:56 dectech-6af36c systemd[2449]: Starting Run user-specific NixOS activation...
May 06 09:50:56 dectech-6af36c /nix/store/ih7w44bx3c8nh807h9dqlzcjcfwafbap-xdg-desktop-portal-1.20.4/libexec/xdg-desktop-portal[2593]: Realtime error: Could not get pidns for pid 44270: Could not fstatat ns/pid: Not a directory
May 06 09:50:56 dectech-6af36c xdg-desktop-portal-hyprland[44271]: [LOG] Initializing xdph...
May 06 09:50:56 dectech-6af36c xdg-desktop-portal-hyprland[44271]: [LOG] XDG_CURRENT_DESKTOP set to Hyprland
May 06 09:50:56 dectech-6af36c xdg-desktop-portal-hyprland[44271]: [LOG] Gathering exported interfaces
May 06 09:50:56 dectech-6af36c xdg-desktop-portal-hyprland[44271]: [LOG]  | Got interface: wl_seat (ver 9)
May 06 09:50:56 dectech-6af36c xdg-desktop-portal-hyprland[44271]: [LOG]  | Got interface: wl_data_device_manager (ver 3)
May 06 09:50:56 dectech-6af36c xdg-desktop-portal-hyprland[44271]: [LOG]  | Got interface: wl_compositor (ver 6)
May 06 09:50:56 dectech-6af36c xdg-desktop-portal-hyprland[44271]: [LOG]  | Got interface: wl_subcompositor (ver 1)
May 06 09:50:56 dectech-6af36c xdg-desktop-portal-hyprland[44271]: [LOG]  | Got interface: wl_shm (ver 2)
May 06 09:50:56 dectech-6af36c xdg-desktop-portal-hyprland[44271]: [LOG]  | Got interface: wp_viewporter (ver 1)
May 06 09:50:56 dectech-6af36c xdg-desktop-portal-hyprland[44271]: [LOG]  | Got interface: wp_tearing_control_manager_v1 (ver 1)
May 06 09:50:56 dectech-6af36c xdg-desktop-portal-hyprland[44271]: [LOG]  | Got interface: wp_fractional_scale_manager_v1 (ver 1)
May 06 09:50:56 dectech-6af36c xdg-desktop-portal-hyprland[44271]: [LOG]  | Got interface: zxdg_output_manager_v1 (ver 3)
May 06 09:50:56 dectech-6af36c xdg-desktop-portal-hyprland[44271]: [LOG]  | Got interface: wp_cursor_shape_manager_v1 (ver 2)
May 06 09:50:56 dectech-6af36c xdg-desktop-portal-hyprland[44271]: [LOG]  | Got interface: zwp_idle_inhibit_manager_v1 (ver 1)
May 06 09:50:56 dectech-6af36c xdg-desktop-portal-hyprland[44271]: [LOG]  | Got interface: zwp_relative_pointer_manager_v1 (ver 1)
May 06 09:50:56 dectech-6af36c xdg-desktop-portal-hyprland[44271]: [LOG]  | Got interface: zxdg_decoration_manager_v1 (ver 1)
May 06 09:50:56 dectech-6af36c xdg-desktop-portal-hyprland[44271]: [LOG]  | Got interface: wp_alpha_modifier_v1 (ver 1)
May 06 09:50:56 dectech-6af36c xdg-desktop-portal-hyprland[44271]: [LOG]  | Got interface: zwlr_gamma_control_manager_v1 (ver 1)
May 06 09:50:56 dectech-6af36c xdg-desktop-portal-hyprland[44271]: [LOG]  | Got interface: ext_foreign_toplevel_list_v1 (ver 1)
May 06 09:50:56 dectech-6af36c xdg-desktop-portal-hyprland[44271]: [LOG]  | Got interface: zwp_pointer_gestures_v1 (ver 3)
May 06 09:50:56 dectech-6af36c xdg-desktop-portal-hyprland[44271]: [LOG]  | Got interface: zwlr_foreign_toplevel_manager_v1 (ver 3)
May 06 09:50:56 dectech-6af36c xdg-desktop-portal-hyprland[44271]: [LOG] [toplevel] (activate) locks: 1
May 06 09:50:56 dectech-6af36c xdg-desktop-portal-hyprland[44271]: [LOG]  | Got interface: zwp_keyboard_shortcuts_inhibit_manager_v1 (ver 1)
May 06 09:50:56 dectech-6af36c xdg-desktop-portal-hyprland[44271]: [LOG]  | Got interface: zwp_text_input_manager_v1 (ver 1)
May 06 09:50:56 dectech-6af36c xdg-desktop-portal-hyprland[44271]: [LOG]  | Got interface: zwp_text_input_manager_v3 (ver 1)
May 06 09:50:56 dectech-6af36c xdg-desktop-portal-hyprland[44271]: [LOG]  | Got interface: zwp_pointer_constraints_v1 (ver 1)
May 06 09:50:56 dectech-6af36c xdg-desktop-portal-hyprland[44271]: [LOG]  | Got interface: zwlr_output_power_manager_v1 (ver 1)
May 06 09:50:56 dectech-6af36c xdg-desktop-portal-hyprland[44271]: [LOG]  | Got interface: xdg_activation_v1 (ver 1)
May 06 09:50:56 dectech-6af36c xdg-desktop-portal-hyprland[44271]: [LOG]  | Got interface: ext_idle_notifier_v1 (ver 2)
May 06 09:50:56 dectech-6af36c xdg-desktop-portal-hyprland[44271]: [LOG]  | Got interface: hyprland_lock_notifier_v1 (ver 1)
May 06 09:50:56 dectech-6af36c xdg-desktop-portal-hyprland[44271]: [LOG]  | Got interface: ext_session_lock_manager_v1 (ver 1)
May 06 09:50:56 dectech-6af36c xdg-desktop-portal-hyprland[44271]: [LOG]  | Got interface: zwp_input_method_manager_v2 (ver 1)
May 06 09:50:56 dectech-6af36c xdg-desktop-portal-hyprland[44271]: [LOG]  | Got interface: zwp_virtual_keyboard_manager_v1 (ver 1)
May 06 09:50:56 dectech-6af36c xdg-desktop-portal-hyprland[44271]: [LOG]  | Got interface: zwlr_virtual_pointer_manager_v1 (ver 2)
May 06 09:50:56 dectech-6af36c xdg-desktop-portal-hyprland[44271]: [LOG]  | Got interface: zwlr_output_manager_v1 (ver 4)
May 06 09:50:56 dectech-6af36c xdg-desktop-portal-hyprland[44271]: [LOG]  | Got interface: org_kde_kwin_server_decoration_manager (ver 1)
May 06 09:50:56 dectech-6af36c xdg-desktop-portal-hyprland[44271]: [LOG]  | Got interface: hyprland_focus_grab_manager_v1 (ver 1)
May 06 09:50:56 dectech-6af36c xdg-desktop-portal-hyprland[44271]: [LOG]  | Got interface: zwp_tablet_manager_v2 (ver 1)
May 06 09:50:56 dectech-6af36c xdg-desktop-portal-hyprland[44271]: [LOG]  | Got interface: zwlr_layer_shell_v1 (ver 5)
May 06 09:50:56 dectech-6af36c xdg-desktop-portal-hyprland[44271]: [LOG]  | Got interface: wp_presentation (ver 2)
May 06 09:50:56 dectech-6af36c xdg-desktop-portal-hyprland[44271]: [LOG]  | Got interface: xdg_wm_base (ver 7)
May 06 09:50:56 dectech-6af36c xdg-desktop-portal-hyprland[44271]: [LOG]  | Got interface: zwlr_data_control_manager_v1 (ver 2)
May 06 09:50:56 dectech-6af36c xdg-desktop-portal-hyprland[44271]: [LOG]  | Got interface: zwp_primary_selection_device_manager_v1 (ver 1)
May 06 09:50:56 dectech-6af36c xdg-desktop-portal-hyprland[44271]: [LOG]  | Got interface: xwayland_shell_v1 (ver 1)
May 06 09:50:56 dectech-6af36c xdg-desktop-portal-hyprland[44271]: [LOG]  | Got interface: hyprland_toplevel_mapping_manager_v1 (ver 1)
May 06 09:50:56 dectech-6af36c xdg-desktop-portal-hyprland[44271]: [LOG] [toplevel mapping] registered manager
May 06 09:50:56 dectech-6af36c xdg-desktop-portal-hyprland[44271]: [LOG]  | Got interface: hyprland_global_shortcuts_manager_v1 (ver 1)
May 06 09:50:56 dectech-6af36c xdg-desktop-portal-hyprland[44271]: [LOG] [globalshortcuts] registered
May 06 09:50:56 dectech-6af36c xdg-desktop-portal-hyprland[44271]: [LOG]  | Got interface: xdg_wm_dialog_v1 (ver 1)
May 06 09:50:56 dectech-6af36c xdg-desktop-portal-hyprland[44271]: [LOG]  | Got interface: wp_single_pixel_buffer_manager_v1 (ver 1)
May 06 09:50:56 dectech-6af36c xdg-desktop-portal-hyprland[44271]: [LOG]  | Got interface: wp_security_context_manager_v1 (ver 1)
May 06 09:50:56 dectech-6af36c xdg-desktop-portal-hyprland[44271]: [LOG]  | Got interface: hyprland_ctm_control_manager_v1 (ver 2)
May 06 09:50:56 dectech-6af36c xdg-desktop-portal-hyprland[44271]: [LOG]  | Got interface: hyprland_surface_manager_v1 (ver 2)
May 06 09:50:56 dectech-6af36c xdg-desktop-portal-hyprland[44271]: [LOG]  | Got interface: wp_content_type_manager_v1 (ver 1)
May 06 09:50:56 dectech-6af36c xdg-desktop-portal-hyprland[44271]: [LOG]  | Got interface: xdg_toplevel_tag_manager_v1 (ver 1)
May 06 09:50:56 dectech-6af36c xdg-desktop-portal-hyprland[44271]: [LOG]  | Got interface: xdg_system_bell_v1 (ver 1)
May 06 09:50:56 dectech-6af36c xdg-desktop-portal-hyprland[44271]: [LOG]  | Got interface: ext_workspace_manager_v1 (ver 1)
May 06 09:50:56 dectech-6af36c xdg-desktop-portal-hyprland[44271]: [LOG]  | Got interface: ext_data_control_manager_v1 (ver 1)
May 06 09:50:56 dectech-6af36c xdg-desktop-portal-hyprland[44271]: [LOG]  | Got interface: wp_pointer_warp_v1 (ver 1)
May 06 09:50:56 dectech-6af36c xdg-desktop-portal-hyprland[44271]: [LOG]  | Got interface: wp_fifo_manager_v1 (ver 1)
May 06 09:50:56 dectech-6af36c xdg-desktop-portal-hyprland[44271]: [LOG]  | Got interface: wp_commit_timing_manager_v1 (ver 1)
May 06 09:50:56 dectech-6af36c xdg-desktop-portal-hyprland[44271]: [LOG]  | Got interface: zwlr_screencopy_manager_v1 (ver 3)
May 06 09:50:56 dectech-6af36c xdg-desktop-portal-hyprland[44271]: [LOG] [pipewire] connected
May 06 09:50:56 dectech-6af36c xdg-desktop-portal-hyprland[44271]: [LOG] [screencopy] init successful
May 06 09:50:56 dectech-6af36c xdg-desktop-portal-hyprland[44271]: [LOG]  | Got interface: hyprland_toplevel_export_manager_v1 (ver 2)
May 06 09:50:56 dectech-6af36c xdg-desktop-portal-hyprland[44271]: [LOG]  | Got interface: ext_output_image_capture_source_manager_v1 (ver 1)
May 06 09:50:56 dectech-6af36c xdg-desktop-portal-hyprland[44271]: [LOG]  | Got interface: ext_foreign_toplevel_image_capture_source_manager_v1 (ver 1)
May 06 09:50:56 dectech-6af36c xdg-desktop-portal-hyprland[44271]: [LOG]  | Got interface: ext_image_copy_capture_manager_v1 (ver 1)
May 06 09:50:56 dectech-6af36c xdg-desktop-portal-hyprland[44271]: [LOG]  | Got interface: wp_color_manager_v1 (ver 1)
May 06 09:50:56 dectech-6af36c xdg-desktop-portal-hyprland[44271]: [LOG]  | Got interface: wp_drm_lease_device_v1 (ver 1)
May 06 09:50:56 dectech-6af36c xdg-desktop-portal-hyprland[44271]: [LOG]  | Got interface: wp_linux_drm_syncobj_manager_v1 (ver 1)
May 06 09:50:56 dectech-6af36c xdg-desktop-portal-hyprland[44271]: [LOG]  | Got interface: wl_drm (ver 2)
May 06 09:50:56 dectech-6af36c xdg-desktop-portal-hyprland[44271]: [LOG]  | Got interface: zwp_linux_dmabuf_v1 (ver 5)
May 06 09:50:56 dectech-6af36c systemd[1]: Starting Re-setup tmpfiles on a system that is already running....
May 06 09:50:56 dectech-6af36c systemd[1]: systemd-tmpfiles-clean.service: Deactivated successfully.
May 06 09:50:56 dectech-6af36c systemd[1]: Finished Cleanup of Temporary Directories.
May 06 09:50:56 dectech-6af36c systemd[1]: systemd-tmpfiles-clean.service: Consumed 39ms CPU time over 144ms wall clock time, 7.6M memory peak, 4.7M read from disk.
May 06 09:50:56 dectech-6af36c /nix/store/ih7w44bx3c8nh807h9dqlzcjcfwafbap-xdg-desktop-portal-1.20.4/libexec/xdg-desktop-portal[2593]: Realtime error: Could not get pidns for pid 44270: Could not fstatat ns/pid: Not a directory
May 06 09:50:56 dectech-6af36c systemd[2449]: Finished Run user-specific NixOS activation.
May 06 09:50:56 dectech-6af36c systemd[1]: Finished Re-setup tmpfiles on a system that is already running..
May 06 09:50:56 dectech-6af36c systemd[1]: Reached target Reactivate sysinit units.
May 06 09:50:56 dectech-6af36c dbus-broker-launch[1524]: Caught SIGHUP, trigger reload.
May 06 09:50:56 dectech-6af36c systemd[1]: Reloading D-Bus System Message Bus...
May 06 09:50:56 dectech-6af36c dbus-broker-launch[1524]: Looking up NSS group entry for 'netdev'...
May 06 09:50:56 dectech-6af36c dbus-broker-launch[1524]: NSS returned no entry for 'netdev'
May 06 09:50:56 dectech-6af36c dbus-broker-launch[1524]: Invalid group-name in /nix/store/fkbqm9wyyk9cbw69ldhxmjajabhr8jm1-system-path/share/dbus-1/system.d/avahi-dbus.conf +24: group="netdev"
May 06 09:50:56 dectech-6af36c dbus-broker-launch[1524]: Invalid group-name in /nix/store/cbjl8jkaxxrwlv2aa72hzakhbk4rsw0s-avahi-0.8/share/dbus-1/system.d/avahi-dbus.conf +24: group="netdev"
May 06 09:50:56 dectech-6af36c dbus-broker-launch[1524]: Ignoring duplicate name 'fi.w1.wpa_supplicant1' in service file '/nix/store/59ki34yyjdk2dj00cbwrdnssxd225971-wpa_supplicant-2.11/share/dbus-1/system-services/fi.w1.wpa_supplicant1.service'
May 06 09:50:56 dectech-6af36c dbus-broker-launch[1524]: Ignoring duplicate name 'org.freedesktop.nm_dispatcher' in service file '/nix/store/h2lgf1bgqn6n1qd44k6scyfrka6jl9bl-networkmanager-1.56.0/share/dbus-1/system-services/org.freedesktop.nm_dispatcher.service'
May 06 09:50:56 dectech-6af36c dbus-broker-launch[1524]: Ignoring duplicate name 'org.freedesktop.nm_priv_helper' in service file '/nix/store/h2lgf1bgqn6n1qd44k6scyfrka6jl9bl-networkmanager-1.56.0/share/dbus-1/system-services/org.freedesktop.nm_priv_helper.service'
May 06 09:50:56 dectech-6af36c dbus-broker-launch[1524]: Ignoring duplicate name 'org.freedesktop.ModemManager1' in service file '/nix/store/q1wldr2mq0vpqys9hqvs8kbrc3dfbwd0-modemmanager-1.24.2/share/dbus-1/system-services/org.freedesktop.ModemManager1.service'
May 06 09:50:56 dectech-6af36c dbus-broker-launch[1524]: Ignoring duplicate name 'org.freedesktop.UDisks2' in service file '/nix/store/c03zcxgln0yamads8hqijb429ymxd2kd-udisks-2.11.1/share/dbus-1/system-services/org.freedesktop.UDisks2.service'
May 06 09:50:56 dectech-6af36c dbus-broker-launch[1524]: Ignoring duplicate name 'org.bluez.mesh' in service file '/nix/store/zb0vr338s1sq0c7a3ca5i4zx89kjzd4n-bluez-5.86/share/dbus-1/system-services/org.bluez.mesh.service'
May 06 09:50:56 dectech-6af36c dbus-broker-launch[1524]: Ignoring duplicate name 'org.bluez' in service file '/nix/store/zb0vr338s1sq0c7a3ca5i4zx89kjzd4n-bluez-5.86/share/dbus-1/system-services/org.bluez.service'
May 06 09:50:56 dectech-6af36c dbus-broker-launch[1524]: Ignoring duplicate name 'org.freedesktop.Flatpak.SystemHelper' in service file '/nix/store/3lnpblx0qc1wsrrcm5a57szp09n5dwg5-flatpak-1.16.6/share/dbus-1/system-services/org.freedesktop.Flatpak.SystemHelper.service'
May 06 09:50:56 dectech-6af36c dbus-broker-launch[1524]: Ignoring duplicate name 'org.blueman.Mechanism' in service file '/nix/store/yjba7p5a8ddh0kax997gx3l1d1hr3aq7-blueman-2.4.6/share/dbus-1/system-services/org.blueman.Mechanism.service'
May 06 09:50:56 dectech-6af36c dbus-broker-launch[1524]: Ignoring duplicate name 'org.freedesktop.RealtimeKit1' in service file '/nix/store/k4p3zcvb5bc6374rl3650jccch7n5myq-rtkit-0.14/share/dbus-1/system-services/org.freedesktop.RealtimeKit1.service'
May 06 09:50:56 dectech-6af36c dbus-broker-launch[1524]: Ignoring duplicate name 'org.freedesktop.PolicyKit1' in service file '/nix/store/arpd85p8xwyzrmvhaffc6y32b22l5azn-polkit-127/share/dbus-1/system-services/org.freedesktop.PolicyKit1.service'
May 06 09:50:56 dectech-6af36c systemd[1]: Reloaded D-Bus System Message Bus.
May 06 09:50:56 dectech-6af36c systemd[1]: home-manager-zozano.service: Deactivated successfully.
May 06 09:50:56 dectech-6af36c systemd[1]: Stopped Home Manager environment for zozano.
May 06 09:50:56 dectech-6af36c systemd[1]: home-manager-zozano.service: Consumed 669ms CPU time over 14min 27.007s wall clock time, 54.9M memory peak, 46.7M read from disk.
May 06 09:50:56 dectech-6af36c systemd[1]: Stopping Home Manager environment for zozano...
May 06 09:50:56 dectech-6af36c systemd[1]: Starting Home Manager environment for zozano...
May 06 09:50:56 dectech-6af36c systemd[1]: Stopping Nix Daemon...
May 06 09:50:56 dectech-6af36c systemd[1]: Stopping Authorization Manager...
May 06 09:50:56 dectech-6af36c systemd[1]: polkit.service: Deactivated successfully.
May 06 09:50:56 dectech-6af36c systemd[1]: Stopped Authorization Manager.
May 06 09:50:56 dectech-6af36c systemd[1]: polkit.service: Consumed 142ms CPU time over 14min 23.330s wall clock time, 9.2M memory peak, 4.1M read from disk.
May 06 09:50:56 dectech-6af36c systemd[1]: nix-daemon.service: Deactivated successfully.
May 06 09:50:56 dectech-6af36c systemd[1]: Stopped Nix Daemon.
May 06 09:50:56 dectech-6af36c systemd[1]: nix-daemon.service: Consumed 24.739s CPU time over 14min 26.883s wall clock time, 1.9G memory peak, 3.4M memory swap peak, 1G read from disk, 2.5G written to disk, 33.2M incoming IP traffic, 580K outgoing IP traffic.
May 06 09:50:56 dectech-6af36c systemd[1]: Started Nix Daemon.
May 06 09:50:56 dectech-6af36c systemd[1]: Starting Authorization Manager...
May 06 09:50:56 dectech-6af36c hm-activate-zozano[44290]: Starting Home Manager activation
May 06 09:50:56 dectech-6af36c nix-daemon[44294]: accepted connection from pid 44300, user zozano
May 06 09:50:56 dectech-6af36c polkitd[44295]: Started polkitd version 127
May 06 09:50:56 dectech-6af36c systemd[1]: Started Authorization Manager.
May 06 09:50:56 dectech-6af36c nix-daemon[44294]: accepted connection from pid 44353, user zozano
May 06 09:50:56 dectech-6af36c hm-activate-zozano[44290]: Activating checkFilesChanged
May 06 09:50:56 dectech-6af36c hm-activate-zozano[44290]: Activating checkLinkTargets
May 06 09:50:56 dectech-6af36c hm-activate-zozano[44380]: Existing file '/home/zozano/.config/Kvantum/Base16Kvantum/Base16Kvantum.kvconfig' is in the way of '/nix/store/mbch2jfk0l2qx3p8dzlmk6p8lfv2wgiw-home-manager-files/.config/Kvantum/Base16Kvantum/Base16Kvantum.kvconfig', will be skipped since they are the same
May 06 09:50:56 dectech-6af36c hm-activate-zozano[44380]: Existing file '/home/zozano/.config/Kvantum/Base16Kvantum/Base16Kvantum.svg' is in the way of '/nix/store/mbch2jfk0l2qx3p8dzlmk6p8lfv2wgiw-home-manager-files/.config/Kvantum/Base16Kvantum/Base16Kvantum.svg', will be skipped since they are the same
May 06 09:50:56 dectech-6af36c hm-activate-zozano[44290]: Activating writeBoundary
May 06 09:50:56 dectech-6af36c hm-activate-zozano[44290]: Activating createGpgHomedir
May 06 09:50:56 dectech-6af36c hm-activate-zozano[44290]: Activating installPackages
May 06 09:50:56 dectech-6af36c hm-activate-zozano[44290]: Activating dconfSettings
May 06 09:50:56 dectech-6af36c systemd[2449]: Starting User preferences database...
May 06 09:50:56 dectech-6af36c systemd[2449]: Started User preferences database.
May 06 09:50:56 dectech-6af36c hm-activate-zozano[44290]: Activating linkGeneration
May 06 09:50:56 dectech-6af36c hm-activate-zozano[44290]: Cleaning up orphan links from /home/zozano
May 06 09:50:56 dectech-6af36c hm-activate-zozano[44290]: Creating home file links in /home/zozano
May 06 09:50:56 dectech-6af36c wireplumber[44270]: default: Failed to get percentage from UPower: org.freedesktop.DBus.Error.NameHasNoOwner
May 06 09:50:56 dectech-6af36c bluetoothd[1529]: Endpoint registered: sender=:1.107 path=/MediaEndpoint/A2DPSource/ldac
May 06 09:50:56 dectech-6af36c bluetoothd[1529]: Endpoint registered: sender=:1.107 path=/MediaEndpoint/A2DPSink/aptx_hd
May 06 09:50:56 dectech-6af36c bluetoothd[1529]: Endpoint registered: sender=:1.107 path=/MediaEndpoint/A2DPSource/aptx_hd
May 06 09:50:56 dectech-6af36c bluetoothd[1529]: Endpoint registered: sender=:1.107 path=/MediaEndpoint/A2DPSink/aptx
May 06 09:50:56 dectech-6af36c bluetoothd[1529]: Endpoint registered: sender=:1.107 path=/MediaEndpoint/A2DPSource/aptx
May 06 09:50:56 dectech-6af36c bluetoothd[1529]: Endpoint registered: sender=:1.107 path=/MediaEndpoint/A2DPSink/aac
May 06 09:50:56 dectech-6af36c bluetoothd[1529]: Endpoint registered: sender=:1.107 path=/MediaEndpoint/A2DPSource/aac
May 06 09:50:56 dectech-6af36c bluetoothd[1529]: Endpoint registered: sender=:1.107 path=/MediaEndpoint/A2DPSink/opus_g
May 06 09:50:56 dectech-6af36c bluetoothd[1529]: Endpoint registered: sender=:1.107 path=/MediaEndpoint/A2DPSource/opus_g
May 06 09:50:56 dectech-6af36c bluetoothd[1529]: Endpoint registered: sender=:1.107 path=/MediaEndpoint/A2DPSink/sbc
May 06 09:50:56 dectech-6af36c bluetoothd[1529]: Endpoint registered: sender=:1.107 path=/MediaEndpoint/A2DPSource/sbc
May 06 09:50:56 dectech-6af36c bluetoothd[1529]: Endpoint registered: sender=:1.107 path=/MediaEndpoint/A2DPSource/aptx_ll_1
May 06 09:50:56 dectech-6af36c bluetoothd[1529]: Endpoint registered: sender=:1.107 path=/MediaEndpoint/A2DPSource/aptx_ll_0
May 06 09:50:56 dectech-6af36c bluetoothd[1529]: Endpoint registered: sender=:1.107 path=/MediaEndpoint/A2DPSource/aptx_ll_duplex_1
May 06 09:50:56 dectech-6af36c bluetoothd[1529]: Endpoint registered: sender=:1.107 path=/MediaEndpoint/A2DPSource/aptx_ll_duplex_0
May 06 09:50:56 dectech-6af36c bluetoothd[1529]: Endpoint registered: sender=:1.107 path=/MediaEndpoint/A2DPSource/faststream
May 06 09:50:56 dectech-6af36c bluetoothd[1529]: Endpoint registered: sender=:1.107 path=/MediaEndpoint/A2DPSource/faststream_duplex
May 06 09:50:56 dectech-6af36c bluetoothd[1529]: Endpoint registered: sender=:1.107 path=/MediaEndpoint/A2DPSink/opus_05
May 06 09:50:56 dectech-6af36c bluetoothd[1529]: Endpoint registered: sender=:1.107 path=/MediaEndpoint/A2DPSource/opus_05
May 06 09:50:56 dectech-6af36c bluetoothd[1529]: Endpoint registered: sender=:1.107 path=/MediaEndpoint/A2DPSink/opus_05_duplex
May 06 09:50:56 dectech-6af36c bluetoothd[1529]: Endpoint registered: sender=:1.107 path=/MediaEndpoint/A2DPSource/opus_05_duplex
May 06 09:50:56 dectech-6af36c wireplumber[44270]: [0:15:00.651294534] [44270]  INFO IPAManager ipa_manager.cpp:147 libcamera is not installed. Adding '/nix/store/src/ipa' to the IPA search path
May 06 09:50:56 dectech-6af36c wireplumber[44270]: [0:15:00.651566156] [44270]  INFO Camera camera_manager.cpp:340 libcamera v0.7.0
May 06 09:50:57 dectech-6af36c hm-activate-zozano[44290]: Activating onFilesChange
May 06 09:50:57 dectech-6af36c hm-activate-zozano[44290]: Activating reloadSystemd
May 06 09:50:57 dectech-6af36c hm-activate-zozano[44839]: Stopping units: hypridle.service, hyprpanel.service
May 06 09:50:57 dectech-6af36c systemd[2449]: Stopping Bar/Panel for Hyprland with extensive customizability...
May 06 09:50:57 dectech-6af36c systemd[2449]: Stopping hypridle...
May 06 09:50:57 dectech-6af36c systemd[2449]: Stopped hypridle.
May 06 09:50:57 dectech-6af36c systemd[2449]: hyprpanel.service: Killing process 2829 (python3.13) with signal SIGKILL.
May 06 09:50:57 dectech-6af36c systemd[2449]: Stopped Bar/Panel for Hyprland with extensive customizability.
May 06 09:50:57 dectech-6af36c systemd[2449]: hyprpanel.service: Consumed 40.878s CPU time over 14min 24.118s wall clock time, 194.1M memory peak, 89.1M memory swap peak.
May 06 09:50:57 dectech-6af36c systemd[2449]: Reload requested from client PID 44839 ('sd-switch')...
May 06 09:50:57 dectech-6af36c systemd[2449]: Reloading...
May 06 09:50:57 dectech-6af36c systemd-xdg-autostart-generator[44850]: Exec binary '/nix/store/wwk1jhmcrm18276qyn1cx55g7df7dnb0-openrgb-0.9/bin/.openrgb-wrapped' does not exist: No such file or directory
May 06 09:50:57 dectech-6af36c systemd-xdg-autostart-generator[44850]: /home/zozano/.config/autostart/OpenRGB.desktop: not generating unit, executable specified in Exec= does not exist.
May 06 09:50:57 dectech-6af36c systemd[2449]: blueman-applet.service: Service has more than one ExecStart= setting, which is only allowed for Type=oneshot services. Refusing.
May 06 09:50:57 dectech-6af36c systemd[2449]: Reloading finished in 223 ms.
May 06 09:50:57 dectech-6af36c hm-activate-zozano[44839]: Starting units: hypridle.service, hyprpanel.service
May 06 09:50:57 dectech-6af36c systemd[2449]: Started Bar/Panel for Hyprland with extensive customizability.
May 06 09:50:57 dectech-6af36c systemd[2449]: Started hypridle.
May 06 09:50:57 dectech-6af36c hm-activate-zozano[44290]: Activating stylixLookAndFeel
May 06 09:50:57 dectech-6af36c hypridle[44862]: [LOG] Registered timeout rule for 240s:
May 06 09:50:57 dectech-6af36c hypridle[44862]:       on-timeout: hyprlock
May 06 09:50:57 dectech-6af36c hypridle[44862]:       on-resume:
May 06 09:50:57 dectech-6af36c hypridle[44862]:       ignore_inhibit: false
May 06 09:50:57 dectech-6af36c hypridle[44862]: [LOG] Registered timeout rule for 300s:
May 06 09:50:57 dectech-6af36c hypridle[44862]:       on-timeout: hyprctl dispatch dpms off
May 06 09:50:57 dectech-6af36c hypridle[44862]:       on-resume: hyprctl dispatch dpms on
May 06 09:50:57 dectech-6af36c hypridle[44862]:       ignore_inhibit: false
May 06 09:50:57 dectech-6af36c hypridle[44862]: [LOG] Registered timeout rule for 600s:
May 06 09:50:57 dectech-6af36c hypridle[44862]:       on-timeout: systemctl syspend
May 06 09:50:57 dectech-6af36c hypridle[44862]:       on-resume:
May 06 09:50:57 dectech-6af36c hypridle[44862]:       ignore_inhibit: false
May 06 09:50:57 dectech-6af36c hypridle[44862]: [LOG]   | got iface: wl_seat v9
May 06 09:50:57 dectech-6af36c hypridle[44862]: [LOG]    > Bound to wl_seat v9
May 06 09:50:57 dectech-6af36c hypridle[44862]: [LOG]   | got iface: wl_data_device_manager v3
May 06 09:50:57 dectech-6af36c hypridle[44862]: [LOG]   | got iface: wl_compositor v6
May 06 09:50:57 dectech-6af36c hypridle[44862]: [LOG]   | got iface: wl_subcompositor v1
May 06 09:50:57 dectech-6af36c hypridle[44862]: [LOG]   | got iface: wl_shm v2
May 06 09:50:57 dectech-6af36c hypridle[44862]: [LOG]   | got iface: wp_viewporter v1
May 06 09:50:57 dectech-6af36c hypridle[44862]: [LOG]   | got iface: wp_tearing_control_manager_v1 v1
May 06 09:50:57 dectech-6af36c hypridle[44862]: [LOG]   | got iface: wp_fractional_scale_manager_v1 v1
May 06 09:50:57 dectech-6af36c hypridle[44862]: [LOG]   | got iface: zxdg_output_manager_v1 v3
May 06 09:50:57 dectech-6af36c hypridle[44862]: [LOG]   | got iface: wp_cursor_shape_manager_v1 v2
May 06 09:50:57 dectech-6af36c hypridle[44862]: [LOG]   | got iface: zwp_idle_inhibit_manager_v1 v1
May 06 09:50:57 dectech-6af36c hypridle[44862]: [LOG]   | got iface: zwp_relative_pointer_manager_v1 v1
May 06 09:50:57 dectech-6af36c hypridle[44862]: [LOG]   | got iface: zxdg_decoration_manager_v1 v1
May 06 09:50:57 dectech-6af36c hypridle[44862]: [LOG]   | got iface: wp_alpha_modifier_v1 v1
May 06 09:50:57 dectech-6af36c hypridle[44862]: [LOG]   | got iface: zwlr_gamma_control_manager_v1 v1
May 06 09:50:57 dectech-6af36c hypridle[44862]: [LOG]   | got iface: ext_foreign_toplevel_list_v1 v1
May 06 09:50:57 dectech-6af36c hypridle[44862]: [LOG]   | got iface: zwp_pointer_gestures_v1 v3
May 06 09:50:57 dectech-6af36c hypridle[44862]: [LOG]   | got iface: zwlr_foreign_toplevel_manager_v1 v3
May 06 09:50:57 dectech-6af36c hypridle[44862]: [LOG]   | got iface: zwp_keyboard_shortcuts_inhibit_manager_v1 v1
May 06 09:50:57 dectech-6af36c hypridle[44862]: [LOG]   | got iface: zwp_text_input_manager_v1 v1
May 06 09:50:57 dectech-6af36c hypridle[44862]: [LOG]   | got iface: zwp_text_input_manager_v3 v1
May 06 09:50:57 dectech-6af36c hypridle[44862]: [LOG]   | got iface: zwp_pointer_constraints_v1 v1
May 06 09:50:57 dectech-6af36c hypridle[44862]: [LOG]   | got iface: zwlr_output_power_manager_v1 v1
May 06 09:50:57 dectech-6af36c hypridle[44862]: [LOG]   | got iface: xdg_activation_v1 v1
May 06 09:50:57 dectech-6af36c hypridle[44862]: [LOG]   | got iface: ext_idle_notifier_v1 v2
May 06 09:50:57 dectech-6af36c hypridle[44862]: [LOG]    > Bound to ext_idle_notifier_v1 v2
May 06 09:50:57 dectech-6af36c hypridle[44862]: [LOG]   | got iface: hyprland_lock_notifier_v1 v1
May 06 09:50:57 dectech-6af36c hypridle[44862]: [LOG]    > Bound to hyprland_lock_notifier_v1 v1
May 06 09:50:57 dectech-6af36c hypridle[44862]: [LOG]   | got iface: ext_session_lock_manager_v1 v1
May 06 09:50:57 dectech-6af36c hypridle[44862]: [LOG]   | got iface: zwp_input_method_manager_v2 v1
May 06 09:50:57 dectech-6af36c hypridle[44862]: [LOG]   | got iface: zwp_virtual_keyboard_manager_v1 v1
May 06 09:50:57 dectech-6af36c hypridle[44862]: [LOG]   | got iface: zwlr_virtual_pointer_manager_v1 v2
May 06 09:50:57 dectech-6af36c hypridle[44862]: [LOG]   | got iface: zwlr_output_manager_v1 v4
May 06 09:50:57 dectech-6af36c hypridle[44862]: [LOG]   | got iface: org_kde_kwin_server_decoration_manager v1
May 06 09:50:57 dectech-6af36c hypridle[44862]: [LOG]   | got iface: hyprland_focus_grab_manager_v1 v1
May 06 09:50:57 dectech-6af36c hypridle[44862]: [LOG]   | got iface: zwp_tablet_manager_v2 v1
May 06 09:50:57 dectech-6af36c hypridle[44862]: [LOG]   | got iface: zwlr_layer_shell_v1 v5
May 06 09:50:57 dectech-6af36c hypridle[44862]: [LOG]   | got iface: wp_presentation v2
May 06 09:50:57 dectech-6af36c hypridle[44862]: [LOG]   | got iface: xdg_wm_base v7
May 06 09:50:57 dectech-6af36c hypridle[44862]: [LOG]   | got iface: zwlr_data_control_manager_v1 v2
May 06 09:50:57 dectech-6af36c hypridle[44862]: [LOG]   | got iface: zwp_primary_selection_device_manager_v1 v1
May 06 09:50:57 dectech-6af36c hypridle[44862]: [LOG]   | got iface: xwayland_shell_v1 v1
May 06 09:50:57 dectech-6af36c hypridle[44862]: [LOG]   | got iface: hyprland_toplevel_mapping_manager_v1 v1
May 06 09:50:57 dectech-6af36c hypridle[44862]: [LOG]   | got iface: hyprland_global_shortcuts_manager_v1 v1
May 06 09:50:57 dectech-6af36c hypridle[44862]: [LOG]   | got iface: xdg_wm_dialog_v1 v1
May 06 09:50:57 dectech-6af36c hypridle[44862]: [LOG]   | got iface: wp_single_pixel_buffer_manager_v1 v1
May 06 09:50:57 dectech-6af36c hypridle[44862]: [LOG]   | got iface: wp_security_context_manager_v1 v1
May 06 09:50:57 dectech-6af36c hypridle[44862]: [LOG]   | got iface: hyprland_ctm_control_manager_v1 v2
May 06 09:50:57 dectech-6af36c hypridle[44862]: [LOG]   | got iface: hyprland_surface_manager_v1 v2
May 06 09:50:57 dectech-6af36c hypridle[44862]: [LOG]   | got iface: wp_content_type_manager_v1 v1
May 06 09:50:57 dectech-6af36c hypridle[44862]: [LOG]   | got iface: xdg_toplevel_tag_manager_v1 v1
May 06 09:50:57 dectech-6af36c hypridle[44862]: [LOG]   | got iface: xdg_system_bell_v1 v1
May 06 09:50:57 dectech-6af36c hypridle[44862]: [LOG]   | got iface: ext_workspace_manager_v1 v1
May 06 09:50:57 dectech-6af36c hypridle[44862]: [LOG]   | got iface: ext_data_control_manager_v1 v1
May 06 09:50:57 dectech-6af36c hypridle[44862]: [LOG]   | got iface: wp_pointer_warp_v1 v1
May 06 09:50:57 dectech-6af36c hypridle[44862]: [LOG]   | got iface: wp_fifo_manager_v1 v1
May 06 09:50:57 dectech-6af36c hypridle[44862]: [LOG]   | got iface: wp_commit_timing_manager_v1 v1
May 06 09:50:57 dectech-6af36c hypridle[44862]: [LOG]   | got iface: zwlr_screencopy_manager_v1 v3
May 06 09:50:57 dectech-6af36c hypridle[44862]: [LOG]   | got iface: hyprland_toplevel_export_manager_v1 v2
May 06 09:50:57 dectech-6af36c hypridle[44862]: [LOG]   | got iface: ext_output_image_capture_source_manager_v1 v1
May 06 09:50:57 dectech-6af36c hypridle[44862]: [LOG]   | got iface: ext_foreign_toplevel_image_capture_source_manager_v1 v1
May 06 09:50:57 dectech-6af36c hypridle[44862]: [LOG]   | got iface: ext_image_copy_capture_manager_v1 v1
May 06 09:50:57 dectech-6af36c hypridle[44862]: [LOG]   | got iface: wp_color_manager_v1 v1
May 06 09:50:57 dectech-6af36c hypridle[44862]: [LOG]   | got iface: wp_drm_lease_device_v1 v1
May 06 09:50:57 dectech-6af36c hypridle[44862]: [LOG]   | got iface: wp_linux_drm_syncobj_manager_v1 v1
May 06 09:50:57 dectech-6af36c hypridle[44862]: [LOG]   | got iface: wl_drm v2
May 06 09:50:57 dectech-6af36c hypridle[44862]: [LOG]   | got iface: zwp_linux_dmabuf_v1 v5
May 06 09:50:57 dectech-6af36c hypridle[44862]: [LOG]   | got iface: wl_output v4
May 06 09:50:57 dectech-6af36c hypridle[44862]: [LOG] found 3 rules
May 06 09:50:57 dectech-6af36c hypridle[44862]: [LOG] wayland done, registering dbus
May 06 09:50:57 dectech-6af36c hypridle[44862]: [LOG] Sleep inhibition enabled
May 06 09:50:57 dectech-6af36c hypridle[44862]: [LOG] Using dbus path /org/freedesktop/login1/session/_31
May 06 09:50:57 dectech-6af36c hypridle[44862]: [LOG] Inhibited sleep with fd 10
May 06 09:50:57 dectech-6af36c nix-daemon[44294]: accepted connection from pid 44866, user zozano
May 06 09:50:57 dectech-6af36c systemd[1]: Finished Home Manager environment for zozano.
May 06 09:50:57 dectech-6af36c systemd[1]: Make TPM PCR Policy skipped, unmet condition check ConditionSecurity=measured-uki
May 06 09:50:57 dectech-6af36c systemd[1]: Starting Container Device Interface (CDI) for Nvidia generator...
May 06 09:50:57 dectech-6af36c systemd[1]: Reached target Remote File Systems.
May 06 09:50:57 dectech-6af36c systemd[1]: Starting Network Manager Script Dispatcher Service...
May 06 09:50:57 dectech-6af36c systemd[1]: Started flatpak-repo.service.
May 06 09:50:57 dectech-6af36c systemd[1]: Starting linger-users.service...
May 06 09:50:57 dectech-6af36c systemd[1]: SSH Host Keys Generation skipped, no trigger condition checks were met.
May 06 09:50:57 dectech-6af36c systemd[1]: Starting tailscaled-autoconnect.service...
May 06 09:50:57 dectech-6af36c systemd[1]: Reached target Local File Systems.
May 06 09:50:57 dectech-6af36c systemd[1]: linger-users.service: Deactivated successfully.
May 06 09:50:57 dectech-6af36c systemd[1]: Finished linger-users.service.
May 06 09:50:57 dectech-6af36c systemd[1]: Started Network Manager Script Dispatcher Service.
May 06 09:50:57 dectech-6af36c systemd[1]: Starting dynamic-hostname.service...
May 06 09:50:57 dectech-6af36c systemd[1]: Load Kernel Module efi_pstore skipped, unmet condition check ConditionKernelModuleLoaded=!efi_pstore
May 06 09:50:57 dectech-6af36c systemd[1]: Starting Create SUID/SGID Wrappers...
May 06 09:50:57 dectech-6af36c systemd[1]: Clear Stale Hibernate Storage Info skipped, unmet condition check ConditionPathExists=/sys/firmware/efi/efivars/HibernateLocation-8cf2644b-4b0b-428f-9387-6d876050dc67
May 06 09:50:57 dectech-6af36c systemd[1]: Rebuild Journal Catalog skipped, unmet condition check ConditionNeedsUpdate=/var
May 06 09:50:57 dectech-6af36c systemd[1]: Save Transient machine-id to Disk skipped, unmet condition check ConditionPathIsMountPoint=/etc/machine-id
May 06 09:50:57 dectech-6af36c systemd[1]: Platform Persistent Storage Archival skipped, unmet condition check ConditionDirectoryNotEmpty=/sys/fs/pstore
May 06 09:50:57 dectech-6af36c systemd[1]: Early TPM SRK Setup skipped, unmet condition check ConditionSecurity=measured-uki
May 06 09:50:57 dectech-6af36c systemd[1]: TPM SRK Setup skipped, unmet condition check ConditionSecurity=measured-uki
May 06 09:50:57 dectech-6af36c systemd[1]: Update is Completed skipped, no trigger condition checks were met.
May 06 09:50:57 dectech-6af36c systemd[1]: dynamic-hostname.service: Deactivated successfully.
May 06 09:50:57 dectech-6af36c systemd[1]: Finished dynamic-hostname.service.
May 06 09:50:57 dectech-6af36c nvidia-cdi-generator[44923]: time="2026-05-06T09:50:57+10:00" level=info msg="Using /nix/store/rl7ypvsgi1ckcx5ax6zr550282ziwwsl-nvidia-x11-595.71.05/lib/libnvidia-ml.so.595.71.05"
May 06 09:50:57 dectech-6af36c nvidia-cdi-generator[44923]: time="2026-05-06T09:50:57+10:00" level=info msg="Using /nix/store/rl7ypvsgi1ckcx5ax6zr550282ziwwsl-nvidia-x11-595.71.05/lib/libnvidia-sandboxutils.so.595.71.05"
May 06 09:50:57 dectech-6af36c nvidia-cdi-generator[44923]: ERROR: init 243 result=9time="2026-05-06T09:50:57+10:00" level=warning msg="Failed to init nvsandboxutils: ERROR_NVML_LIB_CALL; ignoring"
May 06 09:50:57 dectech-6af36c kernel: NVRM: API mismatch: the client 'nvidia-ctk' (pid 44923)
                                       NVRM: has the version 595.71.05, but this kernel module has
                                       NVRM: the version 595.58.03.  Please make sure that this
                                       NVRM: kernel module and all NVIDIA driver components
                                       NVRM: have the same version.
May 06 09:50:57 dectech-6af36c tailscaled-autoconnect-start[44902]: Tailscale is running
May 06 09:50:57 dectech-6af36c kernel: NVRM: API mismatch: the client 'nvidia-ctk' (pid 44923)
                                       NVRM: has the version 595.71.05, but this kernel module has
                                       NVRM: the version 595.58.03.  Please make sure that this
                                       NVRM: kernel module and all NVIDIA driver components
                                       NVRM: have the same version.
May 06 09:50:57 dectech-6af36c nvidia-cdi-generator[44923]: time="2026-05-06T09:50:57+10:00" level=warning msg="Could not determine driver version: libnvsandboxutils is not available\nfailed to initialize nvml: Driver/library version mismatch"
May 06 09:50:57 dectech-6af36c nvidia-cdi-generator[44923]: time="2026-05-06T09:50:57+10:00" level=info msg="Auto-detected mode as 'nvml'"
May 06 09:50:57 dectech-6af36c kernel: NVRM: API mismatch: the client 'nvidia-ctk' (pid 44923)
                                       NVRM: has the version 595.71.05, but this kernel module has
                                       NVRM: the version 595.58.03.  Please make sure that this
                                       NVRM: kernel module and all NVIDIA driver components
                                       NVRM: have the same version.
May 06 09:50:57 dectech-6af36c systemd[1]: Started tailscaled-autoconnect.service.
May 06 09:50:57 dectech-6af36c nvidia-cdi-generator[44923]: time="2026-05-06T09:50:57+10:00" level=error msg="failed to generate CDI spec: failed to create device CDI specs: failed to construct device spec generators: failed to initialize NVML: Driver/library version mismatch"
May 06 09:50:57 dectech-6af36c kernel: NVRM: API mismatch: the client 'nvidia-ctk' (pid 44923)
                                       NVRM: has the version 595.71.05, but this kernel module has
                                       NVRM: the version 595.58.03.  Please make sure that this
                                       NVRM: kernel module and all NVIDIA driver components
                                       NVRM: have the same version.
May 06 09:50:57 dectech-6af36c systemd[1]: tailscaled-autoconnect.service: Deactivated successfully.
May 06 09:50:57 dectech-6af36c systemd[1]: tailscaled-autoconnect.service: Consumed 38ms CPU time over 77ms wall clock time, 21.1M memory peak, 15M read from disk.
May 06 09:50:57 dectech-6af36c systemd[1]: nvidia-container-toolkit-cdi-generator.service: Main process exited, code=exited, status=1/FAILURE
May 06 09:50:57 dectech-6af36c systemd[1]: nvidia-container-toolkit-cdi-generator.service: Failed with result 'exit-code'.
May 06 09:50:57 dectech-6af36c systemd[1]: Failed to start Container Device Interface (CDI) for Nvidia generator.
May 06 09:50:57 dectech-6af36c systemd[1]: nvidia-container-toolkit-cdi-generator.service: Consumed 89ms CPU time over 97ms wall clock time, 46.8M memory peak, 14M read from disk.
May 06 09:50:57 dectech-6af36c systemd[1]: suid-sgid-wrappers.service: Deactivated successfully.
May 06 09:50:57 dectech-6af36c systemd[1]: Finished Create SUID/SGID Wrappers.
May 06 09:50:57 dectech-6af36c systemd[1]: suid-sgid-wrappers.service: Consumed 108ms CPU time over 116ms wall clock time, 6.5M memory peak, 1.3M read from disk.
May 06 09:50:57 dectech-6af36c systemd[1]: Starting Export current boot journal to /home/zozano/.dotfiles/boot.log...
May 06 09:50:57 dectech-6af36c systemd[1]: Starting Export full session journal to /home/zozano/.dotfiles/shutdown.log on shutdown...
May 06 09:50:57 dectech-6af36c systemd[1]: Starting flatpak-managed-install.service...
May 06 09:50:57 dectech-6af36c systemd[1]: Import lastlog data into lastlog2 database skipped, unmet condition check ConditionPathExists=!/var/lib/lastlog/lastlog2.db
May 06 09:50:57 dectech-6af36c systemd[1]: Finished Export full session journal to /home/zozano/.dotfiles/shutdown.log on shutdown.
May 06 09:50:57 dectech-6af36c systemd[1]: flatpak-managed-install.service: Deactivated successfully.
May 06 09:50:57 dectech-6af36c systemd[1]: Finished flatpak-managed-install.service.
May 06 09:50:57 dectech-6af36c systemd[1]: export-boot-log.service: Deactivated successfully.
May 06 09:50:57 dectech-6af36c systemd[1]: Finished Export current boot journal to /home/zozano/.dotfiles/boot.log.
May 06 09:50:57 dectech-6af36c systemd[1]: export-boot-log.service: Consumed 105ms CPU time over 209ms wall clock time, 47.5M memory peak, 37.4M read from disk.
May 06 09:50:58 dectech-6af36c nixos[44045]: switching to system configuration /nix/store/lvssnbdvzdmpzx35f6rbwzrl6pxga0b5-nixos-system-unnamed-26.05.20260505.549bd84 failed (status 4)
May 06 09:50:58 dectech-6af36c systemd[1]: nixos-rebuild-switch-to-configuration.service: Main process exited, code=exited, status=4/NOPERMISSION
May 06 09:50:58 dectech-6af36c systemd[1]: nixos-rebuild-switch-to-configuration.service: Failed with result 'exit-code'.
May 06 09:50:58 dectech-6af36c systemd[1]: nixos-rebuild-switch-to-configuration.service: Consumed 499ms CPU time over 3.195s wall clock time, 83.6M memory peak, 38.3M read from disk, 26.8M written to disk.
May 06 09:50:58 dectech-6af36c gjs[44860]: file.vala:46: Error opening file “/home/zozano/.config/hyprpanel/config.json”: Too many levels of symbolic links
May 06 09:50:58 dectech-6af36c sudo[12362]: pam_unix(sudo:session): session closed for user root
May 06 09:50:58 dectech-6af36c .hyprpanel-wrap[44860]: No supported GPU monitoring tool found
May 06 09:50:58 dectech-6af36c gjs[44860]: file.vala:46: Error opening file “/home/zozano/.config/hyprpanel/config.json”: Too many levels of symbolic links
May 06 09:50:58 dectech-6af36c .hyprpanel-wrap[44860]: Startup scripts: 5.0ms
May 06 09:50:58 dectech-6af36c .hyprpanel-wrap[44860]: Notifications: 4.5ms
May 06 09:50:58 dectech-6af36c .hyprpanel-wrap[44860]: OSD: 12.2ms
May 06 09:50:58 dectech-6af36c .hyprpanel-wrap[44860]: Bars: 26.5ms
May 06 09:50:58 dectech-6af36c .hyprpanel-wrap[44860]: Menus: 75.4ms
May 06 09:50:58 dectech-6af36c .hyprpanel-wrap[44860]: System behaviors: 0.7ms
May 06 09:50:58 dectech-6af36c .hyprpanel-wrap[44860]: Monitor handlers: 0.0ms
May 06 09:50:58 dectech-6af36c .hyprpanel-wrap[44860]: HyprPanel initialization: 125.4ms
May 06 09:50:58 dectech-6af36c systemd[1]: flatpak-repo.service: Deactivated successfully.
May 06 09:50:58 dectech-6af36c systemd[1]: flatpak-repo.service: Consumed 52ms CPU time over 1.001s wall clock time, 11.1M memory peak, 4.5M read from disk, 15.5K incoming IP traffic, 5.3K outgoing IP traffic.
May 06 09:51:07 dectech-6af36c systemd[1]: NetworkManager-dispatcher.service: Deactivated successfully.
May 06 09:51:07 dectech-6af36c flatpak[45163]: libostree pull from 'flathub' for appstream2/x86_64 complete
                                               security: GPG: summary+commit 
                                               security: SIGN: disabled http: TLS
                                               delta: parts: 2 loose: 4
                                               transfer: secs: 6 size: 41.2 MB
May 06 09:51:07 dectech-6af36c flatpak[45163]: /var/tmp/flatpak-cache-DH7XO3/repo-2XIU1O: Pulled appstream2/x86_64 from flathub
May 06 09:51:07 dectech-6af36c systemd[1]: Starting flatpak system helper...
May 06 09:51:07 dectech-6af36c systemd[1]: Started flatpak system helper.
May 06 09:51:08 dectech-6af36c podman[45316]: 2026-05-06 09:51:08.147767643 +1000 AEST m=+0.162665774 system refresh
May 06 09:51:08 dectech-6af36c systemd[2449]: Created slice Slice /user.
May 06 09:51:08 dectech-6af36c systemd[2449]: Started podman-pause-208cc722.scope.
May 06 09:51:17 dectech-6af36c sudo[45430]:   zozano : TTY=pts/0 ; PWD=/home/zozano/.dotfiles ; USER=root ; COMMAND=/run/current-system/sw/bin/nixos-rebuild switch --flake .#desktop --show-trace
May 06 09:51:17 dectech-6af36c sudo[45430]: pam_unix(sudo:session): session opened for user root(uid=0) by zozano(uid=1000)
May 06 09:51:39 dectech-6af36c systemd[1]: Starting [systemd-run] /nix/store/lvssnbdvzdmpzx35f6rbwzrl6pxga0b5-nixos-system-unnamed-26.05.20260505.549bd84/bin/switch-to-configuration switch...
May 06 09:51:39 dectech-6af36c systemd[1]: Started [systemd-run] /nix/store/lvssnbdvzdmpzx35f6rbwzrl6pxga0b5-nixos-system-unnamed-26.05.20260505.549bd84/bin/switch-to-configuration switch.
May 06 09:51:40 dectech-6af36c nixos[45672]: switching to system configuration /nix/store/lvssnbdvzdmpzx35f6rbwzrl6pxga0b5-nixos-system-unnamed-26.05.20260505.549bd84
May 06 09:51:40 dectech-6af36c systemd[1]: Stopped target Local File Systems.
May 06 09:51:40 dectech-6af36c systemd[1]: Stopped target Remote File Systems.
May 06 09:51:40 dectech-6af36c systemd[1]: Reload requested from client PID 45672 ('.switch-to-conf') (unit nixos-rebuild-switch-to-configuration.service)...
May 06 09:51:40 dectech-6af36c systemd[1]: Reloading...
May 06 09:51:40 dectech-6af36c systemd[1]: Reloading finished in 212 ms.
May 06 09:51:40 dectech-6af36c systemd[2449]: Reexecution requested from client PID 45856 ('switch-to-confi')...
May 06 09:51:40 dectech-6af36c systemd[2449]: Reexecuting.
May 06 09:51:40 dectech-6af36c systemd-xdg-autostart-generator[45861]: Exec binary '/nix/store/wwk1jhmcrm18276qyn1cx55g7df7dnb0-openrgb-0.9/bin/.openrgb-wrapped' does not exist: No such file or directory
May 06 09:51:40 dectech-6af36c systemd-xdg-autostart-generator[45861]: /home/zozano/.config/autostart/OpenRGB.desktop: not generating unit, executable specified in Exec= does not exist.
May 06 09:51:40 dectech-6af36c systemd[2449]: blueman-applet.service: Service has more than one ExecStart= setting, which is only allowed for Type=oneshot services. Refusing.
May 06 09:51:40 dectech-6af36c systemd[2449]: Reload requested from client PID 45856 ('switch-to-confi')...
May 06 09:51:40 dectech-6af36c systemd[2449]: Reloading...
May 06 09:51:40 dectech-6af36c systemd-xdg-autostart-generator[45874]: Exec binary '/nix/store/wwk1jhmcrm18276qyn1cx55g7df7dnb0-openrgb-0.9/bin/.openrgb-wrapped' does not exist: No such file or directory
May 06 09:51:40 dectech-6af36c systemd-xdg-autostart-generator[45874]: /home/zozano/.config/autostart/OpenRGB.desktop: not generating unit, executable specified in Exec= does not exist.
May 06 09:51:40 dectech-6af36c systemd[2449]: blueman-applet.service: Service has more than one ExecStart= setting, which is only allowed for Type=oneshot services. Refusing.
May 06 09:51:40 dectech-6af36c systemd[2449]: Reloading finished in 212 ms.
May 06 09:51:40 dectech-6af36c systemd[2449]: Starting Run user-specific NixOS activation...
May 06 09:51:40 dectech-6af36c systemd[2449]: Finished Run user-specific NixOS activation.
May 06 09:51:40 dectech-6af36c systemd[1]: Stopped target Reactivate sysinit units.
May 06 09:51:40 dectech-6af36c systemd[2449]: Starting Run user-specific NixOS activation...
May 06 09:51:40 dectech-6af36c systemd[1]: Stopping Reactivate sysinit units...
May 06 09:51:40 dectech-6af36c systemd[1]: Reached target Reactivate sysinit units.
May 06 09:51:41 dectech-6af36c systemd[1]: Reached target Local File Systems.
May 06 09:51:41 dectech-6af36c systemd[1]: Reached target Remote File Systems.
May 06 09:51:41 dectech-6af36c systemd[1]: Make TPM PCR Policy skipped, unmet condition check ConditionSecurity=measured-uki
May 06 09:51:41 dectech-6af36c systemd[1]: Starting dynamic-hostname.service...
May 06 09:51:41 dectech-6af36c systemd[1]: Load Kernel Module efi_pstore skipped, unmet condition check ConditionKernelModuleLoaded=!efi_pstore
May 06 09:51:41 dectech-6af36c systemd[1]: Starting Create SUID/SGID Wrappers...
May 06 09:51:41 dectech-6af36c systemd[1]: Clear Stale Hibernate Storage Info skipped, unmet condition check ConditionPathExists=/sys/firmware/efi/efivars/HibernateLocation-8cf2644b-4b0b-428f-9387-6d876050dc67
May 06 09:51:41 dectech-6af36c systemd[1]: Rebuild Journal Catalog skipped, unmet condition check ConditionNeedsUpdate=/var
May 06 09:51:41 dectech-6af36c systemd[1]: Save Transient machine-id to Disk skipped, unmet condition check ConditionPathIsMountPoint=/etc/machine-id
May 06 09:51:41 dectech-6af36c systemd[1]: Platform Persistent Storage Archival skipped, unmet condition check ConditionDirectoryNotEmpty=/sys/fs/pstore
May 06 09:51:41 dectech-6af36c systemd[1]: Early TPM SRK Setup skipped, unmet condition check ConditionSecurity=measured-uki
May 06 09:51:41 dectech-6af36c systemd[1]: TPM SRK Setup skipped, unmet condition check ConditionSecurity=measured-uki
May 06 09:51:41 dectech-6af36c systemd[1]: Update is Completed skipped, no trigger condition checks were met.
May 06 09:51:41 dectech-6af36c systemd[2449]: Finished Run user-specific NixOS activation.
May 06 09:51:41 dectech-6af36c systemd[1]: dynamic-hostname.service: Deactivated successfully.
May 06 09:51:41 dectech-6af36c systemd[1]: Finished dynamic-hostname.service.
May 06 09:51:41 dectech-6af36c systemd[1]: suid-sgid-wrappers.service: Deactivated successfully.
May 06 09:51:41 dectech-6af36c systemd[1]: Finished Create SUID/SGID Wrappers.
May 06 09:51:41 dectech-6af36c systemd[1]: Starting Network Manager Script Dispatcher Service...
May 06 09:51:41 dectech-6af36c systemd[1]: Started flatpak-repo.service.
May 06 09:51:41 dectech-6af36c systemd[1]: Import lastlog data into lastlog2 database skipped, unmet condition check ConditionPathExists=!/var/lib/lastlog/lastlog2.db
May 06 09:51:41 dectech-6af36c systemd[1]: Starting linger-users.service...
May 06 09:51:41 dectech-6af36c systemd[1]: Starting Container Device Interface (CDI) for Nvidia generator...
May 06 09:51:41 dectech-6af36c systemd[1]: SSH Host Keys Generation skipped, no trigger condition checks were met.
May 06 09:51:41 dectech-6af36c systemd[1]: Starting tailscaled-autoconnect.service...
May 06 09:51:41 dectech-6af36c systemd[1]: linger-users.service: Deactivated successfully.
May 06 09:51:41 dectech-6af36c systemd[1]: Finished linger-users.service.
May 06 09:51:41 dectech-6af36c systemd[1]: Started Network Manager Script Dispatcher Service.
May 06 09:51:41 dectech-6af36c tailscaled-autoconnect-start[45996]: Tailscale is running
May 06 09:51:41 dectech-6af36c systemd[1]: Started tailscaled-autoconnect.service.
May 06 09:51:41 dectech-6af36c nvidia-cdi-generator[46021]: time="2026-05-06T09:51:41+10:00" level=info msg="Using /nix/store/rl7ypvsgi1ckcx5ax6zr550282ziwwsl-nvidia-x11-595.71.05/lib/libnvidia-ml.so.595.71.05"
May 06 09:51:41 dectech-6af36c nvidia-cdi-generator[46021]: time="2026-05-06T09:51:41+10:00" level=info msg="Using /nix/store/rl7ypvsgi1ckcx5ax6zr550282ziwwsl-nvidia-x11-595.71.05/lib/libnvidia-sandboxutils.so.595.71.05"
May 06 09:51:41 dectech-6af36c systemd[1]: tailscaled-autoconnect.service: Deactivated successfully.
May 06 09:51:41 dectech-6af36c nvidia-cdi-generator[46021]: ERROR: init 243 result=9time="2026-05-06T09:51:41+10:00" level=warning msg="Failed to init nvsandboxutils: ERROR_NVML_LIB_CALL; ignoring"
May 06 09:51:41 dectech-6af36c kernel: NVRM: API mismatch: the client 'nvidia-ctk' (pid 46021)
                                       NVRM: has the version 595.71.05, but this kernel module has
                                       NVRM: the version 595.58.03.  Please make sure that this
                                       NVRM: kernel module and all NVIDIA driver components
                                       NVRM: have the same version.
May 06 09:51:41 dectech-6af36c nvidia-cdi-generator[46021]: time="2026-05-06T09:51:41+10:00" level=warning msg="Could not determine driver version: libnvsandboxutils is not available\nfailed to initialize nvml: Driver/library version mismatch"
May 06 09:51:41 dectech-6af36c kernel: NVRM: API mismatch: the client 'nvidia-ctk' (pid 46021)
                                       NVRM: has the version 595.71.05, but this kernel module has
                                       NVRM: the version 595.58.03.  Please make sure that this
                                       NVRM: kernel module and all NVIDIA driver components
                                       NVRM: have the same version.
May 06 09:51:41 dectech-6af36c nvidia-cdi-generator[46021]: time="2026-05-06T09:51:41+10:00" level=info msg="Auto-detected mode as 'nvml'"
May 06 09:51:41 dectech-6af36c kernel: NVRM: API mismatch: the client 'nvidia-ctk' (pid 46021)
                                       NVRM: has the version 595.71.05, but this kernel module has
                                       NVRM: the version 595.58.03.  Please make sure that this
                                       NVRM: kernel module and all NVIDIA driver components
                                       NVRM: have the same version.
May 06 09:51:41 dectech-6af36c nvidia-cdi-generator[46021]: time="2026-05-06T09:51:41+10:00" level=error msg="failed to generate CDI spec: failed to create device CDI specs: failed to construct device spec generators: failed to initialize NVML: Driver/library version mismatch"
May 06 09:51:41 dectech-6af36c kernel: NVRM: API mismatch: the client 'nvidia-ctk' (pid 46021)
                                       NVRM: has the version 595.71.05, but this kernel module has
                                       NVRM: the version 595.58.03.  Please make sure that this
                                       NVRM: kernel module and all NVIDIA driver components
                                       NVRM: have the same version.
May 06 09:51:41 dectech-6af36c systemd[1]: nvidia-container-toolkit-cdi-generator.service: Main process exited, code=exited, status=1/FAILURE
May 06 09:51:41 dectech-6af36c systemd[1]: nvidia-container-toolkit-cdi-generator.service: Failed with result 'exit-code'.
May 06 09:51:41 dectech-6af36c systemd[1]: Failed to start Container Device Interface (CDI) for Nvidia generator.
May 06 09:51:41 dectech-6af36c systemd[1]: Starting Export current boot journal to /home/zozano/.dotfiles/boot.log...
May 06 09:51:41 dectech-6af36c systemd[1]: Starting flatpak-managed-install.service...
May 06 09:51:41 dectech-6af36c systemd[1]: flatpak-managed-install.service: Deactivated successfully.
May 06 09:51:41 dectech-6af36c systemd[1]: Finished flatpak-managed-install.service.
May 06 09:51:41 dectech-6af36c systemd[1]: export-boot-log.service: Deactivated successfully.
May 06 09:51:41 dectech-6af36c systemd[1]: Finished Export current boot journal to /home/zozano/.dotfiles/boot.log.
May 06 09:51:41 dectech-6af36c nixos[45672]: switching to system configuration /nix/store/lvssnbdvzdmpzx35f6rbwzrl6pxga0b5-nixos-system-unnamed-26.05.20260505.549bd84 failed (status 4)
May 06 09:51:41 dectech-6af36c systemd[1]: nixos-rebuild-switch-to-configuration.service: Main process exited, code=exited, status=4/NOPERMISSION
May 06 09:51:41 dectech-6af36c systemd[1]: nixos-rebuild-switch-to-configuration.service: Failed with result 'exit-code'.
May 06 09:51:41 dectech-6af36c sudo[45430]: pam_unix(sudo:session): session closed for user root
May 06 09:51:42 dectech-6af36c systemd[1]: flatpak-repo.service: Deactivated successfully.
May 06 09:51:42 dectech-6af36c systemd[1]: flatpak-repo.service: Consumed 41ms CPU time over 1.033s wall clock time, 6.6M memory peak, 15.6K incoming IP traffic, 5.3K outgoing IP traffic.
May 06 09:51:45 dectech-6af36c flatpak[46118]: libostree pull from 'flathub' for appstream2/x86_64 complete
                                               security: GPG: summary+commit 
                                               security: SIGN: disabled http: TLS
                                               non-delta: meta: 2 content: 0
                                               transfer: secs: 0 size: 1.4 kB
May 06 09:51:45 dectech-6af36c flatpak[46118]: /var/tmp/flatpak-cache-DH7XO3/repo-2XIU1O: Pulled appstream2/x86_64 from flathub
May 06 09:51:45 dectech-6af36c flatpak-system-helper[45284]: libostree pull from 'flathub' for appstream2/x86_64 complete
                                                             security: GPG: commit 
                                                             security: SIGN: disabled 
                                                             non-delta: meta: 1 content: 0
                                                             transfer: secs: 0 size: 592 bytes
May 06 09:51:51 dectech-6af36c systemd[1]: NetworkManager-dispatcher.service: Deactivated successfully.
May 06 09:51:55 dectech-6af36c sudo[46271]:   zozano : TTY=pts/0 ; PWD=/home/zozano/.dotfiles ; USER=root ; COMMAND=/run/current-system/sw/bin/nixos-rebuild switch --flake .#desktop --show-trace
May 06 09:51:55 dectech-6af36c sudo[46271]: pam_unix(sudo:session): session opened for user root(uid=0) by zozano(uid=1000)
May 06 09:52:16 dectech-6af36c systemd[1]: Starting [systemd-run] /nix/store/lvssnbdvzdmpzx35f6rbwzrl6pxga0b5-nixos-system-unnamed-26.05.20260505.549bd84/bin/switch-to-configuration switch...
May 06 09:52:16 dectech-6af36c systemd[1]: Started [systemd-run] /nix/store/lvssnbdvzdmpzx35f6rbwzrl6pxga0b5-nixos-system-unnamed-26.05.20260505.549bd84/bin/switch-to-configuration switch.
May 06 09:52:16 dectech-6af36c tailscaled[3536]: netcheck: DetectCaptivePortal(found=false)
May 06 09:52:16 dectech-6af36c nixos[46488]: switching to system configuration /nix/store/lvssnbdvzdmpzx35f6rbwzrl6pxga0b5-nixos-system-unnamed-26.05.20260505.549bd84
May 06 09:52:16 dectech-6af36c systemd[1]: Stopped target Remote File Systems.
May 06 09:52:16 dectech-6af36c systemd[1]: Stopped target Local File Systems.
May 06 09:52:16 dectech-6af36c systemd[1]: Reload requested from client PID 46488 ('.switch-to-conf') (unit nixos-rebuild-switch-to-configuration.service)...
May 06 09:52:16 dectech-6af36c systemd[1]: Reloading...
May 06 09:52:16 dectech-6af36c systemd[1]: Reloading finished in 214 ms.
May 06 09:52:16 dectech-6af36c systemd[2449]: Reexecution requested from client PID 46671 ('switch-to-confi')...
May 06 09:52:16 dectech-6af36c systemd[2449]: Reexecuting.
May 06 09:52:16 dectech-6af36c systemd-xdg-autostart-generator[46676]: Exec binary '/nix/store/wwk1jhmcrm18276qyn1cx55g7df7dnb0-openrgb-0.9/bin/.openrgb-wrapped' does not exist: No such file or directory
May 06 09:52:16 dectech-6af36c systemd-xdg-autostart-generator[46676]: /home/zozano/.config/autostart/OpenRGB.desktop: not generating unit, executable specified in Exec= does not exist.
May 06 09:52:16 dectech-6af36c systemd[2449]: blueman-applet.service: Service has more than one ExecStart= setting, which is only allowed for Type=oneshot services. Refusing.
May 06 09:52:16 dectech-6af36c systemd[2449]: Reload requested from client PID 46671 ('switch-to-confi')...
May 06 09:52:16 dectech-6af36c systemd[2449]: Reloading...
May 06 09:52:16 dectech-6af36c systemd-xdg-autostart-generator[46689]: Exec binary '/nix/store/wwk1jhmcrm18276qyn1cx55g7df7dnb0-openrgb-0.9/bin/.openrgb-wrapped' does not exist: No such file or directory
May 06 09:52:16 dectech-6af36c systemd-xdg-autostart-generator[46689]: /home/zozano/.config/autostart/OpenRGB.desktop: not generating unit, executable specified in Exec= does not exist.
May 06 09:52:17 dectech-6af36c systemd[2449]: blueman-applet.service: Service has more than one ExecStart= setting, which is only allowed for Type=oneshot services. Refusing.
May 06 09:52:17 dectech-6af36c systemd[2449]: Reloading finished in 217 ms.
May 06 09:52:17 dectech-6af36c systemd[2449]: Starting Run user-specific NixOS activation...
May 06 09:52:17 dectech-6af36c systemd[2449]: Finished Run user-specific NixOS activation.
May 06 09:52:17 dectech-6af36c systemd[1]: Stopped target Reactivate sysinit units.
May 06 09:52:17 dectech-6af36c systemd[1]: Stopping Reactivate sysinit units...
May 06 09:52:17 dectech-6af36c systemd[2449]: Starting Run user-specific NixOS activation...
May 06 09:52:17 dectech-6af36c systemd[1]: Reached target Reactivate sysinit units.
May 06 09:52:17 dectech-6af36c systemd[1]: Reached target Remote File Systems.
May 06 09:52:17 dectech-6af36c systemd[1]: Starting Network Manager Script Dispatcher Service...
May 06 09:52:17 dectech-6af36c systemd[1]: Started flatpak-repo.service.
May 06 09:52:17 dectech-6af36c systemd[1]: Starting linger-users.service...
May 06 09:52:17 dectech-6af36c systemd[1]: Starting Container Device Interface (CDI) for Nvidia generator...
May 06 09:52:17 dectech-6af36c systemd[1]: SSH Host Keys Generation skipped, no trigger condition checks were met.
May 06 09:52:17 dectech-6af36c systemd[1]: Starting tailscaled-autoconnect.service...
May 06 09:52:17 dectech-6af36c systemd[2449]: Finished Run user-specific NixOS activation.
May 06 09:52:17 dectech-6af36c systemd[1]: linger-users.service: Deactivated successfully.
May 06 09:52:17 dectech-6af36c systemd[1]: Finished linger-users.service.
May 06 09:52:17 dectech-6af36c systemd[1]: Started Network Manager Script Dispatcher Service.
May 06 09:52:17 dectech-6af36c systemd[1]: Reached target Local File Systems.
May 06 09:52:17 dectech-6af36c systemd[1]: Starting dynamic-hostname.service...
May 06 09:52:17 dectech-6af36c systemd[1]: Load Kernel Module efi_pstore skipped, unmet condition check ConditionKernelModuleLoaded=!efi_pstore
May 06 09:52:17 dectech-6af36c systemd[1]: Starting Create SUID/SGID Wrappers...
May 06 09:52:17 dectech-6af36c systemd[1]: Clear Stale Hibernate Storage Info skipped, unmet condition check ConditionPathExists=/sys/firmware/efi/efivars/HibernateLocation-8cf2644b-4b0b-428f-9387-6d876050dc67
May 06 09:52:17 dectech-6af36c systemd[1]: Rebuild Journal Catalog skipped, unmet condition check ConditionNeedsUpdate=/var
May 06 09:52:17 dectech-6af36c systemd[1]: Save Transient machine-id to Disk skipped, unmet condition check ConditionPathIsMountPoint=/etc/machine-id
May 06 09:52:17 dectech-6af36c systemd[1]: Platform Persistent Storage Archival skipped, unmet condition check ConditionDirectoryNotEmpty=/sys/fs/pstore
May 06 09:52:17 dectech-6af36c systemd[1]: Early TPM SRK Setup skipped, unmet condition check ConditionSecurity=measured-uki
May 06 09:52:17 dectech-6af36c systemd[1]: TPM SRK Setup skipped, unmet condition check ConditionSecurity=measured-uki
May 06 09:52:17 dectech-6af36c systemd[1]: Update is Completed skipped, no trigger condition checks were met.
May 06 09:52:17 dectech-6af36c systemd[1]: Make TPM PCR Policy skipped, unmet condition check ConditionSecurity=measured-uki
May 06 09:52:17 dectech-6af36c tailscaled-autoconnect-start[46704]: Tailscale is running
May 06 09:52:17 dectech-6af36c nvidia-cdi-generator[46736]: time="2026-05-06T09:52:17+10:00" level=info msg="Using /nix/store/rl7ypvsgi1ckcx5ax6zr550282ziwwsl-nvidia-x11-595.71.05/lib/libnvidia-ml.so.595.71.05"
May 06 09:52:17 dectech-6af36c nvidia-cdi-generator[46736]: time="2026-05-06T09:52:17+10:00" level=info msg="Using /nix/store/rl7ypvsgi1ckcx5ax6zr550282ziwwsl-nvidia-x11-595.71.05/lib/libnvidia-sandboxutils.so.595.71.05"
May 06 09:52:17 dectech-6af36c systemd[1]: Started tailscaled-autoconnect.service.
May 06 09:52:17 dectech-6af36c systemd[1]: tailscaled-autoconnect.service: Deactivated successfully.
May 06 09:52:17 dectech-6af36c systemd[1]: dynamic-hostname.service: Deactivated successfully.
May 06 09:52:17 dectech-6af36c systemd[1]: Finished dynamic-hostname.service.
May 06 09:52:17 dectech-6af36c kernel: NVRM: API mismatch: the client 'nvidia-ctk' (pid 46736)
                                       NVRM: has the version 595.71.05, but this kernel module has
                                       NVRM: the version 595.58.03.  Please make sure that this
                                       NVRM: kernel module and all NVIDIA driver components
                                       NVRM: have the same version.
May 06 09:52:17 dectech-6af36c nvidia-cdi-generator[46736]: ERROR: init 243 result=9time="2026-05-06T09:52:17+10:00" level=warning msg="Failed to init nvsandboxutils: ERROR_NVML_LIB_CALL; ignoring"
May 06 09:52:17 dectech-6af36c kernel: NVRM: API mismatch: the client 'nvidia-ctk' (pid 46736)
                                       NVRM: has the version 595.71.05, but this kernel module has
                                       NVRM: the version 595.58.03.  Please make sure that this
                                       NVRM: kernel module and all NVIDIA driver components
                                       NVRM: have the same version.
May 06 09:52:17 dectech-6af36c nvidia-cdi-generator[46736]: time="2026-05-06T09:52:17+10:00" level=warning msg="Could not determine driver version: libnvsandboxutils is not available\nfailed to initialize nvml: Driver/library version mismatch"
May 06 09:52:17 dectech-6af36c nvidia-cdi-generator[46736]: time="2026-05-06T09:52:17+10:00" level=info msg="Auto-detected mode as 'nvml'"
May 06 09:52:17 dectech-6af36c kernel: NVRM: API mismatch: the client 'nvidia-ctk' (pid 46736)
                                       NVRM: has the version 595.71.05, but this kernel module has
                                       NVRM: the version 595.58.03.  Please make sure that this
                                       NVRM: kernel module and all NVIDIA driver components
                                       NVRM: have the same version.
May 06 09:52:17 dectech-6af36c nvidia-cdi-generator[46736]: time="2026-05-06T09:52:17+10:00" level=error msg="failed to generate CDI spec: failed to create device CDI specs: failed to construct device spec generators: failed to initialize NVML: Driver/library version mismatch"
May 06 09:52:17 dectech-6af36c kernel: NVRM: API mismatch: the client 'nvidia-ctk' (pid 46736)
                                       NVRM: has the version 595.71.05, but this kernel module has
                                       NVRM: the version 595.58.03.  Please make sure that this
                                       NVRM: kernel module and all NVIDIA driver components
                                       NVRM: have the same version.
May 06 09:52:17 dectech-6af36c systemd[1]: nvidia-container-toolkit-cdi-generator.service: Main process exited, code=exited, status=1/FAILURE
May 06 09:52:17 dectech-6af36c systemd[1]: nvidia-container-toolkit-cdi-generator.service: Failed with result 'exit-code'.
May 06 09:52:17 dectech-6af36c systemd[1]: Failed to start Container Device Interface (CDI) for Nvidia generator.
May 06 09:52:17 dectech-6af36c systemd[1]: suid-sgid-wrappers.service: Deactivated successfully.
May 06 09:52:17 dectech-6af36c systemd[1]: Finished Create SUID/SGID Wrappers.
May 06 09:52:17 dectech-6af36c systemd[1]: Starting Export current boot journal to /home/zozano/.dotfiles/boot.log...
May 06 09:52:17 dectech-6af36c systemd[1]: Starting flatpak-managed-install.service...
May 06 09:52:17 dectech-6af36c systemd[1]: Import lastlog data into lastlog2 database skipped, unmet condition check ConditionPathExists=!/var/lib/lastlog/lastlog2.db
May 06 09:52:17 dectech-6af36c systemd[1]: flatpak-managed-install.service: Deactivated successfully.
May 06 09:52:17 dectech-6af36c systemd[1]: Finished flatpak-managed-install.service.
May 06 09:52:17 dectech-6af36c systemd[1]: export-boot-log.service: Deactivated successfully.
May 06 09:52:17 dectech-6af36c systemd[1]: Finished Export current boot journal to /home/zozano/.dotfiles/boot.log.
May 06 09:52:17 dectech-6af36c nixos[46488]: switching to system configuration /nix/store/lvssnbdvzdmpzx35f6rbwzrl6pxga0b5-nixos-system-unnamed-26.05.20260505.549bd84 failed (status 4)
May 06 09:52:17 dectech-6af36c systemd[1]: nixos-rebuild-switch-to-configuration.service: Main process exited, code=exited, status=4/NOPERMISSION
May 06 09:52:17 dectech-6af36c systemd[1]: nixos-rebuild-switch-to-configuration.service: Failed with result 'exit-code'.
May 06 09:52:17 dectech-6af36c sudo[46271]: pam_unix(sudo:session): session closed for user root
May 06 09:52:18 dectech-6af36c systemd[1]: flatpak-repo.service: Deactivated successfully.
May 06 09:52:18 dectech-6af36c systemd[1]: flatpak-repo.service: Consumed 39ms CPU time over 1.188s wall clock time, 6.1M memory peak, 15.5K incoming IP traffic, 5.3K outgoing IP traffic.
May 06 09:52:21 dectech-6af36c flatpak[46915]: libostree pull from 'flathub' for appstream2/x86_64 complete
                                               security: GPG: summary+commit 
                                               security: SIGN: disabled http: TLS
                                               non-delta: meta: 2 content: 0
                                               transfer: secs: 0 size: 1.4 kB
May 06 09:52:21 dectech-6af36c flatpak[46915]: /var/tmp/flatpak-cache-DH7XO3/repo-2XIU1O: Pulled appstream2/x86_64 from flathub
May 06 09:52:21 dectech-6af36c flatpak-system-helper[45284]: libostree pull from 'flathub' for appstream2/x86_64 complete
                                                             security: GPG: commit 
                                                             security: SIGN: disabled 
                                                             non-delta: meta: 1 content: 0
                                                             transfer: secs: 0 size: 592 bytes
May 06 09:52:27 dectech-6af36c systemd[1]: NetworkManager-dispatcher.service: Deactivated successfully.
May 06 09:57:14 dectech-6af36c nix-daemon[44294]: accepted connection from pid 49026, user zozano
May 06 09:57:16 dectech-6af36c sudo[49081]:   zozano : TTY=pts/0 ; PWD=/home/zozano/.dotfiles ; USER=root ; COMMAND=/run/current-system/sw/bin/nixos-rebuild switch --flake .#desktop --show-trace
May 06 09:57:16 dectech-6af36c sudo[49081]: pam_unix(sudo:session): session opened for user root(uid=0) by zozano(uid=1000)
May 06 09:57:26 dectech-6af36c tailscaled[3536]: netcheck: DetectCaptivePortal(found=false)
May 06 09:57:43 dectech-6af36c systemd[1]: Starting [systemd-run] /nix/store/r2xzpd6v4sfi0zz36w4gn207v4hyvx77-nixos-system-unnamed-26.05.20260505.549bd84/bin/switch-to-configuration switch...
May 06 09:57:43 dectech-6af36c systemd[1]: Started [systemd-run] /nix/store/r2xzpd6v4sfi0zz36w4gn207v4hyvx77-nixos-system-unnamed-26.05.20260505.549bd84/bin/switch-to-configuration switch.
May 06 09:57:43 dectech-6af36c nixos[50835]: switching to system configuration /nix/store/r2xzpd6v4sfi0zz36w4gn207v4hyvx77-nixos-system-unnamed-26.05.20260505.549bd84
May 06 09:57:43 dectech-6af36c systemd[1]: Stopped target Remote File Systems.
May 06 09:57:43 dectech-6af36c systemd[1]: Stopped target Local File Systems.
May 06 09:57:43 dectech-6af36c systemd[1]: Stopping Export full session journal to /home/zozano/.dotfiles/shutdown.log on shutdown...
May 06 09:57:43 dectech-6af36c systemd[1]: export-shutdown-log.service: Deactivated successfully.
May 06 09:57:43 dectech-6af36c systemd[1]: Stopped Export full session journal to /home/zozano/.dotfiles/shutdown.log on shutdown.
May 06 09:57:43 dectech-6af36c systemd[1]: Reload requested from client PID 50835 ('.switch-to-conf') (unit nixos-rebuild-switch-to-configuration.service)...
May 06 09:57:43 dectech-6af36c systemd[1]: Reloading...
May 06 09:57:43 dectech-6af36c systemd[1]: Reloading finished in 209 ms.
May 06 09:57:43 dectech-6af36c systemd[2449]: Reexecution requested from client PID 51021 ('switch-to-confi')...
May 06 09:57:43 dectech-6af36c systemd[2449]: Reexecuting.
May 06 09:57:43 dectech-6af36c systemd-xdg-autostart-generator[51026]: Exec binary '/nix/store/wwk1jhmcrm18276qyn1cx55g7df7dnb0-openrgb-0.9/bin/.openrgb-wrapped' does not exist: No such file or directory
May 06 09:57:43 dectech-6af36c systemd-xdg-autostart-generator[51026]: /home/zozano/.config/autostart/OpenRGB.desktop: not generating unit, executable specified in Exec= does not exist.
May 06 09:57:44 dectech-6af36c systemd[2449]: blueman-applet.service: Service has more than one ExecStart= setting, which is only allowed for Type=oneshot services. Refusing.
May 06 09:57:44 dectech-6af36c systemd[2449]: Reload requested from client PID 51021 ('switch-to-confi')...
May 06 09:57:44 dectech-6af36c systemd[2449]: Reloading...
May 06 09:57:44 dectech-6af36c systemd-xdg-autostart-generator[51039]: Exec binary '/nix/store/wwk1jhmcrm18276qyn1cx55g7df7dnb0-openrgb-0.9/bin/.openrgb-wrapped' does not exist: No such file or directory
May 06 09:57:44 dectech-6af36c systemd-xdg-autostart-generator[51039]: /home/zozano/.config/autostart/OpenRGB.desktop: not generating unit, executable specified in Exec= does not exist.
May 06 09:57:44 dectech-6af36c systemd[2449]: blueman-applet.service: Service has more than one ExecStart= setting, which is only allowed for Type=oneshot services. Refusing.
May 06 09:57:44 dectech-6af36c systemd[2449]: Reloading finished in 215 ms.
May 06 09:57:44 dectech-6af36c systemd[2449]: Starting Run user-specific NixOS activation...
May 06 09:57:44 dectech-6af36c systemd[2449]: Finished Run user-specific NixOS activation.
May 06 09:57:44 dectech-6af36c systemd[1]: Stopped target Reactivate sysinit units.
May 06 09:57:44 dectech-6af36c systemd[1]: Stopping Reactivate sysinit units...
May 06 09:57:44 dectech-6af36c systemd[1]: Reached target Reactivate sysinit units.
May 06 09:57:44 dectech-6af36c systemd[2449]: Starting Run user-specific NixOS activation...
May 06 09:57:44 dectech-6af36c systemd[1]: Reached target Local File Systems.
May 06 09:57:44 dectech-6af36c systemd[1]: Make TPM PCR Policy skipped, unmet condition check ConditionSecurity=measured-uki
May 06 09:57:44 dectech-6af36c systemd[1]: Starting dynamic-hostname.service...
May 06 09:57:44 dectech-6af36c systemd[1]: Load Kernel Module efi_pstore skipped, unmet condition check ConditionKernelModuleLoaded=!efi_pstore
May 06 09:57:44 dectech-6af36c systemd[1]: Starting Create SUID/SGID Wrappers...
May 06 09:57:44 dectech-6af36c systemd[1]: Clear Stale Hibernate Storage Info skipped, unmet condition check ConditionPathExists=/sys/firmware/efi/efivars/HibernateLocation-8cf2644b-4b0b-428f-9387-6d876050dc67
May 06 09:57:44 dectech-6af36c systemd[1]: Rebuild Journal Catalog skipped, unmet condition check ConditionNeedsUpdate=/var
May 06 09:57:44 dectech-6af36c systemd[1]: Save Transient machine-id to Disk skipped, unmet condition check ConditionPathIsMountPoint=/etc/machine-id
May 06 09:57:44 dectech-6af36c systemd[1]: Platform Persistent Storage Archival skipped, unmet condition check ConditionDirectoryNotEmpty=/sys/fs/pstore
May 06 09:57:44 dectech-6af36c systemd[1]: Early TPM SRK Setup skipped, unmet condition check ConditionSecurity=measured-uki
May 06 09:57:44 dectech-6af36c systemd[1]: TPM SRK Setup skipped, unmet condition check ConditionSecurity=measured-uki
May 06 09:57:44 dectech-6af36c systemd[1]: Update is Completed skipped, no trigger condition checks were met.
May 06 09:57:44 dectech-6af36c systemd[1]: Reached target Remote File Systems.
May 06 09:57:44 dectech-6af36c systemd[2449]: Finished Run user-specific NixOS activation.
May 06 09:57:44 dectech-6af36c systemd[1]: dynamic-hostname.service: Deactivated successfully.
May 06 09:57:44 dectech-6af36c systemd[1]: Finished dynamic-hostname.service.
May 06 09:57:44 dectech-6af36c systemd[1]: suid-sgid-wrappers.service: Deactivated successfully.
May 06 09:57:44 dectech-6af36c systemd[1]: Finished Create SUID/SGID Wrappers.
May 06 09:57:44 dectech-6af36c systemd[1]: Starting Network Manager Script Dispatcher Service...
May 06 09:57:44 dectech-6af36c systemd[1]: Started flatpak-repo.service.
May 06 09:57:44 dectech-6af36c systemd[1]: Import lastlog data into lastlog2 database skipped, unmet condition check ConditionPathExists=!/var/lib/lastlog/lastlog2.db
May 06 09:57:44 dectech-6af36c systemd[1]: Starting linger-users.service...
May 06 09:57:44 dectech-6af36c systemd[1]: Starting Container Device Interface (CDI) for Nvidia generator...
May 06 09:57:44 dectech-6af36c systemd[1]: SSH Host Keys Generation skipped, no trigger condition checks were met.
May 06 09:57:44 dectech-6af36c systemd[1]: Starting tailscaled-autoconnect.service...
May 06 09:57:44 dectech-6af36c systemd[1]: linger-users.service: Deactivated successfully.
May 06 09:57:44 dectech-6af36c systemd[1]: Finished linger-users.service.
May 06 09:57:44 dectech-6af36c systemd[1]: Started Network Manager Script Dispatcher Service.
May 06 09:57:44 dectech-6af36c nvidia-cdi-generator[51189]: time="2026-05-06T09:57:44+10:00" level=info msg="Using /nix/store/rl7ypvsgi1ckcx5ax6zr550282ziwwsl-nvidia-x11-595.71.05/lib/libnvidia-ml.so.595.71.05"
May 06 09:57:44 dectech-6af36c nvidia-cdi-generator[51189]: time="2026-05-06T09:57:44+10:00" level=info msg="Using /nix/store/rl7ypvsgi1ckcx5ax6zr550282ziwwsl-nvidia-x11-595.71.05/lib/libnvidia-sandboxutils.so.595.71.05"
May 06 09:57:44 dectech-6af36c tailscaled-autoconnect-start[51165]: Tailscale is running
May 06 09:57:44 dectech-6af36c systemd[1]: Started tailscaled-autoconnect.service.
May 06 09:57:44 dectech-6af36c kernel: NVRM: API mismatch: the client 'nvidia-ctk' (pid 51189)
                                       NVRM: has the version 595.71.05, but this kernel module has
                                       NVRM: the version 595.58.03.  Please make sure that this
                                       NVRM: kernel module and all NVIDIA driver components
                                       NVRM: have the same version.
May 06 09:57:44 dectech-6af36c nvidia-cdi-generator[51189]: ERROR: init 243 result=9time="2026-05-06T09:57:44+10:00" level=warning msg="Failed to init nvsandboxutils: ERROR_NVML_LIB_CALL; ignoring"
May 06 09:57:44 dectech-6af36c systemd[1]: tailscaled-autoconnect.service: Deactivated successfully.
May 06 09:57:44 dectech-6af36c kernel: NVRM: API mismatch: the client 'nvidia-ctk' (pid 51189)
                                       NVRM: has the version 595.71.05, but this kernel module has
                                       NVRM: the version 595.58.03.  Please make sure that this
                                       NVRM: kernel module and all NVIDIA driver components
                                       NVRM: have the same version.
May 06 09:57:44 dectech-6af36c nvidia-cdi-generator[51189]: time="2026-05-06T09:57:44+10:00" level=warning msg="Could not determine driver version: libnvsandboxutils is not available\nfailed to initialize nvml: Driver/library version mismatch"
May 06 09:57:44 dectech-6af36c nvidia-cdi-generator[51189]: time="2026-05-06T09:57:44+10:00" level=info msg="Auto-detected mode as 'nvml'"
May 06 09:57:44 dectech-6af36c kernel: NVRM: API mismatch: the client 'nvidia-ctk' (pid 51189)
                                       NVRM: has the version 595.71.05, but this kernel module has
                                       NVRM: the version 595.58.03.  Please make sure that this
                                       NVRM: kernel module and all NVIDIA driver components
                                       NVRM: have the same version.
May 06 09:57:44 dectech-6af36c kernel: NVRM: API mismatch: the client 'nvidia-ctk' (pid 51189)
                                       NVRM: has the version 595.71.05, but this kernel module has
                                       NVRM: the version 595.58.03.  Please make sure that this
                                       NVRM: kernel module and all NVIDIA driver components
                                       NVRM: have the same version.
May 06 09:57:44 dectech-6af36c nvidia-cdi-generator[51189]: time="2026-05-06T09:57:44+10:00" level=error msg="failed to generate CDI spec: failed to create device CDI specs: failed to construct device spec generators: failed to initialize NVML: Driver/library version mismatch"
May 06 09:57:44 dectech-6af36c systemd[1]: nvidia-container-toolkit-cdi-generator.service: Main process exited, code=exited, status=1/FAILURE
May 06 09:57:44 dectech-6af36c systemd[1]: nvidia-container-toolkit-cdi-generator.service: Failed with result 'exit-code'.
May 06 09:57:44 dectech-6af36c systemd[1]: Failed to start Container Device Interface (CDI) for Nvidia generator.
May 06 09:57:44 dectech-6af36c systemd[1]: Starting Export current boot journal to /home/zozano/.dotfiles/boot.log...
May 06 09:57:44 dectech-6af36c systemd[1]: Starting Export full session journal to /home/zozano/.dotfiles/shutdown.log on shutdown...
May 06 09:57:44 dectech-6af36c systemd[1]: Starting flatpak-managed-install.service...
May 06 09:57:44 dectech-6af36c systemd[1]: Finished Export full session journal to /home/zozano/.dotfiles/shutdown.log on shutdown.
May 06 09:57:44 dectech-6af36c systemd[1]: flatpak-managed-install.service: Deactivated successfully.
May 06 09:57:44 dectech-6af36c systemd[1]: Finished flatpak-managed-install.service.
May 06 09:57:44 dectech-6af36c systemd[1]: export-boot-log.service: Deactivated successfully.
May 06 09:57:44 dectech-6af36c systemd[1]: Finished Export current boot journal to /home/zozano/.dotfiles/boot.log.
May 06 09:57:44 dectech-6af36c nixos[50835]: switching to system configuration /nix/store/r2xzpd6v4sfi0zz36w4gn207v4hyvx77-nixos-system-unnamed-26.05.20260505.549bd84 failed (status 4)
May 06 09:57:44 dectech-6af36c systemd[1]: nixos-rebuild-switch-to-configuration.service: Main process exited, code=exited, status=4/NOPERMISSION
May 06 09:57:44 dectech-6af36c systemd[1]: nixos-rebuild-switch-to-configuration.service: Failed with result 'exit-code'.
May 06 09:57:44 dectech-6af36c sudo[49081]: pam_unix(sudo:session): session closed for user root
May 06 09:57:45 dectech-6af36c systemd[1]: flatpak-repo.service: Deactivated successfully.
May 06 09:57:45 dectech-6af36c systemd[1]: flatpak-repo.service: Consumed 39ms CPU time over 981ms wall clock time, 6.1M memory peak, 15.6K incoming IP traffic, 5.3K outgoing IP traffic.
May 06 09:57:48 dectech-6af36c flatpak[51276]: libostree pull from 'flathub' for appstream2/x86_64 complete
                                               security: GPG: summary+commit 
                                               security: SIGN: disabled http: TLS
                                               non-delta: meta: 2 content: 0
                                               transfer: secs: 0 size: 1.4 kB
May 06 09:57:48 dectech-6af36c flatpak[51276]: /var/tmp/flatpak-cache-DH7XO3/repo-2XIU1O: Pulled appstream2/x86_64 from flathub
May 06 09:57:48 dectech-6af36c flatpak-system-helper[45284]: libostree pull from 'flathub' for appstream2/x86_64 complete
                                                             security: GPG: commit 
                                                             security: SIGN: disabled 
                                                             non-delta: meta: 1 content: 0
                                                             transfer: secs: 0 size: 592 bytes
May 06 09:57:54 dectech-6af36c systemd[1]: NetworkManager-dispatcher.service: Deactivated successfully.
May 06 09:58:04 dectech-6af36c sudo[51513]:   zozano : TTY=pts/0 ; PWD=/home/zozano/.dotfiles ; USER=root ; COMMAND=/run/current-system/sw/bin/nixos-rebuild switch --flake .#desktop --show-trace
May 06 09:58:04 dectech-6af36c sudo[51513]: pam_unix(sudo:session): session opened for user root(uid=0) by zozano(uid=1000)
May 06 09:58:25 dectech-6af36c systemd[1]: Starting [systemd-run] /nix/store/r2xzpd6v4sfi0zz36w4gn207v4hyvx77-nixos-system-unnamed-26.05.20260505.549bd84/bin/switch-to-configuration switch...
May 06 09:58:25 dectech-6af36c systemd[1]: Started [systemd-run] /nix/store/r2xzpd6v4sfi0zz36w4gn207v4hyvx77-nixos-system-unnamed-26.05.20260505.549bd84/bin/switch-to-configuration switch.
May 06 09:58:25 dectech-6af36c nixos[51750]: switching to system configuration /nix/store/r2xzpd6v4sfi0zz36w4gn207v4hyvx77-nixos-system-unnamed-26.05.20260505.549bd84
May 06 09:58:25 dectech-6af36c systemd[1]: Stopped target Local File Systems.
May 06 09:58:25 dectech-6af36c systemd[1]: Stopped target Remote File Systems.
May 06 09:58:25 dectech-6af36c systemd[1]: Reload requested from client PID 51750 ('.switch-to-conf') (unit nixos-rebuild-switch-to-configuration.service)...
May 06 09:58:25 dectech-6af36c systemd[1]: Reloading...
May 06 09:58:26 dectech-6af36c systemd[1]: Reloading finished in 209 ms.
May 06 09:58:26 dectech-6af36c systemd[2449]: Reexecution requested from client PID 51931 ('switch-to-confi')...
May 06 09:58:26 dectech-6af36c systemd[2449]: Reexecuting.
May 06 09:58:26 dectech-6af36c systemd-xdg-autostart-generator[51936]: Exec binary '/nix/store/wwk1jhmcrm18276qyn1cx55g7df7dnb0-openrgb-0.9/bin/.openrgb-wrapped' does not exist: No such file or directory
May 06 09:58:26 dectech-6af36c systemd-xdg-autostart-generator[51936]: /home/zozano/.config/autostart/OpenRGB.desktop: not generating unit, executable specified in Exec= does not exist.
May 06 09:58:26 dectech-6af36c systemd[2449]: blueman-applet.service: Service has more than one ExecStart= setting, which is only allowed for Type=oneshot services. Refusing.
May 06 09:58:26 dectech-6af36c systemd[2449]: Reload requested from client PID 51931 ('switch-to-confi')...
May 06 09:58:26 dectech-6af36c systemd[2449]: Reloading...
May 06 09:58:26 dectech-6af36c systemd-xdg-autostart-generator[51952]: Exec binary '/nix/store/wwk1jhmcrm18276qyn1cx55g7df7dnb0-openrgb-0.9/bin/.openrgb-wrapped' does not exist: No such file or directory
May 06 09:58:26 dectech-6af36c systemd-xdg-autostart-generator[51952]: /home/zozano/.config/autostart/OpenRGB.desktop: not generating unit, executable specified in Exec= does not exist.
May 06 09:58:26 dectech-6af36c systemd[2449]: blueman-applet.service: Service has more than one ExecStart= setting, which is only allowed for Type=oneshot services. Refusing.
May 06 09:58:26 dectech-6af36c systemd[2449]: Reloading finished in 217 ms.
May 06 09:58:26 dectech-6af36c systemd[2449]: Starting Run user-specific NixOS activation...
May 06 09:58:26 dectech-6af36c systemd[2449]: Finished Run user-specific NixOS activation.
May 06 09:58:26 dectech-6af36c systemd[1]: Stopped target Reactivate sysinit units.
May 06 09:58:26 dectech-6af36c systemd[1]: Stopping Reactivate sysinit units...
May 06 09:58:26 dectech-6af36c systemd[1]: Reached target Reactivate sysinit units.
May 06 09:58:26 dectech-6af36c systemd[2449]: Starting Run user-specific NixOS activation...
May 06 09:58:26 dectech-6af36c systemd[1]: Starting flatpak-managed-install.service...
May 06 09:58:26 dectech-6af36c systemd[1]: Import lastlog data into lastlog2 database skipped, unmet condition check ConditionPathExists=!/var/lib/lastlog/lastlog2.db
May 06 09:58:26 dectech-6af36c systemd[1]: Reached target Local File Systems.
May 06 09:58:26 dectech-6af36c systemd[1]: Reached target Remote File Systems.
May 06 09:58:26 dectech-6af36c systemd[1]: Starting dynamic-hostname.service...
May 06 09:58:26 dectech-6af36c systemd[1]: Load Kernel Module efi_pstore skipped, unmet condition check ConditionKernelModuleLoaded=!efi_pstore
May 06 09:58:26 dectech-6af36c systemd[1]: Starting Create SUID/SGID Wrappers...
May 06 09:58:26 dectech-6af36c systemd[1]: Clear Stale Hibernate Storage Info skipped, unmet condition check ConditionPathExists=/sys/firmware/efi/efivars/HibernateLocation-8cf2644b-4b0b-428f-9387-6d876050dc67
May 06 09:58:26 dectech-6af36c systemd[1]: Rebuild Journal Catalog skipped, unmet condition check ConditionNeedsUpdate=/var
May 06 09:58:26 dectech-6af36c systemd[1]: Save Transient machine-id to Disk skipped, unmet condition check ConditionPathIsMountPoint=/etc/machine-id
May 06 09:58:26 dectech-6af36c systemd[1]: Platform Persistent Storage Archival skipped, unmet condition check ConditionDirectoryNotEmpty=/sys/fs/pstore
May 06 09:58:26 dectech-6af36c systemd[1]: Early TPM SRK Setup skipped, unmet condition check ConditionSecurity=measured-uki
May 06 09:58:26 dectech-6af36c systemd[1]: TPM SRK Setup skipped, unmet condition check ConditionSecurity=measured-uki
May 06 09:58:26 dectech-6af36c systemd[1]: Update is Completed skipped, no trigger condition checks were met.
May 06 09:58:26 dectech-6af36c systemd[2449]: Finished Run user-specific NixOS activation.
May 06 09:58:26 dectech-6af36c systemd[1]: Make TPM PCR Policy skipped, unmet condition check ConditionSecurity=measured-uki
May 06 09:58:26 dectech-6af36c systemd[1]: dynamic-hostname.service: Deactivated successfully.
May 06 09:58:26 dectech-6af36c systemd[1]: Finished dynamic-hostname.service.
May 06 09:58:26 dectech-6af36c systemd[1]: flatpak-managed-install.service: Deactivated successfully.
May 06 09:58:26 dectech-6af36c systemd[1]: Finished flatpak-managed-install.service.
May 06 09:58:26 dectech-6af36c systemd[1]: suid-sgid-wrappers.service: Deactivated successfully.
May 06 09:58:26 dectech-6af36c systemd[1]: Finished Create SUID/SGID Wrappers.
May 06 09:58:26 dectech-6af36c systemd[1]: Starting Network Manager Script Dispatcher Service...
May 06 09:58:26 dectech-6af36c systemd[1]: Started flatpak-repo.service.
May 06 09:58:26 dectech-6af36c systemd[1]: Starting linger-users.service...
May 06 09:58:26 dectech-6af36c systemd[1]: Starting Container Device Interface (CDI) for Nvidia generator...
May 06 09:58:26 dectech-6af36c systemd[1]: SSH Host Keys Generation skipped, no trigger condition checks were met.
May 06 09:58:26 dectech-6af36c systemd[1]: Starting tailscaled-autoconnect.service...
May 06 09:58:26 dectech-6af36c systemd[1]: linger-users.service: Deactivated successfully.
May 06 09:58:26 dectech-6af36c systemd[1]: Finished linger-users.service.
May 06 09:58:26 dectech-6af36c systemd[1]: Started Network Manager Script Dispatcher Service.
May 06 09:58:26 dectech-6af36c tailscaled-autoconnect-start[52091]: Tailscale is running
May 06 09:58:26 dectech-6af36c nvidia-cdi-generator[52116]: time="2026-05-06T09:58:26+10:00" level=info msg="Using /nix/store/rl7ypvsgi1ckcx5ax6zr550282ziwwsl-nvidia-x11-595.71.05/lib/libnvidia-ml.so.595.71.05"
May 06 09:58:26 dectech-6af36c nvidia-cdi-generator[52116]: time="2026-05-06T09:58:26+10:00" level=info msg="Using /nix/store/rl7ypvsgi1ckcx5ax6zr550282ziwwsl-nvidia-x11-595.71.05/lib/libnvidia-sandboxutils.so.595.71.05"
May 06 09:58:26 dectech-6af36c systemd[1]: Started tailscaled-autoconnect.service.
May 06 09:58:26 dectech-6af36c systemd[1]: tailscaled-autoconnect.service: Deactivated successfully.
May 06 09:58:26 dectech-6af36c nvidia-cdi-generator[52116]: ERROR: init 243 result=9time="2026-05-06T09:58:26+10:00" level=warning msg="Failed to init nvsandboxutils: ERROR_NVML_LIB_CALL; ignoring"
May 06 09:58:26 dectech-6af36c kernel: NVRM: API mismatch: the client 'nvidia-ctk' (pid 52116)
                                       NVRM: has the version 595.71.05, but this kernel module has
                                       NVRM: the version 595.58.03.  Please make sure that this
                                       NVRM: kernel module and all NVIDIA driver components
                                       NVRM: have the same version.
May 06 09:58:26 dectech-6af36c kernel: NVRM: API mismatch: the client 'nvidia-ctk' (pid 52116)
                                       NVRM: has the version 595.71.05, but this kernel module has
                                       NVRM: the version 595.58.03.  Please make sure that this
                                       NVRM: kernel module and all NVIDIA driver components
                                       NVRM: have the same version.
May 06 09:58:26 dectech-6af36c nvidia-cdi-generator[52116]: time="2026-05-06T09:58:26+10:00" level=warning msg="Could not determine driver version: libnvsandboxutils is not available\nfailed to initialize nvml: Driver/library version mismatch"
May 06 09:58:26 dectech-6af36c nvidia-cdi-generator[52116]: time="2026-05-06T09:58:26+10:00" level=info msg="Auto-detected mode as 'nvml'"
May 06 09:58:26 dectech-6af36c kernel: NVRM: API mismatch: the client 'nvidia-ctk' (pid 52116)
                                       NVRM: has the version 595.71.05, but this kernel module has
                                       NVRM: the version 595.58.03.  Please make sure that this
                                       NVRM: kernel module and all NVIDIA driver components
                                       NVRM: have the same version.
May 06 09:58:26 dectech-6af36c kernel: NVRM: API mismatch: the client 'nvidia-ctk' (pid 52116)
                                       NVRM: has the version 595.71.05, but this kernel module has
                                       NVRM: the version 595.58.03.  Please make sure that this
                                       NVRM: kernel module and all NVIDIA driver components
                                       NVRM: have the same version.
May 06 09:58:26 dectech-6af36c nvidia-cdi-generator[52116]: time="2026-05-06T09:58:26+10:00" level=error msg="failed to generate CDI spec: failed to create device CDI specs: failed to construct device spec generators: failed to initialize NVML: Driver/library version mismatch"
May 06 09:58:26 dectech-6af36c systemd[1]: nvidia-container-toolkit-cdi-generator.service: Main process exited, code=exited, status=1/FAILURE
May 06 09:58:26 dectech-6af36c systemd[1]: nvidia-container-toolkit-cdi-generator.service: Failed with result 'exit-code'.
May 06 09:58:26 dectech-6af36c systemd[1]: Failed to start Container Device Interface (CDI) for Nvidia generator.
May 06 09:58:26 dectech-6af36c systemd[1]: Starting Export current boot journal to /home/zozano/.dotfiles/boot.log...
