May 09 20:39:02 nixos kernel: Linux version 7.0.3 (nixbld@localhost) (gcc (GCC) 15.2.0, GNU ld (GNU Binutils) 2.46) #1-NixOS SMP PREEMPT_DYNAMIC Thu Apr 30 09:13:05 UTC 2026
May 09 20:39:02 nixos kernel: Command line: initrd=\EFI\nixos\nxpijh8l0qngp8kr463cc0zwahp131yq-initrd-linux-7.0.3-initrd.efi init=/nix/store/6ik94jijvwng65qcc8nw150kg8wxj1a0-nixos-system-unnamed-26.05.20260505.549bd84/init root=fstab resume=/dev/disk/by-label/swap loglevel=4 lsm=landlock,yama,bpf vt.default_red=0x28,0xfb,0xb8,0xfa,0x83,0xd3,0x8e,0xd5,0x66,0xfb,0xb8,0xfa,0x83,0xd3,0x8e,0xfb vt.default_grn=0x28,0x49,0xbb,0xbd,0xa5,0x86,0xc0,0xc4,0x5c,0x49,0xbb,0xbd,0xa5,0x86,0xc0,0xf1 vt.default_blu=0x28,0x34,0x26,0x2f,0x98,0x9b,0x7c,0xa1,0x54,0x34,0x26,0x2f,0x98,0x9b,0x7c,0xc7
May 09 20:39:02 nixos kernel: BIOS-provided physical RAM map:
May 09 20:39:02 nixos kernel: BIOS-e820: [mem 0x0000000000000000-0x000000000009ffff]  System RAM
May 09 20:39:02 nixos kernel: BIOS-e820: [mem 0x00000000000a0000-0x00000000000fffff]  device reserved
May 09 20:39:02 nixos kernel: BIOS-e820: [mem 0x0000000000100000-0x0000000009d1efff]  System RAM
May 09 20:39:02 nixos kernel: BIOS-e820: [mem 0x0000000009d1f000-0x0000000009ffffff]  device reserved
May 09 20:39:02 nixos kernel: BIOS-e820: [mem 0x000000000a000000-0x000000000a1fffff]  System RAM
May 09 20:39:02 nixos kernel: BIOS-e820: [mem 0x000000000a200000-0x000000000a20cfff]  ACPI NVS
May 09 20:39:02 nixos kernel: BIOS-e820: [mem 0x000000000a20d000-0x000000000affffff]  System RAM
May 09 20:39:02 nixos kernel: BIOS-e820: [mem 0x000000000b000000-0x000000000b01ffff]  device reserved
May 09 20:39:02 nixos kernel: BIOS-e820: [mem 0x000000000b020000-0x00000000c3ae9fff]  System RAM
May 09 20:39:02 nixos kernel: BIOS-e820: [mem 0x00000000c3aea000-0x00000000c3e24fff]  device reserved
May 09 20:39:02 nixos kernel: BIOS-e820: [mem 0x00000000c3e25000-0x00000000c4090fff]  ACPI data
May 09 20:39:02 nixos kernel: BIOS-e820: [mem 0x00000000c4091000-0x00000000c5838fff]  ACPI NVS
May 09 20:39:02 nixos kernel: BIOS-e820: [mem 0x00000000c5839000-0x00000000c69fefff]  device reserved
May 09 20:39:02 nixos kernel: BIOS-e820: [mem 0x00000000c69ff000-0x00000000c7ffffff]  System RAM
May 09 20:39:02 nixos kernel: BIOS-e820: [mem 0x00000000c8000000-0x00000000caffffff]  device reserved
May 09 20:39:02 nixos kernel: BIOS-e820: [gap 0x00000000cb000000-0x00000000ceffffff]
May 09 20:39:02 nixos kernel: BIOS-e820: [mem 0x00000000cf000000-0x00000000cfffffff]  device reserved
May 09 20:39:02 nixos kernel: BIOS-e820: [gap 0x00000000d0000000-0x00000000efffffff]
May 09 20:39:02 nixos kernel: BIOS-e820: [mem 0x00000000f0000000-0x00000000f7ffffff]  device reserved
May 09 20:39:02 nixos kernel: BIOS-e820: [gap 0x00000000f8000000-0x00000000fd1fffff]
May 09 20:39:02 nixos kernel: BIOS-e820: [mem 0x00000000fd200000-0x00000000fd2fffff]  device reserved
May 09 20:39:02 nixos kernel: BIOS-e820: [gap 0x00000000fd300000-0x00000000fd5fffff]
May 09 20:39:02 nixos kernel: BIOS-e820: [mem 0x00000000fd600000-0x00000000fd6fffff]  device reserved
May 09 20:39:02 nixos kernel: BIOS-e820: [gap 0x00000000fd700000-0x00000000fe9fffff]
May 09 20:39:02 nixos kernel: BIOS-e820: [mem 0x00000000fea00000-0x00000000fea0ffff]  device reserved
May 09 20:39:02 nixos kernel: BIOS-e820: [gap 0x00000000fea10000-0x00000000feb7ffff]
May 09 20:39:02 nixos kernel: BIOS-e820: [mem 0x00000000feb80000-0x00000000fec01fff]  device reserved
May 09 20:39:02 nixos kernel: BIOS-e820: [gap 0x00000000fec02000-0x00000000fec0ffff]
May 09 20:39:02 nixos kernel: BIOS-e820: [mem 0x00000000fec10000-0x00000000fec10fff]  device reserved
May 09 20:39:02 nixos kernel: BIOS-e820: [gap 0x00000000fec11000-0x00000000fec2ffff]
May 09 20:39:02 nixos kernel: BIOS-e820: [mem 0x00000000fec30000-0x00000000fec30fff]  device reserved
May 09 20:39:02 nixos kernel: BIOS-e820: [gap 0x00000000fec31000-0x00000000fecfffff]
May 09 20:39:02 nixos kernel: BIOS-e820: [mem 0x00000000fed00000-0x00000000fed00fff]  device reserved
May 09 20:39:02 nixos kernel: BIOS-e820: [gap 0x00000000fed01000-0x00000000fed3ffff]
May 09 20:39:02 nixos kernel: BIOS-e820: [mem 0x00000000fed40000-0x00000000fed44fff]  device reserved
May 09 20:39:02 nixos kernel: BIOS-e820: [gap 0x00000000fed45000-0x00000000fed7ffff]
May 09 20:39:02 nixos kernel: BIOS-e820: [mem 0x00000000fed80000-0x00000000fed8ffff]  device reserved
May 09 20:39:02 nixos kernel: BIOS-e820: [gap 0x00000000fed90000-0x00000000fedc1fff]
May 09 20:39:02 nixos kernel: BIOS-e820: [mem 0x00000000fedc2000-0x00000000fedcffff]  device reserved
May 09 20:39:02 nixos kernel: BIOS-e820: [gap 0x00000000fedd0000-0x00000000fedd3fff]
May 09 20:39:02 nixos kernel: BIOS-e820: [mem 0x00000000fedd4000-0x00000000fedd5fff]  device reserved
May 09 20:39:02 nixos kernel: BIOS-e820: [gap 0x00000000fedd6000-0x00000000feffffff]
May 09 20:39:02 nixos kernel: BIOS-e820: [mem 0x00000000ff000000-0x00000000ffffffff]  device reserved
May 09 20:39:02 nixos kernel: BIOS-e820: [mem 0x0000000100000000-0x000000042e2fffff]  System RAM
May 09 20:39:02 nixos kernel: BIOS-e820: [mem 0x000000042e300000-0x000000042fffffff]  device reserved
May 09 20:39:02 nixos kernel: NX (Execute Disable) protection: active
May 09 20:39:02 nixos kernel: APIC: Static calls initialized
May 09 20:39:02 nixos kernel: efi: EFI v2.7 by American Megatrends
May 09 20:39:02 nixos kernel: efi: ACPI=0xc4090000 ACPI 2.0=0xc4090014 TPMFinalLog=0xc47ee000 SMBIOS=0xc67f0000 SMBIOS 3.0=0xc67ef000 MEMATTR=0xc0823318 ESRT=0xc23d6018 RNG=0xc4070f18 INITRD=0xb818df98 TPMEventLog=0xc3f77018 
May 09 20:39:02 nixos kernel: random: crng init done
May 09 20:39:02 nixos kernel: efi: Remove mem74: MMIO range=[0xf0000000-0xf7ffffff] (128MB) from e820 map
May 09 20:39:02 nixos kernel: e820: remove [mem 0xf0000000-0xf7ffffff] device reserved
May 09 20:39:02 nixos kernel: efi: Remove mem75: MMIO range=[0xfd200000-0xfd2fffff] (1MB) from e820 map
May 09 20:39:02 nixos kernel: e820: remove [mem 0xfd200000-0xfd2fffff] device reserved
May 09 20:39:02 nixos kernel: efi: Remove mem76: MMIO range=[0xfd600000-0xfd6fffff] (1MB) from e820 map
May 09 20:39:02 nixos kernel: e820: remove [mem 0xfd600000-0xfd6fffff] device reserved
May 09 20:39:02 nixos kernel: efi: Not removing mem77: MMIO range=[0xfea00000-0xfea0ffff] (64KB) from e820 map
May 09 20:39:02 nixos kernel: efi: Remove mem78: MMIO range=[0xfeb80000-0xfec01fff] (0MB) from e820 map
May 09 20:39:02 nixos kernel: e820: remove [mem 0xfeb80000-0xfec01fff] device reserved
May 09 20:39:02 nixos kernel: efi: Not removing mem79: MMIO range=[0xfec10000-0xfec10fff] (4KB) from e820 map
May 09 20:39:02 nixos kernel: efi: Not removing mem80: MMIO range=[0xfec30000-0xfec30fff] (4KB) from e820 map
May 09 20:39:02 nixos kernel: efi: Not removing mem81: MMIO range=[0xfed00000-0xfed00fff] (4KB) from e820 map
May 09 20:39:02 nixos kernel: efi: Not removing mem82: MMIO range=[0xfed40000-0xfed44fff] (20KB) from e820 map
May 09 20:39:02 nixos kernel: efi: Not removing mem83: MMIO range=[0xfed80000-0xfed8ffff] (64KB) from e820 map
May 09 20:39:02 nixos kernel: efi: Not removing mem84: MMIO range=[0xfedc2000-0xfedcffff] (56KB) from e820 map
May 09 20:39:02 nixos kernel: efi: Not removing mem85: MMIO range=[0xfedd4000-0xfedd5fff] (8KB) from e820 map
May 09 20:39:02 nixos kernel: efi: Remove mem86: MMIO range=[0xff000000-0xffffffff] (16MB) from e820 map
May 09 20:39:02 nixos kernel: e820: remove [mem 0xff000000-0xffffffff] device reserved
May 09 20:39:02 nixos kernel: SMBIOS 3.3.0 present.
May 09 20:39:02 nixos kernel: DMI: ASUS System Product Name/PRIME B550M-A (WI-FI), BIOS 3611 09/29/2024
May 09 20:39:02 nixos kernel: DMI: Memory slots populated: 2/4
May 09 20:39:02 nixos kernel: tsc: Fast TSC calibration using PIT
May 09 20:39:02 nixos kernel: tsc: Detected 4199.909 MHz processor
May 09 20:39:02 nixos kernel: e820: update [mem 0x00000000-0x00000fff] System RAM ==> device reserved
May 09 20:39:02 nixos kernel: e820: remove [mem 0x000a0000-0x000fffff] System RAM
May 09 20:39:02 nixos kernel: last_pfn = 0x42e300 max_arch_pfn = 0x400000000
May 09 20:39:02 nixos kernel: MTRR map: 6 entries (4 fixed + 2 variable; max 21), built from 9 variable MTRRs
May 09 20:39:02 nixos kernel: x86/PAT: Configuration [0-7]: WB  WC  UC- UC  WB  WP  UC- WT  
May 09 20:39:02 nixos kernel: e820: update [mem 0xd0000000-0xffffffff] System RAM ==> device reserved
May 09 20:39:02 nixos kernel: last_pfn = 0xc8000 max_arch_pfn = 0x400000000
May 09 20:39:02 nixos kernel: esrt: Reserving ESRT space from 0x00000000c23d6018 to 0x00000000c23d6050.
May 09 20:39:02 nixos kernel: e820: update [mem 0xc23d6000-0xc23d6fff] System RAM ==> device reserved
May 09 20:39:02 nixos kernel: Using GB pages for direct mapping
May 09 20:39:02 nixos kernel: Secure boot disabled
May 09 20:39:02 nixos kernel: RAMDISK: [mem 0xb66d4000-0xb818bfff]
May 09 20:39:02 nixos kernel: ACPI: Early table checksum verification disabled
May 09 20:39:02 nixos kernel: ACPI: RSDP 0x00000000C4090014 000024 (v02 ALASKA)
May 09 20:39:02 nixos kernel: ACPI: XSDT 0x00000000C408F728 0000CC (v01 ALASKA A M I    01072009 AMI  01000013)
May 09 20:39:02 nixos kernel: ACPI: FACP 0x00000000C4080000 000114 (v06 ALASKA A M I    01072009 AMI  00010013)
May 09 20:39:02 nixos kernel: ACPI: DSDT 0x00000000C4075000 00ACB3 (v02 ALASKA A M I    01072009 INTL 20120913)
May 09 20:39:02 nixos kernel: ACPI: FACS 0x00000000C481E000 000040
May 09 20:39:02 nixos kernel: ACPI: IVRS 0x00000000C408E000 0000D0 (v02 AMD    AmdTable 00000001 AMD  00000001)
May 09 20:39:02 nixos kernel: ACPI: SSDT 0x00000000C4086000 0072B0 (v02 AMD    Artic    00000002 MSFT 04000000)
May 09 20:39:02 nixos kernel: ACPI: SSDT 0x00000000C4082000 003B8E (v02 AMD    AMD AOD  00000001 INTL 20120913)
May 09 20:39:02 nixos kernel: ACPI: SSDT 0x00000000C4081000 0001AD (v02 ALASKA CPUSSDT  01072009 AMI  01072009)
May 09 20:39:02 nixos kernel: ACPI: FIDT 0x00000000C4074000 00009C (v01 ALASKA A M I    01072009 AMI  00010013)
May 09 20:39:02 nixos kernel: ACPI: MCFG 0x00000000C4072000 00003C (v01 ALASKA A M I    01072009 MSFT 00010013)
May 09 20:39:02 nixos kernel: ACPI: HPET 0x00000000C4071000 000038 (v01 ALASKA A M I    01072009 AMI  00000005)
May 09 20:39:02 nixos kernel: ACPI: BGRT 0x00000000C406F000 000038 (v01 ALASKA A M I    01072009 AMI  00010013)
May 09 20:39:02 nixos kernel: ACPI: WPBT 0x00000000C3F90000 00003C (v01 ALASKA A M I    00000001 ASUS 00000001)
May 09 20:39:02 nixos kernel: ACPI: TPM2 0x00000000C3F8F000 00004C (v04 ALASKA A M I    00000001 AMI  00000000)
May 09 20:39:02 nixos kernel: ACPI: SSDT 0x00000000C3F8C000 002844 (v02 AMD    AmdTable 00000001 AMD  00000001)
May 09 20:39:02 nixos kernel: ACPI: CRAT 0x00000000C3F8B000 000B68 (v01 AMD    AmdTable 00000001 AMD  00000001)
May 09 20:39:02 nixos kernel: ACPI: CDIT 0x00000000C3F8A000 000029 (v01 AMD    AmdTable 00000001 AMD  00000001)
May 09 20:39:02 nixos kernel: ACPI: SSDT 0x00000000C3F89000 000259 (v02 AMD    ArticDGP 00000001 INTL 20120913)
May 09 20:39:02 nixos kernel: ACPI: SSDT 0x00000000C3F85000 003E6E (v02 AMD    ArticN   00000001 INTL 20120913)
May 09 20:39:02 nixos kernel: ACPI: WSMT 0x00000000C3F84000 000028 (v01 ALASKA A M I    01072009 AMI  00010013)
May 09 20:39:02 nixos kernel: ACPI: APIC 0x00000000C3F83000 00015E (v04 ALASKA A M I    01072009 AMI  00010013)
May 09 20:39:02 nixos kernel: ACPI: SSDT 0x00000000C3F82000 00007D (v02 AMD    ArticDIS 00000001 INTL 20120913)
May 09 20:39:02 nixos kernel: ACPI: SSDT 0x00000000C3F81000 0000BF (v01 AMD    AmdTable 00001000 INTL 20120913)
May 09 20:39:02 nixos kernel: ACPI: FPDT 0x00000000C3F80000 000044 (v01 ALASKA A M I    01072009 AMI  01000013)
May 09 20:39:02 nixos kernel: ACPI: Reserving FACP table memory at [mem 0xc4080000-0xc4080113]
May 09 20:39:02 nixos kernel: ACPI: Reserving DSDT table memory at [mem 0xc4075000-0xc407fcb2]
May 09 20:39:02 nixos kernel: ACPI: Reserving FACS table memory at [mem 0xc481e000-0xc481e03f]
May 09 20:39:02 nixos kernel: ACPI: Reserving IVRS table memory at [mem 0xc408e000-0xc408e0cf]
May 09 20:39:02 nixos kernel: ACPI: Reserving SSDT table memory at [mem 0xc4086000-0xc408d2af]
May 09 20:39:02 nixos kernel: ACPI: Reserving SSDT table memory at [mem 0xc4082000-0xc4085b8d]
May 09 20:39:02 nixos kernel: ACPI: Reserving SSDT table memory at [mem 0xc4081000-0xc40811ac]
May 09 20:39:02 nixos kernel: ACPI: Reserving FIDT table memory at [mem 0xc4074000-0xc407409b]
May 09 20:39:02 nixos kernel: ACPI: Reserving MCFG table memory at [mem 0xc4072000-0xc407203b]
May 09 20:39:02 nixos kernel: ACPI: Reserving HPET table memory at [mem 0xc4071000-0xc4071037]
May 09 20:39:02 nixos kernel: ACPI: Reserving BGRT table memory at [mem 0xc406f000-0xc406f037]
May 09 20:39:02 nixos kernel: ACPI: Reserving WPBT table memory at [mem 0xc3f90000-0xc3f9003b]
May 09 20:39:02 nixos kernel: ACPI: Reserving TPM2 table memory at [mem 0xc3f8f000-0xc3f8f04b]
May 09 20:39:02 nixos kernel: ACPI: Reserving SSDT table memory at [mem 0xc3f8c000-0xc3f8e843]
May 09 20:39:02 nixos kernel: ACPI: Reserving CRAT table memory at [mem 0xc3f8b000-0xc3f8bb67]
May 09 20:39:02 nixos kernel: ACPI: Reserving CDIT table memory at [mem 0xc3f8a000-0xc3f8a028]
May 09 20:39:02 nixos kernel: ACPI: Reserving SSDT table memory at [mem 0xc3f89000-0xc3f89258]
May 09 20:39:02 nixos kernel: ACPI: Reserving SSDT table memory at [mem 0xc3f85000-0xc3f88e6d]
May 09 20:39:02 nixos kernel: ACPI: Reserving WSMT table memory at [mem 0xc3f84000-0xc3f84027]
May 09 20:39:02 nixos kernel: ACPI: Reserving APIC table memory at [mem 0xc3f83000-0xc3f8315d]
May 09 20:39:02 nixos kernel: ACPI: Reserving SSDT table memory at [mem 0xc3f82000-0xc3f8207c]
May 09 20:39:02 nixos kernel: ACPI: Reserving SSDT table memory at [mem 0xc3f81000-0xc3f810be]
May 09 20:39:02 nixos kernel: ACPI: Reserving FPDT table memory at [mem 0xc3f80000-0xc3f80043]
May 09 20:39:02 nixos kernel: No NUMA configuration found
May 09 20:39:02 nixos kernel: Faking a node at [mem 0x0000000000000000-0x000000042e2fffff]
May 09 20:39:02 nixos kernel: NODE_DATA(0) allocated [mem 0x42e2fa780-0x42e2ffcff]
May 09 20:39:02 nixos kernel: ACPI: PM-Timer IO Port: 0x808
May 09 20:39:02 nixos kernel: ACPI: LAPIC_NMI (acpi_id[0xff] high edge lint[0x1])
May 09 20:39:02 nixos kernel: IOAPIC[0]: apic_id 13, version 33, address 0xfec00000, GSI 0-23
May 09 20:39:02 nixos kernel: IOAPIC[1]: apic_id 14, version 33, address 0xfec01000, GSI 24-55
May 09 20:39:02 nixos kernel: ACPI: INT_SRC_OVR (bus 0 bus_irq 0 global_irq 2 dfl dfl)
May 09 20:39:02 nixos kernel: ACPI: INT_SRC_OVR (bus 0 bus_irq 9 global_irq 9 low level)
May 09 20:39:02 nixos kernel: ACPI: Using ACPI (MADT) for SMP configuration information
May 09 20:39:02 nixos kernel: ACPI: HPET id: 0x10228201 base: 0xfed00000
May 09 20:39:02 nixos kernel: e820: update [mem 0xbefbf000-0xbf16ffff] System RAM ==> device reserved
May 09 20:39:02 nixos kernel: CPU topo: Max. logical packages:   1
May 09 20:39:02 nixos kernel: CPU topo: Max. logical nodes:      1
May 09 20:39:02 nixos kernel: CPU topo: Num. nodes per package:  1
May 09 20:39:02 nixos kernel: CPU topo: Max. logical dies:       1
May 09 20:39:02 nixos kernel: CPU topo: Max. dies per package:   1
May 09 20:39:02 nixos kernel: CPU topo: Max. threads per core:   2
May 09 20:39:02 nixos kernel: CPU topo: Num. cores per package:     6
May 09 20:39:02 nixos kernel: CPU topo: Num. threads per package:  12
May 09 20:39:02 nixos kernel: CPU topo: Allowing 12 present CPUs plus 0 hotplug CPUs
May 09 20:39:02 nixos kernel: PM: hibernation: Registered nosave memory: [mem 0x00000000-0x00000fff]
May 09 20:39:02 nixos kernel: PM: hibernation: Registered nosave memory: [mem 0x000a0000-0x000fffff]
May 09 20:39:02 nixos kernel: PM: hibernation: Registered nosave memory: [mem 0x09d1f000-0x09ffffff]
May 09 20:39:02 nixos kernel: PM: hibernation: Registered nosave memory: [mem 0x0a200000-0x0a20cfff]
May 09 20:39:02 nixos kernel: PM: hibernation: Registered nosave memory: [mem 0x0b000000-0x0b01ffff]
May 09 20:39:02 nixos kernel: PM: hibernation: Registered nosave memory: [mem 0xbefbf000-0xbf16ffff]
May 09 20:39:02 nixos kernel: PM: hibernation: Registered nosave memory: [mem 0xc23d6000-0xc23d6fff]
May 09 20:39:02 nixos kernel: PM: hibernation: Registered nosave memory: [mem 0xc3aea000-0xc69fefff]
May 09 20:39:02 nixos kernel: PM: hibernation: Registered nosave memory: [mem 0xc8000000-0xffffffff]
May 09 20:39:02 nixos kernel: [gap 0xd0000000-0xfe9fffff] available for PCI devices
May 09 20:39:02 nixos kernel: Booting paravirtualized kernel on bare hardware
May 09 20:39:02 nixos kernel: clocksource: refined-jiffies: mask: 0xffffffff max_cycles: 0xffffffff, max_idle_ns: 1910969940391419 ns
May 09 20:39:02 nixos kernel: Zone ranges:
May 09 20:39:02 nixos kernel:   DMA      [mem 0x0000000000001000-0x0000000000ffffff]
May 09 20:39:02 nixos kernel:   DMA32    [mem 0x0000000001000000-0x00000000ffffffff]
May 09 20:39:02 nixos kernel:   Normal   [mem 0x0000000100000000-0x000000042e2fffff]
May 09 20:39:02 nixos kernel:   Device   empty
May 09 20:39:02 nixos kernel: Movable zone start for each node
May 09 20:39:02 nixos kernel: Early memory node ranges
May 09 20:39:02 nixos kernel:   node   0: [mem 0x0000000000001000-0x000000000009ffff]
May 09 20:39:02 nixos kernel:   node   0: [mem 0x0000000000100000-0x0000000009d1efff]
May 09 20:39:02 nixos kernel:   node   0: [mem 0x000000000a000000-0x000000000a1fffff]
May 09 20:39:02 nixos kernel:   node   0: [mem 0x000000000a20d000-0x000000000affffff]
May 09 20:39:02 nixos kernel:   node   0: [mem 0x000000000b020000-0x00000000c3ae9fff]
May 09 20:39:02 nixos kernel:   node   0: [mem 0x00000000c69ff000-0x00000000c7ffffff]
May 09 20:39:02 nixos kernel:   node   0: [mem 0x0000000100000000-0x000000042e2fffff]
May 09 20:39:02 nixos kernel: Initmem setup node 0 [mem 0x0000000000001000-0x000000042e2fffff]
May 09 20:39:02 nixos kernel: On node 0, zone DMA: 1 pages in unavailable ranges
May 09 20:39:02 nixos kernel: On node 0, zone DMA: 96 pages in unavailable ranges
May 09 20:39:02 nixos kernel: On node 0, zone DMA32: 737 pages in unavailable ranges
May 09 20:39:02 nixos kernel: On node 0, zone DMA32: 13 pages in unavailable ranges
May 09 20:39:02 nixos kernel: On node 0, zone DMA32: 32 pages in unavailable ranges
May 09 20:39:02 nixos kernel: On node 0, zone DMA32: 12053 pages in unavailable ranges
May 09 20:39:02 nixos kernel: On node 0, zone Normal: 7424 pages in unavailable ranges
May 09 20:39:02 nixos kernel: setup_percpu: NR_CPUS:384 nr_cpumask_bits:12 nr_cpu_ids:12 nr_node_ids:1
May 09 20:39:02 nixos kernel: percpu: Embedded 99 pages/cpu s282624 r8192 d114688 u524288
May 09 20:39:02 nixos kernel: pcpu-alloc: s282624 r8192 d114688 u524288 alloc=1*2097152
May 09 20:39:02 nixos kernel: pcpu-alloc: [0] 00 01 02 03 [0] 04 05 06 07 
May 09 20:39:02 nixos kernel: pcpu-alloc: [0] 08 09 10 11 
May 09 20:39:02 nixos kernel: Kernel command line: initrd=\EFI\nixos\nxpijh8l0qngp8kr463cc0zwahp131yq-initrd-linux-7.0.3-initrd.efi init=/nix/store/6ik94jijvwng65qcc8nw150kg8wxj1a0-nixos-system-unnamed-26.05.20260505.549bd84/init root=fstab resume=/dev/disk/by-label/swap loglevel=4 lsm=landlock,yama,bpf vt.default_red=0x28,0xfb,0xb8,0xfa,0x83,0xd3,0x8e,0xd5,0x66,0xfb,0xb8,0xfa,0x83,0xd3,0x8e,0xfb vt.default_grn=0x28,0x49,0xbb,0xbd,0xa5,0x86,0xc0,0xc4,0x5c,0x49,0xbb,0xbd,0xa5,0x86,0xc0,0xf1 vt.default_blu=0x28,0x34,0x26,0x2f,0x98,0x9b,0x7c,0xa1,0x54,0x34,0x26,0x2f,0x98,0x9b,0x7c,0xc7
May 09 20:39:02 nixos kernel: printk: log buffer data + meta data: 262144 + 1114112 = 1376256 bytes
May 09 20:39:02 nixos kernel: Dentry cache hash table entries: 2097152 (order: 12, 16777216 bytes, linear)
May 09 20:39:02 nixos kernel: Inode-cache hash table entries: 1048576 (order: 11, 8388608 bytes, linear)
May 09 20:39:02 nixos kernel: software IO TLB: area num 16.
May 09 20:39:02 nixos kernel: Fallback order for Node 0: 0 
May 09 20:39:02 nixos kernel: Built 1 zonelists, mobility grouping on.  Total pages: 4141180
May 09 20:39:02 nixos kernel: Policy zone: Normal
May 09 20:39:02 nixos kernel: mem auto-init: stack:all(zero), heap alloc:on, heap free:off
May 09 20:39:02 nixos kernel: SLUB: HWalign=64, Order=0-3, MinObjects=0, CPUs=12, Nodes=1
May 09 20:39:02 nixos kernel: allocated 33292288 bytes of page_ext
May 09 20:39:02 nixos kernel: ftrace: allocating 49309 entries in 196 pages
May 09 20:39:02 nixos kernel: ftrace: allocated 196 pages with 3 groups
May 09 20:39:02 nixos kernel: Dynamic Preempt: lazy
May 09 20:39:02 nixos kernel: rcu: Preemptible hierarchical RCU implementation.
May 09 20:39:02 nixos kernel: rcu:         RCU event tracing is enabled.
May 09 20:39:02 nixos kernel: rcu:         RCU restricting CPUs from NR_CPUS=384 to nr_cpu_ids=12.
May 09 20:39:02 nixos kernel:         Trampoline variant of Tasks RCU enabled.
May 09 20:39:02 nixos kernel:         Rude variant of Tasks RCU enabled.
May 09 20:39:02 nixos kernel:         Tracing variant of Tasks RCU enabled.
May 09 20:39:02 nixos kernel: rcu: RCU calculated value of scheduler-enlistment delay is 100 jiffies.
May 09 20:39:02 nixos kernel: rcu: Adjusting geometry for rcu_fanout_leaf=16, nr_cpu_ids=12
May 09 20:39:02 nixos kernel: RCU Tasks: Setting shift to 4 and lim to 1 rcu_task_cb_adjust=1 rcu_task_cpu_ids=12.
May 09 20:39:02 nixos kernel: RCU Tasks Rude: Setting shift to 4 and lim to 1 rcu_task_cb_adjust=1 rcu_task_cpu_ids=12.
May 09 20:39:02 nixos kernel: NR_IRQS: 24832, nr_irqs: 1064, preallocated irqs: 16
May 09 20:39:02 nixos kernel: rcu: srcu_init: Setting srcu_struct sizes based on contention.
May 09 20:39:02 nixos kernel: kfence: initialized - using 2097152 bytes for 255 objects at 0x(____ptrval____)-0x(____ptrval____)
May 09 20:39:02 nixos kernel: Console: colour dummy device 80x25
May 09 20:39:02 nixos kernel: printk: legacy console [tty0] enabled
May 09 20:39:02 nixos kernel: ACPI: Core revision 20251212
May 09 20:39:02 nixos kernel: clocksource: hpet: mask: 0xffffffff max_cycles: 0xffffffff, max_idle_ns: 133484873504 ns
May 09 20:39:02 nixos kernel: APIC: Switch to symmetric I/O mode setup
May 09 20:39:02 nixos kernel: AMD-Vi: Using global IVHD EFR:0x206d73ef22254ade, EFR2:0x0
May 09 20:39:02 nixos kernel: x2apic enabled
May 09 20:39:02 nixos kernel: APIC: Switched APIC routing to: cluster x2apic
May 09 20:39:02 nixos kernel: ..TIMER: vector=0x30 apic1=0 pin1=2 apic2=-1 pin2=-1
May 09 20:39:02 nixos kernel: clocksource: tsc-early: mask: 0xffffffffffffffff max_cycles: 0x3c8a0b6cbe2, max_idle_ns: 440795385310 ns
May 09 20:39:02 nixos kernel: Calibrating delay loop (skipped), value calculated using timer frequency.. 8399.81 BogoMIPS (lpj=4199909)
May 09 20:39:02 nixos kernel: x86/cpu: User Mode Instruction Prevention (UMIP) activated
May 09 20:39:02 nixos kernel: LVT offset 1 assigned for vector 0xf9
May 09 20:39:02 nixos kernel: LVT offset 2 assigned for vector 0xf4
May 09 20:39:02 nixos kernel: Last level iTLB entries: 4KB 512, 2MB 512, 4MB 256
May 09 20:39:02 nixos kernel: Last level dTLB entries: 4KB 2048, 2MB 2048, 4MB 1024, 1GB 0
May 09 20:39:02 nixos kernel: process: using mwait in idle threads
May 09 20:39:02 nixos kernel: mitigations: Enabled attack vectors: user_kernel, user_user, guest_host, guest_guest, SMT mitigations: auto
May 09 20:39:02 nixos kernel: Speculative Store Bypass: Mitigation: Speculative Store Bypass disabled via prctl
May 09 20:39:02 nixos kernel: Transient Scheduler Attacks: Mitigation: Clear CPU buffers
May 09 20:39:02 nixos kernel: Spectre V2 : Mitigation: Retpolines
May 09 20:39:02 nixos kernel: Spectre V2 : User space: Mitigation: STIBP always-on protection
May 09 20:39:02 nixos kernel: Speculative Return Stack Overflow: Mitigation: Safe RET
May 09 20:39:02 nixos kernel: VMSCAPE: Mitigation: IBPB before exit to userspace
May 09 20:39:02 nixos kernel: Spectre V1 : Mitigation: usercopy/swapgs barriers and __user pointer sanitization
May 09 20:39:02 nixos kernel: Spectre V2 : Spectre v2 / SpectreRSB: Filling RSB on context switch and VMEXIT
May 09 20:39:02 nixos kernel: Spectre V2 : Enabling Restricted Speculation for firmware calls
May 09 20:39:02 nixos kernel: Spectre V2 : mitigation: Enabling conditional Indirect Branch Prediction Barrier
May 09 20:39:02 nixos kernel: active return thunk: srso_alias_return_thunk
May 09 20:39:02 nixos kernel: x86/fpu: Supporting XSAVE feature 0x001: 'x87 floating point registers'
May 09 20:39:02 nixos kernel: x86/fpu: Supporting XSAVE feature 0x002: 'SSE registers'
May 09 20:39:02 nixos kernel: x86/fpu: Supporting XSAVE feature 0x004: 'AVX registers'
May 09 20:39:02 nixos kernel: x86/fpu: Supporting XSAVE feature 0x200: 'Protection Keys User registers'
May 09 20:39:02 nixos kernel: x86/fpu: Supporting XSAVE feature 0x800: 'Control-flow User registers'
May 09 20:39:02 nixos kernel: x86/fpu: Supporting XSAVE feature 0x1000: 'Control-flow Kernel registers (KVM only)'
May 09 20:39:02 nixos kernel: x86/fpu: xstate_offset[2]:  576, xstate_sizes[2]:  256
May 09 20:39:02 nixos kernel: x86/fpu: xstate_offset[9]:  832, xstate_sizes[9]:    8
May 09 20:39:02 nixos kernel: x86/fpu: xstate_offset[11]:  840, xstate_sizes[11]:   16
May 09 20:39:02 nixos kernel: x86/fpu: xstate_offset[12]:  856, xstate_sizes[12]:   24
May 09 20:39:02 nixos kernel: x86/fpu: Enabled xstate features 0x1a07, context size is 880 bytes, using 'compacted' format.
May 09 20:39:02 nixos kernel: Freeing SMP alternatives memory: 44K
May 09 20:39:02 nixos kernel: pid_max: default: 32768 minimum: 301
May 09 20:39:02 nixos kernel: landlock: Up and running.
May 09 20:39:02 nixos kernel: Yama: becoming mindful.
May 09 20:39:02 nixos kernel: LSM support for eBPF active
May 09 20:39:02 nixos kernel: Mount-cache hash table entries: 32768 (order: 6, 262144 bytes, linear)
May 09 20:39:02 nixos kernel: Mountpoint-cache hash table entries: 32768 (order: 6, 262144 bytes, linear)
May 09 20:39:02 nixos kernel: VFS: Finished mounting rootfs on nullfs
May 09 20:39:02 nixos kernel: smpboot: CPU0: AMD Ryzen 5 5600G with Radeon Graphics (family: 0x19, model: 0x50, stepping: 0x0)
May 09 20:39:02 nixos kernel: Performance Events: Fam17h+ core perfctr, AMD PMU driver.
May 09 20:39:02 nixos kernel: ... version:                   0
May 09 20:39:02 nixos kernel: ... bit width:                 48
May 09 20:39:02 nixos kernel: ... generic counters:          6
May 09 20:39:02 nixos kernel: ... generic bitmap:            000000000000003f
May 09 20:39:02 nixos kernel: ... fixed-purpose counters:    0
May 09 20:39:02 nixos kernel: ... fixed-purpose bitmap:      0000000000000000
May 09 20:39:02 nixos kernel: ... value mask:                0000ffffffffffff
May 09 20:39:02 nixos kernel: ... max period:                00007fffffffffff
May 09 20:39:02 nixos kernel: ... global_ctrl mask:          000000000000003f
May 09 20:39:02 nixos kernel: signal: max sigframe size: 3376
May 09 20:39:02 nixos kernel: rcu: Hierarchical SRCU implementation.
May 09 20:39:02 nixos kernel: rcu:         Max phase no-delay instances is 400.
May 09 20:39:02 nixos kernel: Timer migration: 2 hierarchy levels; 8 children per group; 2 crossnode level
May 09 20:39:02 nixos kernel: NMI watchdog: Enabled. Permanently consumes one hw-PMU counter.
May 09 20:39:02 nixos kernel: smp: Bringing up secondary CPUs ...
May 09 20:39:02 nixos kernel: smpboot: x86: Booting SMP configuration:
May 09 20:39:02 nixos kernel: .... node  #0, CPUs:        #1  #2  #3  #4  #5  #6  #7  #8  #9 #10 #11
May 09 20:39:02 nixos kernel: Spectre V2 : Update user space SMT mitigation: STIBP always-on
May 09 20:39:02 nixos kernel: smp: Brought up 1 node, 12 CPUs
May 09 20:39:02 nixos kernel: smpboot: Total of 12 processors activated (100797.81 BogoMIPS)
May 09 20:39:02 nixos kernel: Memory: 16002208K/16564720K available (17473K kernel code, 2929K rwdata, 13796K rodata, 3692K init, 4652K bss, 508204K reserved, 0K cma-reserved)
May 09 20:39:02 nixos kernel: devtmpfs: initialized
May 09 20:39:02 nixos kernel: x86/mm: Memory block size: 128MB
May 09 20:39:02 nixos kernel: ACPI: PM: Registering ACPI NVS region [mem 0x0a200000-0x0a20cfff] (53248 bytes)
May 09 20:39:02 nixos kernel: ACPI: PM: Registering ACPI NVS region [mem 0xc4091000-0xc5838fff] (24805376 bytes)
May 09 20:39:02 nixos kernel: clocksource: jiffies: mask: 0xffffffff max_cycles: 0xffffffff, max_idle_ns: 1911260446275000 ns
May 09 20:39:02 nixos kernel: posixtimers hash table entries: 8192 (order: 5, 131072 bytes, linear)
May 09 20:39:02 nixos kernel: futex hash table entries: 4096 (262144 bytes on 1 NUMA nodes, total 256 KiB, linear).
May 09 20:39:02 nixos kernel: PM: RTC time: 10:39:02, date: 2026-05-09
May 09 20:39:02 nixos kernel: NET: Registered PF_NETLINK/PF_ROUTE protocol family
May 09 20:39:02 nixos kernel: DMA: preallocated 2048 KiB GFP_KERNEL pool for atomic allocations
May 09 20:39:02 nixos kernel: DMA: preallocated 2048 KiB GFP_KERNEL|GFP_DMA pool for atomic allocations
May 09 20:39:02 nixos kernel: DMA: preallocated 2048 KiB GFP_KERNEL|GFP_DMA32 pool for atomic allocations
May 09 20:39:02 nixos kernel: audit: initializing netlink subsys (disabled)
May 09 20:39:02 nixos kernel: audit: type=2000 audit(1778323142.158:1): state=initialized audit_enabled=0 res=1
May 09 20:39:02 nixos kernel: thermal_sys: Registered thermal governor 'fair_share'
May 09 20:39:02 nixos kernel: thermal_sys: Registered thermal governor 'bang_bang'
May 09 20:39:02 nixos kernel: thermal_sys: Registered thermal governor 'step_wise'
May 09 20:39:02 nixos kernel: thermal_sys: Registered thermal governor 'user_space'
May 09 20:39:02 nixos kernel: thermal_sys: Registered thermal governor 'power_allocator'
May 09 20:39:02 nixos kernel: cpuidle: using governor menu
May 09 20:39:02 nixos kernel: efi: Freeing EFI boot services memory: 70828K
May 09 20:39:02 nixos kernel: acpiphp: ACPI Hot Plug PCI Controller Driver version: 0.5
May 09 20:39:02 nixos kernel: PCI: ECAM [mem 0xf0000000-0xf7ffffff] (base 0xf0000000) for domain 0000 [bus 00-7f]
May 09 20:39:02 nixos kernel: PCI: Using configuration type 1 for base access
May 09 20:39:02 nixos kernel: kprobes: kprobe jump-optimization is enabled. All kprobes are optimized if possible.
May 09 20:39:02 nixos kernel: HugeTLB: registered 1.00 GiB page size, pre-allocated 0 pages
May 09 20:39:02 nixos kernel: HugeTLB: 16380 KiB vmemmap can be freed for a 1.00 GiB page
May 09 20:39:02 nixos kernel: HugeTLB: registered 2.00 MiB page size, pre-allocated 0 pages
May 09 20:39:02 nixos kernel: HugeTLB: 28 KiB vmemmap can be freed for a 2.00 MiB page
May 09 20:39:02 nixos kernel: ACPI: Added _OSI(Module Device)
May 09 20:39:02 nixos kernel: ACPI: Added _OSI(Processor Device)
May 09 20:39:02 nixos kernel: ACPI: Added _OSI(Processor Aggregator Device)
May 09 20:39:02 nixos kernel: ACPI: 9 ACPI AML tables successfully acquired and loaded
May 09 20:39:02 nixos kernel: ACPI: [Firmware Bug]: BIOS _OSI(Linux) query ignored
May 09 20:39:02 nixos kernel: ACPI: \_SB_: platform _OSC: OS support mask [002e7eff]
May 09 20:39:02 nixos kernel: ACPI: Interpreter enabled
May 09 20:39:02 nixos kernel: ACPI: PM: (supports S0 S3 S4 S5)
May 09 20:39:02 nixos kernel: ACPI: Using IOAPIC for interrupt routing
May 09 20:39:02 nixos kernel: PCI: Using host bridge windows from ACPI; if necessary, use "pci=nocrs" and report a bug
May 09 20:39:02 nixos kernel: PCI: Ignoring E820 reservations for host bridge windows
May 09 20:39:02 nixos kernel: ACPI: Enabled 5 GPEs in block 00 to 1F
May 09 20:39:02 nixos kernel: ACPI: PCI Root Bridge [PCI0] (domain 0000 [bus 00-ff])
May 09 20:39:02 nixos kernel: acpi PNP0A08:00: _OSC: OS supports [ExtendedConfig ASPM ClockPM Segments MSI HPX-Type3]
May 09 20:39:02 nixos kernel: acpi PNP0A08:00: _OSC: platform does not support [LTR]
May 09 20:39:02 nixos kernel: acpi PNP0A08:00: _OSC: OS now controls [PCIeHotplug PME PCIeCapability]
May 09 20:39:02 nixos kernel: acpi PNP0A08:00: [Firmware Info]: ECAM [mem 0xf0000000-0xf7ffffff] for domain 0000 [bus 00-7f] only partially covers this bridge
May 09 20:39:02 nixos kernel: PCI host bridge to bus 0000:00
May 09 20:39:02 nixos kernel: pci_bus 0000:00: root bus resource [io  0x0000-0x03af window]
May 09 20:39:02 nixos kernel: pci_bus 0000:00: root bus resource [io  0x03e0-0x0cf7 window]
May 09 20:39:02 nixos kernel: pci_bus 0000:00: root bus resource [io  0x03b0-0x03df window]
May 09 20:39:02 nixos kernel: pci_bus 0000:00: root bus resource [io  0x0d00-0xffff window]
May 09 20:39:02 nixos kernel: pci_bus 0000:00: root bus resource [mem 0x000a0000-0x000dffff window]
May 09 20:39:02 nixos kernel: pci_bus 0000:00: root bus resource [mem 0xd0000000-0xfcffffff window]
May 09 20:39:02 nixos kernel: pci_bus 0000:00: root bus resource [mem 0x430000000-0x7fffffffff window]
May 09 20:39:02 nixos kernel: pci_bus 0000:00: root bus resource [bus 00-ff]
May 09 20:39:02 nixos kernel: pci 0000:00:00.0: [1022:1630] type 00 class 0x060000 conventional PCI endpoint
May 09 20:39:02 nixos kernel: pci 0000:00:00.2: [1022:1631] type 00 class 0x080600 conventional PCI endpoint
May 09 20:39:02 nixos kernel: pci 0000:00:01.0: [1022:1632] type 00 class 0x060000 conventional PCI endpoint
May 09 20:39:02 nixos kernel: pci 0000:00:01.1: [1022:1633] type 01 class 0x060400 PCIe Root Port
May 09 20:39:02 nixos kernel: pci 0000:00:01.1: PCI bridge to [bus 01]
May 09 20:39:02 nixos kernel: pci 0000:00:01.1:   bridge window [io  0xf000-0xffff]
May 09 20:39:02 nixos kernel: pci 0000:00:01.1:   bridge window [mem 0xfb000000-0xfc0fffff]
May 09 20:39:02 nixos kernel: pci 0000:00:01.1:   bridge window [mem 0x7fe0000000-0x7ff20fffff 64bit pref]
May 09 20:39:02 nixos kernel: pci 0000:00:01.1: PME# supported from D0 D3hot D3cold
May 09 20:39:02 nixos kernel: pci 0000:00:02.0: [1022:1632] type 00 class 0x060000 conventional PCI endpoint
May 09 20:39:02 nixos kernel: pci 0000:00:02.1: [1022:1634] type 01 class 0x060400 PCIe Root Port
May 09 20:39:02 nixos kernel: pci 0000:00:02.1: PCI bridge to [bus 02-0a]
May 09 20:39:02 nixos kernel: pci 0000:00:02.1:   bridge window [io  0xe000-0xefff]
May 09 20:39:02 nixos kernel: pci 0000:00:02.1:   bridge window [mem 0xfc600000-0xfc9fffff]
May 09 20:39:02 nixos kernel: pci 0000:00:02.1: enabling Extended Tags
May 09 20:39:02 nixos kernel: pci 0000:00:02.1: PME# supported from D0 D3hot D3cold
May 09 20:39:02 nixos kernel: pci 0000:00:08.0: [1022:1632] type 00 class 0x060000 conventional PCI endpoint
May 09 20:39:02 nixos kernel: pci 0000:00:08.1: [1022:1635] type 01 class 0x060400 PCIe Root Port
May 09 20:39:02 nixos kernel: pci 0000:00:08.1: PCI bridge to [bus 0b]
May 09 20:39:02 nixos kernel: pci 0000:00:08.1:   bridge window [mem 0xfc200000-0xfc5fffff]
May 09 20:39:02 nixos kernel: pci 0000:00:08.1: enabling Extended Tags
May 09 20:39:02 nixos kernel: pci 0000:00:08.1: PME# supported from D0 D3hot D3cold
May 09 20:39:02 nixos kernel: pci 0000:00:14.0: [1022:790b] type 00 class 0x0c0500 conventional PCI endpoint
May 09 20:39:02 nixos kernel: pci 0000:00:14.3: [1022:790e] type 00 class 0x060100 conventional PCI endpoint
May 09 20:39:02 nixos kernel: pci 0000:00:18.0: [1022:166a] type 00 class 0x060000 conventional PCI endpoint
May 09 20:39:02 nixos kernel: pci 0000:00:18.1: [1022:166b] type 00 class 0x060000 conventional PCI endpoint
May 09 20:39:02 nixos kernel: pci 0000:00:18.2: [1022:166c] type 00 class 0x060000 conventional PCI endpoint
May 09 20:39:02 nixos kernel: pci 0000:00:18.3: [1022:166d] type 00 class 0x060000 conventional PCI endpoint
May 09 20:39:02 nixos kernel: pci 0000:00:18.4: [1022:166e] type 00 class 0x060000 conventional PCI endpoint
May 09 20:39:02 nixos kernel: pci 0000:00:18.5: [1022:166f] type 00 class 0x060000 conventional PCI endpoint
May 09 20:39:02 nixos kernel: pci 0000:00:18.6: [1022:1670] type 00 class 0x060000 conventional PCI endpoint
May 09 20:39:02 nixos kernel: pci 0000:00:18.7: [1022:1671] type 00 class 0x060000 conventional PCI endpoint
May 09 20:39:02 nixos kernel: pci 0000:01:00.0: [10de:1e81] type 00 class 0x030000 PCIe Legacy Endpoint
May 09 20:39:02 nixos kernel: pci 0000:01:00.0: BAR 0 [mem 0xfb000000-0xfbffffff]
May 09 20:39:02 nixos kernel: pci 0000:01:00.0: BAR 1 [mem 0x7fe0000000-0x7fefffffff 64bit pref]
May 09 20:39:02 nixos kernel: pci 0000:01:00.0: BAR 3 [mem 0x7ff0000000-0x7ff1ffffff 64bit pref]
May 09 20:39:02 nixos kernel: pci 0000:01:00.0: BAR 5 [io  0xf000-0xf07f]
May 09 20:39:02 nixos kernel: pci 0000:01:00.0: ROM [mem 0xfc000000-0xfc07ffff pref]
May 09 20:39:02 nixos kernel: pci 0000:01:00.0: PME# supported from D0 D3hot D3cold
May 09 20:39:02 nixos kernel: pci 0000:01:00.0: 32.000 Gb/s available PCIe bandwidth, limited by 2.5 GT/s PCIe x16 link at 0000:00:01.1 (capable of 126.016 Gb/s with 8.0 GT/s PCIe x16 link)
May 09 20:39:02 nixos kernel: pci 0000:01:00.1: [10de:10f8] type 00 class 0x040300 PCIe Endpoint
May 09 20:39:02 nixos kernel: pci 0000:01:00.1: BAR 0 [mem 0xfc080000-0xfc083fff]
May 09 20:39:02 nixos kernel: pci 0000:01:00.2: [10de:1ad8] type 00 class 0x0c0330 PCIe Endpoint
May 09 20:39:02 nixos kernel: pci 0000:01:00.2: BAR 0 [mem 0x7ff2000000-0x7ff203ffff 64bit pref]
May 09 20:39:02 nixos kernel: pci 0000:01:00.2: BAR 3 [mem 0x7ff2040000-0x7ff204ffff 64bit pref]
May 09 20:39:02 nixos kernel: pci 0000:01:00.2: PME# supported from D0 D3hot D3cold
May 09 20:39:02 nixos kernel: pci 0000:01:00.3: [10de:1ad9] type 00 class 0x0c8000 PCIe Endpoint
May 09 20:39:02 nixos kernel: pci 0000:01:00.3: BAR 0 [mem 0xfc084000-0xfc084fff]
May 09 20:39:02 nixos kernel: pci 0000:01:00.3: PME# supported from D0 D3hot D3cold
May 09 20:39:02 nixos kernel: pci 0000:00:01.1: PCI bridge to [bus 01]
May 09 20:39:02 nixos kernel: pci 0000:02:00.0: [1022:43ee] type 00 class 0x0c0330 PCIe Legacy Endpoint
May 09 20:39:02 nixos kernel: pci 0000:02:00.0: BAR 0 [mem 0xfc9a0000-0xfc9a7fff 64bit]
May 09 20:39:02 nixos kernel: pci 0000:02:00.0: enabling Extended Tags
May 09 20:39:02 nixos kernel: pci 0000:02:00.0: PME# supported from D3hot D3cold
May 09 20:39:02 nixos kernel: pci 0000:02:00.1: [1022:43eb] type 00 class 0x010601 PCIe Legacy Endpoint
May 09 20:39:02 nixos kernel: pci 0000:02:00.1: BAR 5 [mem 0xfc980000-0xfc99ffff]
May 09 20:39:02 nixos kernel: pci 0000:02:00.1: ROM [mem 0xfc900000-0xfc97ffff pref]
May 09 20:39:02 nixos kernel: pci 0000:02:00.1: enabling Extended Tags
May 09 20:39:02 nixos kernel: pci 0000:02:00.1: PME# supported from D3hot D3cold
May 09 20:39:02 nixos kernel: pci 0000:02:00.2: [1022:43e9] type 01 class 0x060400 PCIe Switch Upstream Port
May 09 20:39:02 nixos kernel: pci 0000:02:00.2: PCI bridge to [bus 03-0a]
May 09 20:39:02 nixos kernel: pci 0000:02:00.2:   bridge window [io  0xe000-0xefff]
May 09 20:39:02 nixos kernel: pci 0000:02:00.2:   bridge window [mem 0xfc600000-0xfc8fffff]
May 09 20:39:02 nixos kernel: pci 0000:02:00.2: enabling Extended Tags
May 09 20:39:02 nixos kernel: pci 0000:02:00.2: PME# supported from D3hot D3cold
May 09 20:39:02 nixos kernel: pci 0000:00:02.1: PCI bridge to [bus 02-0a]
May 09 20:39:02 nixos kernel: pci 0000:03:00.0: [1022:43ea] type 01 class 0x060400 PCIe Switch Downstream Port
May 09 20:39:02 nixos kernel: pci 0000:03:00.0: PCI bridge to [bus 04]
May 09 20:39:02 nixos kernel: pci 0000:03:00.0: enabling Extended Tags
May 09 20:39:02 nixos kernel: pci 0000:03:00.0: PME# supported from D3hot D3cold
May 09 20:39:02 nixos kernel: pci 0000:03:01.0: [1022:43ea] type 01 class 0x060400 PCIe Switch Downstream Port
May 09 20:39:02 nixos kernel: pci 0000:03:01.0: PCI bridge to [bus 05]
May 09 20:39:02 nixos kernel: pci 0000:03:01.0: enabling Extended Tags
May 09 20:39:02 nixos kernel: pci 0000:03:01.0: PME# supported from D3hot D3cold
May 09 20:39:02 nixos kernel: pci 0000:03:02.0: [1022:43ea] type 01 class 0x060400 PCIe Switch Downstream Port
May 09 20:39:02 nixos kernel: pci 0000:03:02.0: PCI bridge to [bus 06]
May 09 20:39:02 nixos kernel: pci 0000:03:02.0: enabling Extended Tags
May 09 20:39:02 nixos kernel: pci 0000:03:02.0: PME# supported from D3hot D3cold
May 09 20:39:02 nixos kernel: pci 0000:03:03.0: [1022:43ea] type 01 class 0x060400 PCIe Switch Downstream Port
May 09 20:39:02 nixos kernel: pci 0000:03:03.0: PCI bridge to [bus 07]
May 09 20:39:02 nixos kernel: pci 0000:03:03.0: enabling Extended Tags
May 09 20:39:02 nixos kernel: pci 0000:03:03.0: PME# supported from D3hot D3cold
May 09 20:39:02 nixos kernel: pci 0000:03:04.0: [1022:43ea] type 01 class 0x060400 PCIe Switch Downstream Port
May 09 20:39:02 nixos kernel: pci 0000:03:04.0: PCI bridge to [bus 08]
May 09 20:39:02 nixos kernel: pci 0000:03:04.0:   bridge window [mem 0xfc800000-0xfc8fffff]
May 09 20:39:02 nixos kernel: pci 0000:03:04.0: enabling Extended Tags
May 09 20:39:02 nixos kernel: pci 0000:03:04.0: PME# supported from D3hot D3cold
May 09 20:39:02 nixos kernel: pci 0000:03:08.0: [1022:43ea] type 01 class 0x060400 PCIe Switch Downstream Port
May 09 20:39:02 nixos kernel: pci 0000:03:08.0: PCI bridge to [bus 09]
May 09 20:39:02 nixos kernel: pci 0000:03:08.0:   bridge window [mem 0xfc700000-0xfc7fffff]
May 09 20:39:02 nixos kernel: pci 0000:03:08.0: enabling Extended Tags
May 09 20:39:02 nixos kernel: pci 0000:03:08.0: PME# supported from D3hot D3cold
May 09 20:39:02 nixos kernel: pci 0000:03:09.0: [1022:43ea] type 01 class 0x060400 PCIe Switch Downstream Port
May 09 20:39:02 nixos kernel: pci 0000:03:09.0: PCI bridge to [bus 0a]
May 09 20:39:02 nixos kernel: pci 0000:03:09.0:   bridge window [io  0xe000-0xefff]
May 09 20:39:02 nixos kernel: pci 0000:03:09.0:   bridge window [mem 0xfc600000-0xfc6fffff]
May 09 20:39:02 nixos kernel: pci 0000:03:09.0: enabling Extended Tags
May 09 20:39:02 nixos kernel: pci 0000:03:09.0: PME# supported from D3hot D3cold
May 09 20:39:02 nixos kernel: pci 0000:02:00.2: PCI bridge to [bus 03-0a]
May 09 20:39:02 nixos kernel: pci 0000:03:00.0: PCI bridge to [bus 04]
May 09 20:39:02 nixos kernel: pci 0000:03:01.0: PCI bridge to [bus 05]
May 09 20:39:02 nixos kernel: pci 0000:03:02.0: PCI bridge to [bus 06]
May 09 20:39:02 nixos kernel: pci 0000:03:03.0: PCI bridge to [bus 07]
May 09 20:39:02 nixos kernel: pci 0000:08:00.0: [144d:a808] type 00 class 0x010802 PCIe Endpoint
May 09 20:39:02 nixos kernel: pci 0000:08:00.0: BAR 0 [mem 0xfc800000-0xfc803fff 64bit]
May 09 20:39:02 nixos kernel: pci 0000:03:04.0: PCI bridge to [bus 08]
May 09 20:39:02 nixos kernel: pci 0000:09:00.0: [8086:2723] type 00 class 0x028000 PCIe Endpoint
May 09 20:39:02 nixos kernel: pci 0000:09:00.0: BAR 0 [mem 0xfc700000-0xfc703fff 64bit]
May 09 20:39:02 nixos kernel: pci 0000:09:00.0: PME# supported from D0 D3hot D3cold
May 09 20:39:02 nixos kernel: pci 0000:03:08.0: PCI bridge to [bus 09]
May 09 20:39:02 nixos kernel: pci 0000:0a:00.0: [10ec:8168] type 00 class 0x020000 PCIe Endpoint
May 09 20:39:02 nixos kernel: pci 0000:0a:00.0: BAR 0 [io  0xe000-0xe0ff]
May 09 20:39:02 nixos kernel: pci 0000:0a:00.0: BAR 2 [mem 0xfc604000-0xfc604fff 64bit]
May 09 20:39:02 nixos kernel: pci 0000:0a:00.0: BAR 4 [mem 0xfc600000-0xfc603fff 64bit]
May 09 20:39:02 nixos kernel: pci 0000:0a:00.0: supports D1 D2
May 09 20:39:02 nixos kernel: pci 0000:0a:00.0: PME# supported from D0 D1 D2 D3hot D3cold
May 09 20:39:02 nixos kernel: pci 0000:03:09.0: PCI bridge to [bus 0a]
May 09 20:39:02 nixos kernel: pci 0000:0b:00.0: [1022:145a] type 00 class 0x130000 PCIe Legacy Endpoint
May 09 20:39:02 nixos kernel: pci 0000:0b:00.0: enabling Extended Tags
May 09 20:39:02 nixos kernel: pci 0000:0b:00.1: [1002:1637] type 00 class 0x040300 PCIe Legacy Endpoint
May 09 20:39:02 nixos kernel: pci 0000:0b:00.1: BAR 0 [mem 0xfc508000-0xfc50bfff]
May 09 20:39:02 nixos kernel: pci 0000:0b:00.1: enabling Extended Tags
May 09 20:39:02 nixos kernel: pci 0000:0b:00.1: PME# supported from D1 D2 D3hot D3cold
May 09 20:39:02 nixos kernel: pci 0000:0b:00.2: [1022:15df] type 00 class 0x108000 PCIe Endpoint
May 09 20:39:02 nixos kernel: pci 0000:0b:00.2: BAR 2 [mem 0xfc400000-0xfc4fffff]
May 09 20:39:02 nixos kernel: pci 0000:0b:00.2: BAR 5 [mem 0xfc50c000-0xfc50dfff]
May 09 20:39:02 nixos kernel: pci 0000:0b:00.2: enabling Extended Tags
May 09 20:39:02 nixos kernel: pci 0000:0b:00.3: [1022:1639] type 00 class 0x0c0330 PCIe Endpoint
May 09 20:39:02 nixos kernel: pci 0000:0b:00.3: BAR 0 [mem 0xfc300000-0xfc3fffff 64bit]
May 09 20:39:02 nixos kernel: pci 0000:0b:00.3: enabling Extended Tags
May 09 20:39:02 nixos kernel: pci 0000:0b:00.3: PME# supported from D0 D3hot D3cold
May 09 20:39:02 nixos kernel: pci 0000:0b:00.4: [1022:1639] type 00 class 0x0c0330 PCIe Endpoint
May 09 20:39:02 nixos kernel: pci 0000:0b:00.4: BAR 0 [mem 0xfc200000-0xfc2fffff 64bit]
May 09 20:39:02 nixos kernel: pci 0000:0b:00.4: enabling Extended Tags
May 09 20:39:02 nixos kernel: pci 0000:0b:00.4: PME# supported from D0 D3hot D3cold
May 09 20:39:02 nixos kernel: pci 0000:0b:00.6: [1022:15e3] type 00 class 0x040300 PCIe Endpoint
May 09 20:39:02 nixos kernel: pci 0000:0b:00.6: BAR 0 [mem 0xfc500000-0xfc507fff]
May 09 20:39:02 nixos kernel: pci 0000:0b:00.6: enabling Extended Tags
May 09 20:39:02 nixos kernel: pci 0000:0b:00.6: PME# supported from D0 D3hot D3cold
May 09 20:39:02 nixos kernel: pci 0000:00:08.1: PCI bridge to [bus 0b]
May 09 20:39:02 nixos kernel: ACPI: PCI: Interrupt link LNKA configured for IRQ 0
May 09 20:39:02 nixos kernel: ACPI: PCI: Interrupt link LNKB configured for IRQ 0
May 09 20:39:02 nixos kernel: ACPI: PCI: Interrupt link LNKC configured for IRQ 0
May 09 20:39:02 nixos kernel: ACPI: PCI: Interrupt link LNKD configured for IRQ 0
May 09 20:39:02 nixos kernel: ACPI: PCI: Interrupt link LNKE configured for IRQ 0
May 09 20:39:02 nixos kernel: ACPI: PCI: Interrupt link LNKF configured for IRQ 0
May 09 20:39:02 nixos kernel: ACPI: PCI: Interrupt link LNKG configured for IRQ 0
May 09 20:39:02 nixos kernel: ACPI: PCI: Interrupt link LNKH configured for IRQ 0
May 09 20:39:02 nixos kernel: iommu: Default domain type: Translated
May 09 20:39:02 nixos kernel: iommu: DMA domain TLB invalidation policy: lazy mode
May 09 20:39:02 nixos kernel: ACPI: bus type USB registered
May 09 20:39:02 nixos kernel: usbcore: registered new interface driver usbfs
May 09 20:39:02 nixos kernel: usbcore: registered new interface driver hub
May 09 20:39:02 nixos kernel: usbcore: registered new device driver usb
May 09 20:39:02 nixos kernel: efivars: Registered efivars operations
May 09 20:39:02 nixos kernel: NetLabel: Initializing
May 09 20:39:02 nixos kernel: NetLabel:  domain hash size = 128
May 09 20:39:02 nixos kernel: NetLabel:  protocols = UNLABELED CIPSOv4 CALIPSO
May 09 20:39:02 nixos kernel: NetLabel:  unlabeled traffic allowed by default
May 09 20:39:02 nixos kernel: PCI: Using ACPI for IRQ routing
May 09 20:39:02 nixos kernel: PCI: pci_cache_line_size set to 64 bytes
May 09 20:39:02 nixos kernel: e820: register RAM buffer resource [mem 0x09d1f000-0x0bffffff]
May 09 20:39:02 nixos kernel: e820: register RAM buffer resource [mem 0x0a200000-0x0bffffff]
May 09 20:39:02 nixos kernel: e820: register RAM buffer resource [mem 0x0b000000-0x0bffffff]
May 09 20:39:02 nixos kernel: e820: register RAM buffer resource [mem 0xbefbf000-0xbfffffff]
May 09 20:39:02 nixos kernel: e820: register RAM buffer resource [mem 0xc23d6000-0xc3ffffff]
May 09 20:39:02 nixos kernel: e820: register RAM buffer resource [mem 0xc3aea000-0xc3ffffff]
May 09 20:39:02 nixos kernel: e820: register RAM buffer resource [mem 0x42e300000-0x42fffffff]
May 09 20:39:02 nixos kernel: pci 0000:01:00.0: vgaarb: setting as boot VGA device
May 09 20:39:02 nixos kernel: pci 0000:01:00.0: vgaarb: bridge control possible
May 09 20:39:02 nixos kernel: pci 0000:01:00.0: vgaarb: VGA device added: decodes=io+mem,owns=none,locks=none
May 09 20:39:02 nixos kernel: vgaarb: loaded
May 09 20:39:02 nixos kernel: hpet0: at MMIO 0xfed00000, IRQs 2, 8, 0
May 09 20:39:02 nixos kernel: hpet0: 3 comparators, 32-bit 14.318180 MHz counter
May 09 20:39:02 nixos kernel: clocksource: Switched to clocksource tsc-early
May 09 20:39:02 nixos kernel: VFS: Disk quotas dquot_6.6.0
May 09 20:39:02 nixos kernel: VFS: Dquot-cache hash table entries: 512 (order 0, 4096 bytes)
May 09 20:39:02 nixos kernel: acpi PNP0C01:00: Reserved [mem 0xf0000000-0xf7ffffff]
May 09 20:39:02 nixos kernel: acpi PNP0C02:00: Reserved [mem 0xfeb80000-0xfebfffff]
May 09 20:39:02 nixos kernel: acpi PNP0C02:01: Could not reserve [mem 0x1000000000000 window]
May 09 20:39:02 nixos kernel: acpi PNP0C02:02: Reserved [mem 0xfd200000-0xfd2fffff]
May 09 20:39:02 nixos kernel: acpi PNP0C02:03: Reserved [io  0x0290-0x029f]
May 09 20:39:02 nixos kernel: acpi PNP0C02:03: Reserved [io  0x0200-0x021f]
May 09 20:39:02 nixos kernel: acpi PNP0C02:04: Skipped [io  0x0010-0x001f]
May 09 20:39:02 nixos kernel: acpi PNP0C02:04: Skipped [io  0x0022-0x003f]
May 09 20:39:02 nixos kernel: acpi PNP0C02:04: Skipped [io  0x0063]
May 09 20:39:02 nixos kernel: acpi PNP0C02:04: Skipped [io  0x0065]
May 09 20:39:02 nixos kernel: acpi PNP0C02:04: Skipped [io  0x0067-0x006f]
May 09 20:39:02 nixos kernel: acpi PNP0C02:04: Skipped [io  0x0072-0x007f]
May 09 20:39:02 nixos kernel: acpi PNP0C02:04: Skipped [io  0x0080]
May 09 20:39:02 nixos kernel: acpi PNP0C02:04: Skipped [io  0x0084-0x0086]
May 09 20:39:02 nixos kernel: acpi PNP0C02:04: Skipped [io  0x0088]
May 09 20:39:02 nixos kernel: acpi PNP0C02:04: Skipped [io  0x008c-0x008e]
May 09 20:39:02 nixos kernel: acpi PNP0C02:04: Skipped [io  0x0090-0x009f]
May 09 20:39:02 nixos kernel: acpi PNP0C02:04: Skipped [io  0x00a2-0x00bf]
May 09 20:39:02 nixos kernel: acpi PNP0C02:04: Skipped [io  0x00b1]
May 09 20:39:02 nixos kernel: acpi PNP0C02:04: Skipped [io  0x00e0-0x00ef]
May 09 20:39:02 nixos kernel: acpi PNP0C02:04: Reserved [io  0x04d0-0x04d1]
May 09 20:39:02 nixos kernel: acpi PNP0C02:04: Reserved [io  0x040b]
May 09 20:39:02 nixos kernel: acpi PNP0C02:04: Reserved [io  0x04d6]
May 09 20:39:02 nixos kernel: acpi PNP0C02:04: Reserved [io  0x0c00-0x0c01]
May 09 20:39:02 nixos kernel: acpi PNP0C02:04: Reserved [io  0x0c14]
May 09 20:39:02 nixos kernel: acpi PNP0C02:04: Reserved [io  0x0c50-0x0c51]
May 09 20:39:02 nixos kernel: acpi PNP0C02:04: Reserved [io  0x0c52]
May 09 20:39:02 nixos kernel: acpi PNP0C02:04: Reserved [io  0x0c6c]
May 09 20:39:02 nixos kernel: acpi PNP0C02:04: Reserved [io  0x0c6f]
May 09 20:39:02 nixos kernel: acpi PNP0C02:04: Reserved [io  0x0cd8-0x0cdf]
May 09 20:39:02 nixos kernel: acpi PNP0C02:04: Reserved [io  0x0800-0x089f]
May 09 20:39:02 nixos kernel: acpi PNP0C02:04: Reserved [io  0x0b00-0x0b0f]
May 09 20:39:02 nixos kernel: acpi PNP0C02:04: Reserved [io  0x0b20-0x0b3f]
May 09 20:39:02 nixos kernel: acpi PNP0C02:04: Reserved [io  0x0900-0x090f]
May 09 20:39:02 nixos kernel: acpi PNP0C02:04: Reserved [io  0x0910-0x091f]
May 09 20:39:02 nixos kernel: acpi PNP0C02:04: Could not reserve [mem 0xfec00000-0xfec00fff]
May 09 20:39:02 nixos kernel: acpi PNP0C02:04: Could not reserve [mem 0xfec01000-0xfec01fff]
May 09 20:39:02 nixos kernel: acpi PNP0C02:04: Reserved [mem 0xfedc0000-0xfedc0fff]
May 09 20:39:02 nixos kernel: acpi PNP0C02:04: Reserved [mem 0xfee00000-0xfee00fff]
May 09 20:39:02 nixos kernel: acpi PNP0C02:04: Could not reserve [mem 0xfed80000-0xfed8ffff]
May 09 20:39:02 nixos kernel: acpi PNP0C02:04: Reserved [mem 0xfec10000-0xfec10fff]
May 09 20:39:02 nixos kernel: acpi PNP0C02:04: Reserved [mem 0xff000000-0xffffffff]
May 09 20:39:02 nixos kernel: pnp: PnP ACPI init
May 09 20:39:02 nixos kernel: pnp 00:01: [dma 0 disabled]
May 09 20:39:02 nixos kernel: pnp: PnP ACPI: found 2 devices
May 09 20:39:02 nixos kernel: clocksource: acpi_pm: mask: 0xffffff max_cycles: 0xffffff, max_idle_ns: 2085701024 ns
May 09 20:39:02 nixos kernel: NET: Registered PF_INET protocol family
May 09 20:39:02 nixos kernel: IP idents hash table entries: 262144 (order: 9, 2097152 bytes, linear)
May 09 20:39:02 nixos kernel: tcp_listen_portaddr_hash hash table entries: 8192 (order: 5, 131072 bytes, linear)
May 09 20:39:02 nixos kernel: Table-perturb hash table entries: 65536 (order: 6, 262144 bytes, linear)
May 09 20:39:02 nixos kernel: TCP established hash table entries: 131072 (order: 8, 1048576 bytes, linear)
May 09 20:39:02 nixos kernel: TCP bind hash table entries: 65536 (order: 9, 2097152 bytes, linear)
May 09 20:39:02 nixos kernel: TCP: Hash tables configured (established 131072 bind 65536)
May 09 20:39:02 nixos kernel: MPTCP token hash table entries: 16384 (order: 7, 393216 bytes, linear)
May 09 20:39:02 nixos kernel: UDP hash table entries: 8192 (order: 7, 524288 bytes, linear)
May 09 20:39:02 nixos kernel: UDP-Lite hash table entries: 8192 (order: 7, 524288 bytes, linear)
May 09 20:39:02 nixos kernel: NET: Registered PF_UNIX/PF_LOCAL protocol family
May 09 20:39:02 nixos kernel: NET: Registered PF_XDP protocol family
May 09 20:39:02 nixos kernel: pci 0000:00:01.1: PCI bridge to [bus 01]
May 09 20:39:02 nixos kernel: pci 0000:00:01.1:   bridge window [io  0xf000-0xffff]
May 09 20:39:02 nixos kernel: pci 0000:00:01.1:   bridge window [mem 0xfb000000-0xfc0fffff]
May 09 20:39:02 nixos kernel: pci 0000:00:01.1:   bridge window [mem 0x7fe0000000-0x7ff20fffff 64bit pref]
May 09 20:39:02 nixos kernel: pci 0000:03:00.0: PCI bridge to [bus 04]
May 09 20:39:02 nixos kernel: pci 0000:03:01.0: PCI bridge to [bus 05]
May 09 20:39:02 nixos kernel: pci 0000:03:02.0: PCI bridge to [bus 06]
May 09 20:39:02 nixos kernel: pci 0000:03:03.0: PCI bridge to [bus 07]
May 09 20:39:02 nixos kernel: pci 0000:03:04.0: PCI bridge to [bus 08]
May 09 20:39:02 nixos kernel: pci 0000:03:04.0:   bridge window [mem 0xfc800000-0xfc8fffff]
May 09 20:39:02 nixos kernel: pci 0000:03:08.0: PCI bridge to [bus 09]
May 09 20:39:02 nixos kernel: pci 0000:03:08.0:   bridge window [mem 0xfc700000-0xfc7fffff]
May 09 20:39:02 nixos kernel: pci 0000:03:09.0: PCI bridge to [bus 0a]
May 09 20:39:02 nixos kernel: pci 0000:03:09.0:   bridge window [io  0xe000-0xefff]
May 09 20:39:02 nixos kernel: pci 0000:03:09.0:   bridge window [mem 0xfc600000-0xfc6fffff]
May 09 20:39:02 nixos kernel: pci 0000:02:00.2: PCI bridge to [bus 03-0a]
May 09 20:39:02 nixos kernel: pci 0000:02:00.2:   bridge window [io  0xe000-0xefff]
May 09 20:39:02 nixos kernel: pci 0000:02:00.2:   bridge window [mem 0xfc600000-0xfc8fffff]
May 09 20:39:02 nixos kernel: pci 0000:00:02.1: PCI bridge to [bus 02-0a]
May 09 20:39:02 nixos kernel: pci 0000:00:02.1:   bridge window [io  0xe000-0xefff]
May 09 20:39:02 nixos kernel: pci 0000:00:02.1:   bridge window [mem 0xfc600000-0xfc9fffff]
May 09 20:39:02 nixos kernel: pci 0000:00:08.1: PCI bridge to [bus 0b]
May 09 20:39:02 nixos kernel: pci 0000:00:08.1:   bridge window [mem 0xfc200000-0xfc5fffff]
May 09 20:39:02 nixos kernel: pci_bus 0000:00: resource 4 [io  0x0000-0x03af window]
May 09 20:39:02 nixos kernel: pci_bus 0000:00: resource 5 [io  0x03e0-0x0cf7 window]
May 09 20:39:02 nixos kernel: pci_bus 0000:00: resource 6 [io  0x03b0-0x03df window]
May 09 20:39:02 nixos kernel: pci_bus 0000:00: resource 7 [io  0x0d00-0xffff window]
May 09 20:39:02 nixos kernel: pci_bus 0000:00: resource 8 [mem 0x000a0000-0x000dffff window]
May 09 20:39:02 nixos kernel: pci_bus 0000:00: resource 9 [mem 0xd0000000-0xfcffffff window]
May 09 20:39:02 nixos kernel: pci_bus 0000:00: resource 10 [mem 0x430000000-0x7fffffffff window]
May 09 20:39:02 nixos kernel: pci_bus 0000:01: resource 0 [io  0xf000-0xffff]
May 09 20:39:02 nixos kernel: pci_bus 0000:01: resource 1 [mem 0xfb000000-0xfc0fffff]
May 09 20:39:02 nixos kernel: pci_bus 0000:01: resource 2 [mem 0x7fe0000000-0x7ff20fffff 64bit pref]
May 09 20:39:02 nixos kernel: pci_bus 0000:02: resource 0 [io  0xe000-0xefff]
May 09 20:39:02 nixos kernel: pci_bus 0000:02: resource 1 [mem 0xfc600000-0xfc9fffff]
May 09 20:39:02 nixos kernel: pci_bus 0000:03: resource 0 [io  0xe000-0xefff]
May 09 20:39:02 nixos kernel: pci_bus 0000:03: resource 1 [mem 0xfc600000-0xfc8fffff]
May 09 20:39:02 nixos kernel: pci_bus 0000:08: resource 1 [mem 0xfc800000-0xfc8fffff]
May 09 20:39:02 nixos kernel: pci_bus 0000:09: resource 1 [mem 0xfc700000-0xfc7fffff]
May 09 20:39:02 nixos kernel: pci_bus 0000:0a: resource 0 [io  0xe000-0xefff]
May 09 20:39:02 nixos kernel: pci_bus 0000:0a: resource 1 [mem 0xfc600000-0xfc6fffff]
May 09 20:39:02 nixos kernel: pci_bus 0000:0b: resource 1 [mem 0xfc200000-0xfc5fffff]
May 09 20:39:02 nixos kernel: pci 0000:01:00.1: extending delay after power-on from D3hot to 20 msec
May 09 20:39:02 nixos kernel: pci 0000:01:00.1: D0 power state depends on 0000:01:00.0
May 09 20:39:02 nixos kernel: pci 0000:01:00.2: D0 power state depends on 0000:01:00.0
May 09 20:39:02 nixos kernel: pci 0000:01:00.3: D0 power state depends on 0000:01:00.0
May 09 20:39:02 nixos kernel: pci 0000:0b:00.3: extending delay after power-on from D3hot to 20 msec
May 09 20:39:02 nixos kernel: pci 0000:0b:00.4: extending delay after power-on from D3hot to 20 msec
May 09 20:39:02 nixos kernel: PCI: CLS 64 bytes, default 64
May 09 20:39:02 nixos kernel: pci 0000:00:00.2: AMD-Vi: IOMMU performance counters supported
May 09 20:39:02 nixos kernel: Trying to unpack rootfs image as initramfs...
May 09 20:39:02 nixos kernel: pci 0000:00:01.0: Adding to iommu group 0
May 09 20:39:02 nixos kernel: pci 0000:00:01.1: Adding to iommu group 1
May 09 20:39:02 nixos kernel: pci 0000:00:02.0: Adding to iommu group 2
May 09 20:39:02 nixos kernel: pci 0000:00:02.1: Adding to iommu group 3
May 09 20:39:02 nixos kernel: pci 0000:00:08.0: Adding to iommu group 4
May 09 20:39:02 nixos kernel: pci 0000:00:08.1: Adding to iommu group 5
May 09 20:39:02 nixos kernel: pci 0000:00:14.0: Adding to iommu group 6
May 09 20:39:02 nixos kernel: pci 0000:00:14.3: Adding to iommu group 6
May 09 20:39:02 nixos kernel: pci 0000:00:18.0: Adding to iommu group 7
May 09 20:39:02 nixos kernel: pci 0000:00:18.1: Adding to iommu group 7
May 09 20:39:02 nixos kernel: pci 0000:00:18.2: Adding to iommu group 7
May 09 20:39:02 nixos kernel: pci 0000:00:18.3: Adding to iommu group 7
May 09 20:39:02 nixos kernel: pci 0000:00:18.4: Adding to iommu group 7
May 09 20:39:02 nixos kernel: pci 0000:00:18.5: Adding to iommu group 7
May 09 20:39:02 nixos kernel: pci 0000:00:18.6: Adding to iommu group 7
May 09 20:39:02 nixos kernel: pci 0000:00:18.7: Adding to iommu group 7
May 09 20:39:02 nixos kernel: pci 0000:01:00.0: Adding to iommu group 8
May 09 20:39:02 nixos kernel: pci 0000:01:00.1: Adding to iommu group 8
May 09 20:39:02 nixos kernel: pci 0000:01:00.2: Adding to iommu group 8
May 09 20:39:02 nixos kernel: pci 0000:01:00.3: Adding to iommu group 8
May 09 20:39:02 nixos kernel: pci 0000:02:00.0: Adding to iommu group 9
May 09 20:39:02 nixos kernel: pci 0000:02:00.1: Adding to iommu group 9
May 09 20:39:02 nixos kernel: pci 0000:02:00.2: Adding to iommu group 9
May 09 20:39:02 nixos kernel: pci 0000:03:00.0: Adding to iommu group 9
May 09 20:39:02 nixos kernel: pci 0000:03:01.0: Adding to iommu group 9
May 09 20:39:02 nixos kernel: pci 0000:03:02.0: Adding to iommu group 9
May 09 20:39:02 nixos kernel: pci 0000:03:03.0: Adding to iommu group 9
May 09 20:39:02 nixos kernel: pci 0000:03:04.0: Adding to iommu group 9
May 09 20:39:02 nixos kernel: pci 0000:03:08.0: Adding to iommu group 9
May 09 20:39:02 nixos kernel: pci 0000:03:09.0: Adding to iommu group 9
May 09 20:39:02 nixos kernel: pci 0000:08:00.0: Adding to iommu group 9
May 09 20:39:02 nixos kernel: pci 0000:09:00.0: Adding to iommu group 9
May 09 20:39:02 nixos kernel: pci 0000:0a:00.0: Adding to iommu group 9
May 09 20:39:02 nixos kernel: pci 0000:0b:00.0: Adding to iommu group 10
May 09 20:39:02 nixos kernel: pci 0000:0b:00.1: Adding to iommu group 11
May 09 20:39:02 nixos kernel: pci 0000:0b:00.2: Adding to iommu group 12
May 09 20:39:02 nixos kernel: pci 0000:0b:00.3: Adding to iommu group 13
May 09 20:39:02 nixos kernel: pci 0000:0b:00.4: Adding to iommu group 14
May 09 20:39:02 nixos kernel: pci 0000:0b:00.6: Adding to iommu group 15
May 09 20:39:02 nixos kernel: AMD-Vi: Extended features (0x206d73ef22254ade, 0x0): PPR X2APIC NX GT IA GA PC GA_vAPIC
May 09 20:39:02 nixos kernel: AMD-Vi: Interrupt remapping enabled
May 09 20:39:02 nixos kernel: AMD-Vi: X2APIC enabled
May 09 20:39:02 nixos kernel: AMD-Vi: Virtual APIC enabled
May 09 20:39:02 nixos kernel: PCI-DMA: Using software bounce buffering for IO (SWIOTLB)
May 09 20:39:02 nixos kernel: software IO TLB: mapped [mem 0x00000000b26a5000-0x00000000b66a5000] (64MB)
May 09 20:39:02 nixos kernel: LVT offset 0 assigned for vector 0x400
May 09 20:39:02 nixos kernel: perf: AMD IBS detected (0x000003ff)
May 09 20:39:02 nixos kernel: perf/amd_iommu: Detected AMD IOMMU #0 (2 banks, 4 counters/bank).
May 09 20:39:02 nixos kernel: Initialise system trusted keyrings
May 09 20:39:02 nixos kernel: workingset: timestamp_bits=40 max_order=22 bucket_order=0
May 09 20:39:02 nixos kernel: Key type asymmetric registered
May 09 20:39:02 nixos kernel: Asymmetric key parser 'x509' registered
May 09 20:39:02 nixos kernel: Block layer SCSI generic (bsg) driver version 0.4 loaded (major 248)
May 09 20:39:02 nixos kernel: io scheduler mq-deadline registered
May 09 20:39:02 nixos kernel: io scheduler kyber registered
May 09 20:39:02 nixos kernel: pcieport 0000:00:01.1: PME: Signaling with IRQ 28
May 09 20:39:02 nixos kernel: pcieport 0000:00:02.1: PME: Signaling with IRQ 29
May 09 20:39:02 nixos kernel: pcieport 0000:00:08.1: PME: Signaling with IRQ 30
May 09 20:39:02 nixos kernel: Estimated ratio of average max frequency by base frequency (times 1024): 1098
May 09 20:39:02 nixos kernel: Serial: 8250/16550 driver, 4 ports, IRQ sharing enabled
May 09 20:39:02 nixos kernel: 00:01: ttyS0 at I/O 0x3f8 (irq = 4, base_baud = 115200) is a 16550A
May 09 20:39:02 nixos kernel: Linux agpgart interface v0.103
May 09 20:39:02 nixos kernel: tpm_crb MSFT0101:00: Disabling hwrng
May 09 20:39:02 nixos kernel: ACPI: bus type drm_connector registered
May 09 20:39:02 nixos kernel: usbcore: registered new interface driver usbserial_generic
May 09 20:39:02 nixos kernel: usbserial: USB Serial support registered for generic
May 09 20:39:02 nixos kernel: simple-framebuffer simple-framebuffer.0: [drm] Registered 1 planes with drm panic
May 09 20:39:02 nixos kernel: [drm] Initialized simpledrm 1.0.0 for simple-framebuffer.0 on minor 0
May 09 20:39:02 nixos kernel: fbcon: Deferring console take-over
May 09 20:39:02 nixos kernel: simple-framebuffer simple-framebuffer.0: [drm] fb0: simpledrmdrmfb frame buffer device
May 09 20:39:02 nixos kernel: pstore: Using crash dump compression: deflate
May 09 20:39:02 nixos kernel: pstore: Registered efi_pstore as persistent store backend
May 09 20:39:02 nixos kernel: drop_monitor: Initializing network drop monitor service
May 09 20:39:02 nixos kernel: NET: Registered PF_INET6 protocol family
May 09 20:39:02 nixos kernel: Segment Routing with IPv6
May 09 20:39:02 nixos kernel: In-situ OAM (IOAM) with IPv6
May 09 20:39:02 nixos kernel: x86/amd: Previous system reset reason [0x00080800]: software wrote 0x6 to reset control register 0xCF9
May 09 20:39:02 nixos kernel: microcode: Current revision: 0x0a500012
May 09 20:39:02 nixos kernel: microcode: Updated early from: 0x0a500011
May 09 20:39:02 nixos kernel: resctrl: L3 allocation detected
May 09 20:39:02 nixos kernel: resctrl: MB allocation detected
May 09 20:39:02 nixos kernel: resctrl: L3 monitoring detected
May 09 20:39:02 nixos kernel: IPI shorthand broadcast: enabled
May 09 20:39:02 nixos kernel: sched_clock: Marking stable (427877792, 285626)->(551880748, -123717330)
May 09 20:39:02 nixos kernel: registered taskstats version 1
May 09 20:39:02 nixos kernel: Loading compiled-in X.509 certificates
May 09 20:39:02 nixos kernel: Demotion targets for Node 0: null
May 09 20:39:02 nixos kernel: Key type .fscrypt registered
May 09 20:39:02 nixos kernel: Key type fscrypt-provisioning registered
May 09 20:39:02 nixos kernel: ima: Allocated hash algorithm: sha1
May 09 20:39:02 nixos kernel: Freeing initrd memory: 27360K
May 09 20:39:02 nixos kernel: ima: No architecture policies found
May 09 20:39:02 nixos kernel: PM:   Magic number: 10:860:678
May 09 20:39:02 nixos kernel: RAS: Correctable Errors collector initialized.
May 09 20:39:02 nixos kernel: clk: Disabling unused clocks
May 09 20:39:02 nixos kernel: PM: genpd: Disabling unused power domains
May 09 20:39:02 nixos kernel: Freeing unused decrypted memory: 2028K
May 09 20:39:02 nixos kernel: Freeing unused kernel image (initmem) memory: 3692K
May 09 20:39:02 nixos kernel: Write protecting the kernel read-only data: 32768k
May 09 20:39:02 nixos kernel: Freeing unused kernel image (text/rodata gap) memory: 956K
May 09 20:39:02 nixos kernel: Freeing unused kernel image (rodata/data gap) memory: 540K
May 09 20:39:02 nixos kernel: x86/mm: Checked W+X mappings: passed, no W+X pages found.
May 09 20:39:02 nixos kernel: Run /init as init process
May 09 20:39:02 nixos kernel:   with arguments:
May 09 20:39:02 nixos kernel:     /init
May 09 20:39:02 nixos kernel:   with environment:
May 09 20:39:02 nixos kernel:     HOME=/
May 09 20:39:02 nixos kernel:     TERM=linux
May 09 20:39:02 nixos systemd[1]: Inserted module 'autofs4'
May 09 20:39:02 nixos systemd[1]: Successfully made /usr/ read-only.
May 09 20:39:02 nixos systemd[1]: systemd 260.1 running in system mode (+PAM +AUDIT -SELINUX +APPARMOR +IMA +IPE +SMACK +SECCOMP +GCRYPT -GNUTLS +OPENSSL +ACL +BLKID +CURL +ELFUTILS +FIDO2 +IDN2 +KMOD +LIBCRYPTSETUP +LIBCRYPTSETUP_PLUGINS +LIBFDISK +PCRE2 +PWQUALITY +P11KIT +QRENCODE +TPM2 +BZIP2 +LZ4 +XZ +ZLIB +ZSTD +BPF_FRAMEWORK -BTF -XKBCOMMON +UTMP +LIBARCHIVE)
May 09 20:39:02 nixos systemd[1]: Detected architecture x86-64.
May 09 20:39:02 nixos systemd[1]: Running in initrd.
May 09 20:39:02 nixos kernel: fbcon: Taking over console
May 09 20:39:02 nixos kernel: Console: switching to colour frame buffer device 128x48
May 09 20:39:02 nixos systemd[1]: Initializing machine ID from random generator.
May 09 20:39:02 nixos systemd[1]: No hostname configured, using default hostname.
May 09 20:39:02 nixos systemd[1]: Hostname set to <nixos>.
May 09 20:39:02 nixos systemd[1]: Queued start job for default target Initrd Default Target.
May 09 20:39:02 nixos systemd[1]: Created slice Slice /system/modprobe.
May 09 20:39:02 nixos systemd[1]: Created slice Slice /system/systemd-cryptsetup.
May 09 20:39:02 nixos systemd[1]: Started Dispatch Password Requests to Console Directory Watch.
May 09 20:39:02 nixos systemd[1]: Expecting device /dev/disk/by-label/swap...
May 09 20:39:02 nixos systemd[1]: Expecting device /dev/disk/by-uuid/139a8d8a-d234-450e-9c90-4f633e8c3b8c...
May 09 20:39:02 nixos systemd[1]: Expecting device /dev/disk/by-uuid/6b47e646-e650-485d-a0ad-2feb337506e4...
May 09 20:39:02 nixos systemd[1]: Reached target Path Units.
May 09 20:39:02 nixos systemd[1]: Reached target Slice Units.
May 09 20:39:02 nixos systemd[1]: Reached target Swaps.
May 09 20:39:02 nixos systemd[1]: Reached target Timer Units.
May 09 20:39:02 nixos systemd[1]: Listening on D-Bus System Message Bus Socket.
May 09 20:39:02 nixos systemd[1]: Listening on Journal Socket (/dev/log).
May 09 20:39:02 nixos systemd[1]: Listening on Journal Sockets.
May 09 20:39:02 nixos systemd[1]: Listening on udev Control Socket.
May 09 20:39:02 nixos systemd[1]: Listening on udev Kernel Socket.
May 09 20:39:02 nixos systemd[1]: Reached target Socket Units.
May 09 20:39:02 nixos systemd[1]: Starting Create List of Static Device Nodes...
May 09 20:39:02 nixos systemd[1]: Starting Load Kernel Module configfs...
May 09 20:39:02 nixos systemd[1]: Starting Journal Service...
May 09 20:39:02 nixos systemd[1]: Starting Load Kernel Modules...
May 09 20:39:02 nixos systemd[1]: Early TPM SRK Setup skipped, unmet condition check ConditionSecurity=measured-uki
May 09 20:39:02 nixos systemd[1]: Starting Coldplug All udev Devices...
May 09 20:39:02 nixos systemd[1]: Finished Create List of Static Device Nodes.
May 09 20:39:02 nixos systemd[1]: modprobe@configfs.service: Deactivated successfully.
May 09 20:39:02 nixos systemd[1]: Finished Load Kernel Module configfs.
May 09 20:39:02 nixos systemd[1]: Kernel Configuration File System skipped, unmet condition check ConditionPathExists=/sys/kernel/config
May 09 20:39:02 nixos systemd[1]: Starting Create Static Device Nodes in /dev gracefully...
May 09 20:39:02 nixos systemd-journald[198]: Collecting audit messages is disabled.
May 09 20:39:02 nixos kernel: hid: raw HID events driver (C) Jiri Kosina
May 09 20:39:02 nixos kernel: device-mapper: core: CONFIG_IMA_DISABLE_HTABLE is disabled. Duplicate IMA measurements will not be recorded in the IMA log.
May 09 20:39:02 nixos kernel: device-mapper: ioctl: 4.50.0-ioctl (2025-04-28) initialised: dm-devel@lists.linux.dev
May 09 20:39:02 nixos kernel: usbcore: registered new interface driver usbhid
May 09 20:39:02 nixos kernel: usbhid: USB HID core driver
May 09 20:39:02 nixos systemd[1]: Finished Load Kernel Modules.
May 09 20:39:02 nixos systemd[1]: Finished Create Static Device Nodes in /dev gracefully.
May 09 20:39:02 nixos systemd[1]: Starting Apply Kernel Variables...
May 09 20:39:02 nixos systemd[1]: Starting Create Static Device Nodes in /dev...
May 09 20:39:02 nixos systemd[1]: Finished Apply Kernel Variables.
May 09 20:39:02 nixos systemd[1]: Finished Create Static Device Nodes in /dev.
May 09 20:39:02 nixos systemd[1]: Starting Rule-based Manager for Device Events and Files...
May 09 20:39:02 nixos systemd[1]: Started Rule-based Manager for Device Events and Files.
May 09 20:39:02 nixos systemd-journald[198]: Journal started
May 09 20:39:02 nixos systemd-journald[198]: Runtime Journal (/run/log/journal/39a9d87911584b88a8c458b6a05672b7) is 8M, max 315.6M, 307.6M free.
May 09 20:39:02 nixos systemd-modules-load[200]: Using 2 probe threads
May 09 20:39:02 nixos systemd[1]: Started Journal Service.
May 09 20:39:02 nixos systemd-modules-load[200]: Inserted module 'dm_mod'
May 09 20:39:02 nixos systemd-modules-load[200]: Inserted module 'usbhid'
May 09 20:39:02 nixos systemd-udevd[223]: Using default interface naming scheme 'v260'.
May 09 20:39:03 nixos systemd[1]: Finished Coldplug All udev Devices.
May 09 20:39:03 nixos systemd[1]: Condition check resulted in /dev/tpmrm0 being skipped.
May 09 20:39:03 nixos systemd[1]: Reached target Trusted Platform Module.
May 09 20:39:03 nixos kernel: Key type psk registered
May 09 20:39:03 nixos kernel: SCSI subsystem initialized
May 09 20:39:03 nixos kernel: xhci_hcd 0000:01:00.2: xHCI Host Controller
May 09 20:39:03 nixos kernel: xhci_hcd 0000:01:00.2: new USB bus registered, assigned bus number 1
May 09 20:39:03 nixos kernel: xhci_hcd 0000:01:00.2: hcc params 0x0180ff05 hci version 0x110 quirks 0x0000000000000010
May 09 20:39:03 nixos kernel: xhci_hcd 0000:01:00.2: xHCI Host Controller
May 09 20:39:03 nixos kernel: xhci_hcd 0000:01:00.2: new USB bus registered, assigned bus number 2
May 09 20:39:03 nixos kernel: xhci_hcd 0000:01:00.2: Host supports USB 3.1 Enhanced SuperSpeed
May 09 20:39:03 nixos kernel: usb usb1: New USB device found, idVendor=1d6b, idProduct=0002, bcdDevice= 7.00
May 09 20:39:03 nixos kernel: usb usb1: New USB device strings: Mfr=3, Product=2, SerialNumber=1
May 09 20:39:03 nixos kernel: usb usb1: Product: xHCI Host Controller
May 09 20:39:03 nixos kernel: usb usb1: Manufacturer: Linux 7.0.3 xhci-hcd
May 09 20:39:03 nixos kernel: usb usb1: SerialNumber: 0000:01:00.2
May 09 20:39:03 nixos kernel: hub 1-0:1.0: USB hub found
May 09 20:39:03 nixos kernel: hub 1-0:1.0: 2 ports detected
May 09 20:39:03 nixos kernel: usb usb2: We don't know the algorithms for LPM for this host, disabling LPM.
May 09 20:39:03 nixos kernel: usb usb2: New USB device found, idVendor=1d6b, idProduct=0003, bcdDevice= 7.00
May 09 20:39:03 nixos kernel: usb usb2: New USB device strings: Mfr=3, Product=2, SerialNumber=1
May 09 20:39:03 nixos kernel: usb usb2: Product: xHCI Host Controller
May 09 20:39:03 nixos kernel: usb usb2: Manufacturer: Linux 7.0.3 xhci-hcd
May 09 20:39:03 nixos kernel: usb usb2: SerialNumber: 0000:01:00.2
May 09 20:39:03 nixos kernel: hub 2-0:1.0: USB hub found
May 09 20:39:03 nixos kernel: hub 2-0:1.0: 4 ports detected
May 09 20:39:03 nixos kernel: xhci_hcd 0000:02:00.0: xHCI Host Controller
May 09 20:39:03 nixos kernel: xhci_hcd 0000:02:00.0: new USB bus registered, assigned bus number 3
May 09 20:39:03 nixos kernel: nvme nvme0: pci function 0000:08:00.0
May 09 20:39:03 nixos systemd[1]: Starting Virtual Console Setup...
May 09 20:39:03 nixos kernel: nvme nvme0: missing or invalid SUBNQN field.
May 09 20:39:03 nixos kernel: nvme nvme0: D3 entry latency set to 8 seconds
May 09 20:39:03 nixos kernel: libata version 3.00 loaded.
May 09 20:39:03 nixos kernel: nvme nvme0: 12/0/0 default/read/poll queues
May 09 20:39:03 nixos systemd-vconsole-setup[286]: Configuration of first virtual console was skipped, ignoring remaining ones.
May 09 20:39:03 nixos kernel:  nvme0n1: p3
May 09 20:39:03 nixos systemd[1]: Finished Virtual Console Setup.
May 09 20:39:03 nixos kernel: ahci 0000:02:00.1: SSS flag set, parallel bus scan disabled
May 09 20:39:03 nixos kernel: ahci 0000:02:00.1: AHCI vers 0001.0301, 32 command slots, 6 Gbps, SATA mode
May 09 20:39:03 nixos kernel: ahci 0000:02:00.1: 6/6 ports implemented (port mask 0x3f)
May 09 20:39:03 nixos kernel: ahci 0000:02:00.1: flags: 64bit ncq sntf stag pm led clo only pmp pio slum part sxs deso sadm sds apst 
May 09 20:39:03 nixos kernel: scsi host0: ahci
May 09 20:39:03 nixos kernel: scsi host1: ahci
May 09 20:39:03 nixos kernel: scsi host2: ahci
May 09 20:39:03 nixos kernel: scsi host3: ahci
May 09 20:39:03 nixos kernel: scsi host4: ahci
May 09 20:39:03 nixos kernel: scsi host5: ahci
May 09 20:39:03 nixos kernel: ata1: SATA max UDMA/133 abar m131072@0xfc980000 port 0xfc980100 irq 56 lpm-pol 1 ext
May 09 20:39:03 nixos kernel: ata2: SATA max UDMA/133 abar m131072@0xfc980000 port 0xfc980180 irq 56 lpm-pol 1 ext
May 09 20:39:03 nixos kernel: ata3: SATA max UDMA/133 abar m131072@0xfc980000 port 0xfc980200 irq 56 lpm-pol 1 ext
May 09 20:39:03 nixos kernel: ata4: SATA max UDMA/133 abar m131072@0xfc980000 port 0xfc980280 irq 56 lpm-pol 1 ext
May 09 20:39:03 nixos kernel: ata5: SATA max UDMA/133 abar m131072@0xfc980000 port 0xfc980300 irq 56 lpm-pol 3
May 09 20:39:03 nixos kernel: ata6: SATA max UDMA/133 abar m131072@0xfc980000 port 0xfc980380 irq 56 lpm-pol 3
May 09 20:39:03 nixos systemd[1]: Found device Samsung SSD 970 EVO Plus 500GB root-nixos.
May 09 20:39:03 nixos systemd[1]: Reached target Initrd Root Device.
May 09 20:39:03 nixos kernel: xhci_hcd 0000:02:00.0: hcc params 0x0200ef81 hci version 0x110 quirks 0x0000000000000010
May 09 20:39:03 nixos kernel: xhci_hcd 0000:02:00.0: xHCI Host Controller
May 09 20:39:03 nixos kernel: xhci_hcd 0000:02:00.0: new USB bus registered, assigned bus number 4
May 09 20:39:03 nixos kernel: xhci_hcd 0000:02:00.0: Host supports USB 3.1 Enhanced SuperSpeed
May 09 20:39:03 nixos kernel: usb usb3: New USB device found, idVendor=1d6b, idProduct=0002, bcdDevice= 7.00
May 09 20:39:03 nixos kernel: usb usb3: New USB device strings: Mfr=3, Product=2, SerialNumber=1
May 09 20:39:03 nixos kernel: usb usb3: Product: xHCI Host Controller
May 09 20:39:03 nixos kernel: usb usb3: Manufacturer: Linux 7.0.3 xhci-hcd
May 09 20:39:03 nixos kernel: usb usb3: SerialNumber: 0000:02:00.0
May 09 20:39:03 nixos kernel: hub 3-0:1.0: USB hub found
May 09 20:39:03 nixos kernel: hub 3-0:1.0: 10 ports detected
May 09 20:39:03 nixos kernel: usb usb4: We don't know the algorithms for LPM for this host, disabling LPM.
May 09 20:39:03 nixos kernel: usb usb4: New USB device found, idVendor=1d6b, idProduct=0003, bcdDevice= 7.00
May 09 20:39:03 nixos kernel: usb usb4: New USB device strings: Mfr=3, Product=2, SerialNumber=1
May 09 20:39:03 nixos kernel: usb usb4: Product: xHCI Host Controller
May 09 20:39:03 nixos kernel: usb usb4: Manufacturer: Linux 7.0.3 xhci-hcd
May 09 20:39:03 nixos kernel: usb usb4: SerialNumber: 0000:02:00.0
May 09 20:39:03 nixos kernel: hub 4-0:1.0: USB hub found
May 09 20:39:03 nixos kernel: hub 4-0:1.0: 4 ports detected
May 09 20:39:03 nixos kernel: xhci_hcd 0000:0b:00.3: xHCI Host Controller
May 09 20:39:03 nixos kernel: xhci_hcd 0000:0b:00.3: new USB bus registered, assigned bus number 5
May 09 20:39:03 nixos kernel: xhci_hcd 0000:0b:00.3: hcc params 0x0268ffe5 hci version 0x110 quirks 0x0000020000000010
May 09 20:39:03 nixos kernel: xhci_hcd 0000:0b:00.3: xHCI Host Controller
May 09 20:39:03 nixos kernel: xhci_hcd 0000:0b:00.3: new USB bus registered, assigned bus number 6
May 09 20:39:03 nixos kernel: xhci_hcd 0000:0b:00.3: Host supports USB 3.1 Enhanced SuperSpeed
May 09 20:39:03 nixos kernel: usb usb5: New USB device found, idVendor=1d6b, idProduct=0002, bcdDevice= 7.00
May 09 20:39:03 nixos kernel: usb usb5: New USB device strings: Mfr=3, Product=2, SerialNumber=1
May 09 20:39:03 nixos kernel: usb usb5: Product: xHCI Host Controller
May 09 20:39:03 nixos kernel: usb usb5: Manufacturer: Linux 7.0.3 xhci-hcd
May 09 20:39:03 nixos kernel: usb usb5: SerialNumber: 0000:0b:00.3
May 09 20:39:03 nixos kernel: hub 5-0:1.0: USB hub found
May 09 20:39:03 nixos kernel: hub 5-0:1.0: 4 ports detected
May 09 20:39:03 nixos kernel: usb usb6: We don't know the algorithms for LPM for this host, disabling LPM.
May 09 20:39:03 nixos kernel: usb usb6: New USB device found, idVendor=1d6b, idProduct=0003, bcdDevice= 7.00
May 09 20:39:03 nixos kernel: usb usb6: New USB device strings: Mfr=3, Product=2, SerialNumber=1
May 09 20:39:03 nixos kernel: usb usb6: Product: xHCI Host Controller
May 09 20:39:03 nixos kernel: usb usb6: Manufacturer: Linux 7.0.3 xhci-hcd
May 09 20:39:03 nixos kernel: usb usb6: SerialNumber: 0000:0b:00.3
May 09 20:39:03 nixos kernel: hub 6-0:1.0: USB hub found
May 09 20:39:03 nixos kernel: hub 6-0:1.0: 2 ports detected
May 09 20:39:03 nixos kernel: xhci_hcd 0000:0b:00.4: xHCI Host Controller
May 09 20:39:03 nixos kernel: xhci_hcd 0000:0b:00.4: new USB bus registered, assigned bus number 7
May 09 20:39:03 nixos kernel: xhci_hcd 0000:0b:00.4: hcc params 0x0268ffe5 hci version 0x110 quirks 0x0000020000000010
May 09 20:39:03 nixos kernel: xhci_hcd 0000:0b:00.4: xHCI Host Controller
May 09 20:39:03 nixos kernel: xhci_hcd 0000:0b:00.4: new USB bus registered, assigned bus number 8
May 09 20:39:03 nixos kernel: xhci_hcd 0000:0b:00.4: Host supports USB 3.1 Enhanced SuperSpeed
May 09 20:39:03 nixos kernel: usb usb7: New USB device found, idVendor=1d6b, idProduct=0002, bcdDevice= 7.00
May 09 20:39:03 nixos kernel: usb usb7: New USB device strings: Mfr=3, Product=2, SerialNumber=1
May 09 20:39:03 nixos kernel: usb usb7: Product: xHCI Host Controller
May 09 20:39:03 nixos kernel: usb usb7: Manufacturer: Linux 7.0.3 xhci-hcd
May 09 20:39:03 nixos kernel: usb usb7: SerialNumber: 0000:0b:00.4
May 09 20:39:03 nixos kernel: hub 7-0:1.0: USB hub found
May 09 20:39:03 nixos kernel: hub 7-0:1.0: 4 ports detected
May 09 20:39:03 nixos kernel: usb usb8: We don't know the algorithms for LPM for this host, disabling LPM.
May 09 20:39:03 nixos kernel: usb usb8: New USB device found, idVendor=1d6b, idProduct=0003, bcdDevice= 7.00
May 09 20:39:03 nixos kernel: usb usb8: New USB device strings: Mfr=3, Product=2, SerialNumber=1
May 09 20:39:03 nixos kernel: usb usb8: Product: xHCI Host Controller
May 09 20:39:03 nixos kernel: usb usb8: Manufacturer: Linux 7.0.3 xhci-hcd
May 09 20:39:03 nixos kernel: usb usb8: SerialNumber: 0000:0b:00.4
May 09 20:39:03 nixos kernel: hub 8-0:1.0: USB hub found
May 09 20:39:03 nixos kernel: hub 8-0:1.0: 2 ports detected
May 09 20:39:03 nixos kernel: tsc: Refined TSC clocksource calibration: 4199.999 MHz
May 09 20:39:03 nixos kernel: clocksource: tsc: mask: 0xffffffffffffffff max_cycles: 0x3c8a606e244, max_idle_ns: 440795282550 ns
May 09 20:39:03 nixos kernel: clocksource: Switched to clocksource tsc
May 09 20:39:03 nixos kernel: usb 5-2: new full-speed USB device number 2 using xhci_hcd
May 09 20:39:03 nixos kernel: usb 3-3: new full-speed USB device number 2 using xhci_hcd
May 09 20:39:03 nixos kernel: usb 5-2: New USB device found, idVendor=320f, idProduct=5055, bcdDevice= 1.14
May 09 20:39:03 nixos kernel: usb 5-2: New USB device strings: Mfr=1, Product=2, SerialNumber=0
May 09 20:39:03 nixos kernel: usb 5-2: Product: Rainy 75
May 09 20:39:03 nixos kernel: usb 5-2: Manufacturer: RDR
May 09 20:39:03 nixos kernel: ata1: SATA link up 6.0 Gbps (SStatus 133 SControl 300)
May 09 20:39:03 nixos kernel: ata1.00: ATA-8: OCZ-AGILITY3, 2.25, max UDMA/133
May 09 20:39:03 nixos kernel: ata1.00: 117231408 sectors, multi 16: LBA48 NCQ (depth 32), AA
May 09 20:39:03 nixos kernel: ata1.00: Features: HIPM DIPM
May 09 20:39:03 nixos kernel: ata1.00: configured for UDMA/133
May 09 20:39:03 nixos kernel: scsi 0:0:0:0: Direct-Access     ATA      OCZ-AGILITY3     2.25 PQ: 0 ANSI: 5
May 09 20:39:03 nixos kernel: usb 3-3: New USB device found, idVendor=046d, idProduct=c539, bcdDevice=39.06
May 09 20:39:03 nixos kernel: usb 3-3: New USB device strings: Mfr=1, Product=2, SerialNumber=0
May 09 20:39:03 nixos kernel: usb 3-3: Product: USB Receiver
May 09 20:39:03 nixos kernel: usb 3-3: Manufacturer: Logitech
May 09 20:39:04 nixos kernel: usb 3-4: new high-speed USB device number 3 using xhci_hcd
May 09 20:39:04 nixos kernel: ata2: SATA link up 6.0 Gbps (SStatus 133 SControl 300)
May 09 20:39:04 nixos kernel: ata2.00: Model 'Samsung SSD 860 EVO 1TB', rev 'RVT04B6Q', applying quirks: noncqtrim zeroaftertrim noncqonati nolpmonati
May 09 20:39:04 nixos kernel: ata2.00: supports DRM functions and may not be fully accessible
May 09 20:39:04 nixos kernel: ata2.00: ATA-11: Samsung SSD 860 EVO 1TB, RVT04B6Q, max UDMA/133
May 09 20:39:04 nixos kernel: ata2.00: 1953525168 sectors, multi 1: LBA48 NCQ (depth 32), AA
May 09 20:39:04 nixos kernel: ata2.00: Features: Trust Dev-Sleep DIPM NCQ-sndrcv
May 09 20:39:04 nixos kernel: ata2.00: supports DRM functions and may not be fully accessible
May 09 20:39:04 nixos kernel: ata2.00: configured for UDMA/133
May 09 20:39:04 nixos kernel: ahci 0000:02:00.1: port does not support device sleep
May 09 20:39:04 nixos kernel: scsi 1:0:0:0: Direct-Access     ATA      Samsung SSD 860  4B6Q PQ: 0 ANSI: 5
May 09 20:39:04 nixos kernel: usb 3-4: New USB device found, idVendor=045e, idProduct=02e6, bcdDevice= 1.00
May 09 20:39:04 nixos kernel: usb 3-4: New USB device strings: Mfr=1, Product=2, SerialNumber=3
May 09 20:39:04 nixos kernel: usb 3-4: Product: XBOX ACC
May 09 20:39:04 nixos kernel: usb 3-4: Manufacturer: Microsoft Inc.
May 09 20:39:04 nixos kernel: usb 3-4: SerialNumber: 371037
May 09 20:39:04 nixos kernel: usb 3-5: new full-speed USB device number 4 using xhci_hcd
May 09 20:39:04 nixos kernel: ata3: SATA link up 6.0 Gbps (SStatus 133 SControl 300)
May 09 20:39:04 nixos kernel: ata3.00: ATA-9: ST2000DM001-1ER164, CC25, max UDMA/133
May 09 20:39:04 nixos kernel: ata3.00: 3907029168 sectors, multi 16: LBA48 NCQ (depth 32), AA
May 09 20:39:04 nixos kernel: ata3.00: Features: DIPM
May 09 20:39:04 nixos kernel: ata3.00: configured for UDMA/133
May 09 20:39:04 nixos kernel: scsi 2:0:0:0: Direct-Access     ATA      ST2000DM001-1ER1 CC25 PQ: 0 ANSI: 5
May 09 20:39:04 nixos kernel: usb 3-5: New USB device found, idVendor=8087, idProduct=0029, bcdDevice= 0.01
May 09 20:39:04 nixos kernel: usb 3-5: New USB device strings: Mfr=0, Product=0, SerialNumber=0
May 09 20:39:04 nixos kernel: ata4: SATA link down (SStatus 0 SControl 300)
May 09 20:39:05 nixos kernel: usb 3-6: new full-speed USB device number 5 using xhci_hcd
May 09 20:39:05 nixos kernel: ata5: SATA link down (SStatus 0 SControl 330)
May 09 20:39:05 nixos kernel: usb 3-6: config 1 has an invalid interface number: 2 but max is 1
May 09 20:39:05 nixos kernel: usb 3-6: config 1 has no interface number 1
May 09 20:39:05 nixos kernel: usb 3-6: New USB device found, idVendor=0b05, idProduct=1939, bcdDevice= 1.00
May 09 20:39:05 nixos kernel: usb 3-6: New USB device strings: Mfr=1, Product=2, SerialNumber=3
May 09 20:39:05 nixos kernel: usb 3-6: Product: AURA LED Controller
May 09 20:39:05 nixos kernel: usb 3-6: Manufacturer: AsusTek Computer Inc.
May 09 20:39:05 nixos kernel: usb 3-6: SerialNumber: 9876543210
May 09 20:39:05 nixos kernel: ata6: SATA link down (SStatus 0 SControl 330)
May 09 20:39:05 nixos kernel: sd 0:0:0:0: [sdb] 117231408 512-byte logical blocks: (60.0 GB/55.9 GiB)
May 09 20:39:05 nixos kernel: ata2.00: Enabling discard_zeroes_data
May 09 20:39:05 nixos kernel: sd 0:0:0:0: [sdb] Write Protect is off
May 09 20:39:05 nixos kernel: sd 1:0:0:0: [sdc] 1953525168 512-byte logical blocks: (1.00 TB/932 GiB)
May 09 20:39:05 nixos kernel: sd 0:0:0:0: [sdb] Mode Sense: 00 3a 00 00
May 09 20:39:05 nixos kernel: sd 1:0:0:0: [sdc] Write Protect is off
May 09 20:39:05 nixos kernel: sd 1:0:0:0: [sdc] Mode Sense: 00 3a 00 00
May 09 20:39:05 nixos kernel: sd 0:0:0:0: [sdb] Write cache: enabled, read cache: enabled, doesn't support DPO or FUA
May 09 20:39:05 nixos kernel: sd 1:0:0:0: [sdc] Write cache: enabled, read cache: enabled, doesn't support DPO or FUA
May 09 20:39:05 nixos kernel: sd 0:0:0:0: [sdb] Preferred minimum I/O size 512 bytes
May 09 20:39:05 nixos kernel: sd 1:0:0:0: [sdc] Preferred minimum I/O size 512 bytes
May 09 20:39:05 nixos kernel: sd 2:0:0:0: [sda] 3907029168 512-byte logical blocks: (2.00 TB/1.82 TiB)
May 09 20:39:05 nixos kernel: sd 2:0:0:0: [sda] 4096-byte physical blocks
May 09 20:39:05 nixos kernel: sd 2:0:0:0: [sda] Write Protect is off
May 09 20:39:05 nixos kernel: sd 2:0:0:0: [sda] Mode Sense: 00 3a 00 00
May 09 20:39:05 nixos kernel: sd 2:0:0:0: [sda] Write cache: enabled, read cache: enabled, doesn't support DPO or FUA
May 09 20:39:05 nixos kernel: sd 2:0:0:0: [sda] Preferred minimum I/O size 4096 bytes
May 09 20:39:05 nixos kernel: input: RDR Rainy 75 as /devices/pci0000:00/0000:00:08.1/0000:0b:00.3/usb5/5-2/5-2:1.0/0003:320F:5055.0001/input/input0
May 09 20:39:05 nixos kernel: ata2.00: Enabling discard_zeroes_data
May 09 20:39:05 nixos kernel:  sdb: sdb1
May 09 20:39:05 nixos kernel: sd 0:0:0:0: [sdb] Attached SCSI disk
May 09 20:39:05 nixos kernel:  sdc: sdc1 sdc2
May 09 20:39:05 nixos kernel: sd 1:0:0:0: [sdc] supports TCG Opal
May 09 20:39:05 nixos kernel: sd 1:0:0:0: [sdc] Attached SCSI disk
May 09 20:39:05 nixos kernel: hid-generic 0003:320F:5055.0001: input,hidraw0: USB HID v1.11 Keyboard [RDR Rainy 75] on usb-0000:0b:00.3-2/input0
May 09 20:39:05 nixos kernel: hid-generic 0003:320F:5055.0002: hiddev96,hidraw1: USB HID v1.11 Device [RDR Rainy 75] on usb-0000:0b:00.3-2/input1
May 09 20:39:05 nixos kernel: input: RDR Rainy 75 Keyboard as /devices/pci0000:00/0000:00:08.1/0000:0b:00.3/usb5/5-2/5-2:1.2/0003:320F:5055.0003/input/input1
May 09 20:39:05 nixos kernel:  sda: sda1
May 09 20:39:05 nixos kernel: sd 2:0:0:0: [sda] Attached SCSI disk
May 09 20:39:05 nixos kernel: input: RDR Rainy 75 as /devices/pci0000:00/0000:00:08.1/0000:0b:00.3/usb5/5-2/5-2:1.2/0003:320F:5055.0003/input/input2
May 09 20:39:05 nixos kernel: input: RDR Rainy 75 Mouse as /devices/pci0000:00/0000:00:08.1/0000:0b:00.3/usb5/5-2/5-2:1.2/0003:320F:5055.0003/input/input3
May 09 20:39:05 nixos kernel: hid-generic 0003:320F:5055.0003: input,hiddev97,hidraw2: USB HID v1.11 Keyboard [RDR Rainy 75] on usb-0000:0b:00.3-2/input2
May 09 20:39:05 nixos kernel: hid-generic 0003:320F:5055.0004: hiddev98,hidraw3: USB HID v1.11 Device [RDR Rainy 75] on usb-0000:0b:00.3-2/input3
May 09 20:39:05 nixos kernel: input: Logitech USB Receiver as /devices/pci0000:00/0000:00:02.1/0000:02:00.0/usb3/3-3/3-3:1.0/0003:046D:C539.0005/input/input4
May 09 20:39:05 nixos systemd[1]: Found device Samsung_SSD_860_EVO_1TB 2.
May 09 20:39:05 nixos systemd[1]: Found device OCZ-AGILITY3 swap.
May 09 20:39:05 nixos systemd[1]: Starting Cryptography Setup for crypt-home...
May 09 20:39:05 nixos systemd[1]: Starting Resume from hibernation...
May 09 20:39:05 nixos systemd-hibernate-resume[320]: Unable to resume from device '/dev/disk/by-label/swap' (8:17) offset 0, continuing boot process.
May 09 20:39:05 nixos kernel: PM: Image not found (code -22)
May 09 20:39:05 nixos systemd[1]: systemd-hibernate-resume.service: Deactivated successfully.
May 09 20:39:05 nixos systemd[1]: Finished Resume from hibernation.
May 09 20:39:05 nixos systemd[1]: Reached target Preparation for Local File Systems.
May 09 20:39:05 nixos systemd[1]: Reached target Local File Systems.
May 09 20:39:05 nixos systemd[1]: Starting File System Check on /dev/disk/by-uuid/6b47e646-e650-485d-a0ad-2feb337506e4...
May 09 20:39:05 nixos kernel: hid-generic 0003:046D:C539.0005: input,hidraw4: USB HID v1.11 Keyboard [Logitech USB Receiver] on usb-0000:02:00.0-3/input0
May 09 20:39:05 nixos kernel: input: Logitech USB Receiver Mouse as /devices/pci0000:00/0000:00:02.1/0000:02:00.0/usb3/3-3/3-3:1.1/0003:046D:C539.0006/input/input5
May 09 20:39:05 nixos kernel: input: Logitech USB Receiver Consumer Control as /devices/pci0000:00/0000:00:02.1/0000:02:00.0/usb3/3-3/3-3:1.1/0003:046D:C539.0006/input/input6
May 09 20:39:05 nixos systemd[1]: Starting Create System Files and Directories...
May 09 20:39:05 nixos systemd[1]: Starting Dispatch Password Requests to Console...
May 09 20:39:05 nixos systemd[1]: Finished Create System Files and Directories.
May 09 20:39:05 nixos systemd[1]: Started Dispatch Password Requests to Console.
May 09 20:39:05 nixos systemd-tty-ask-password-agent[331]: Starting password query on /dev/tty1.
May 09 20:39:05 nixos systemd-fsck[335]: root-nixos: clean, 2115525/30531584 files, 66342038/122096384 blocks
May 09 20:39:05 nixos systemd[1]: Finished File System Check on /dev/disk/by-uuid/6b47e646-e650-485d-a0ad-2feb337506e4.
May 09 20:39:05 nixos kernel: input: Logitech USB Receiver System Control as /devices/pci0000:00/0000:00:02.1/0000:02:00.0/usb3/3-3/3-3:1.1/0003:046D:C539.0006/input/input7
May 09 20:39:05 nixos kernel: hid-generic 0003:046D:C539.0006: input,hiddev99,hidraw5: USB HID v1.11 Mouse [Logitech USB Receiver] on usb-0000:02:00.0-3/input1
May 09 20:39:05 nixos kernel: hid-generic 0003:046D:C539.0007: hiddev100,hidraw6: USB HID v1.11 Device [Logitech USB Receiver] on usb-0000:02:00.0-3/input2
May 09 20:39:05 nixos kernel: hid-generic 0003:0B05:1939.0008: hiddev101,hidraw7: USB HID v1.11 Device [AsusTek Computer Inc. AURA LED Controller] on usb-0000:02:00.0-6/input2
May 09 20:39:05 nixos kernel: logitech-djreceiver 0003:046D:C539.0005: hidraw4: USB HID v1.11 Keyboard [Logitech USB Receiver] on usb-0000:02:00.0-3/input0
May 09 20:39:05 nixos kernel: logitech-djreceiver 0003:046D:C539.0006: hiddev99,hidraw5: USB HID v1.11 Mouse [Logitech USB Receiver] on usb-0000:02:00.0-3/input1
May 09 20:39:05 nixos kernel: logitech-djreceiver 0003:046D:C539.0007: hiddev100,hidraw6: USB HID v1.11 Device [Logitech USB Receiver] on usb-0000:02:00.0-3/input2
May 09 20:39:05 nixos kernel: logitech-djreceiver 0003:046D:C539.0007: device of type eQUAD Lightspeed 1 (0x0c) connected on slot 1
May 09 20:39:05 nixos kernel: input: Logitech Wireless Mouse PID:4086 Keyboard as /devices/pci0000:00/0000:00:02.1/0000:02:00.0/usb3/3-3/3-3:1.2/0003:046D:C539.0007/0003:046D:4086.0009/input/input9
May 09 20:39:05 nixos kernel: input: Logitech Wireless Mouse PID:4086 Mouse as /devices/pci0000:00/0000:00:02.1/0000:02:00.0/usb3/3-3/3-3:1.2/0003:046D:C539.0007/0003:046D:4086.0009/input/input10
May 09 20:39:05 nixos kernel: hid-generic 0003:046D:4086.0009: input,hidraw8: USB HID v1.11 Keyboard [Logitech Wireless Mouse PID:4086] on usb-0000:02:00.0-3/input2:1
May 09 20:39:06 nixos kernel: input: Logitech G703 LS as /devices/pci0000:00/0000:00:02.1/0000:02:00.0/usb3/3-3/3-3:1.2/0003:046D:C539.0007/0003:046D:4086.0009/input/input14
May 09 20:39:06 nixos kernel: logitech-hidpp-device 0003:046D:4086.0009: input,hidraw8: USB HID v1.11 Keyboard [Logitech G703 LS] on usb-0000:02:00.0-3/input2:1
May 09 20:39:06 nixos systemd[1]: Mounting /sysroot...
May 09 20:39:06 nixos kernel: EXT4-fs (nvme0n1p3): mounted filesystem 6b47e646-e650-485d-a0ad-2feb337506e4 r/w with ordered data mode. Quota mode: none.
May 09 20:39:06 nixos systemd[1]: Mounted /sysroot.
May 09 20:39:06 nixos systemd[1]: Reached target Initrd Root File System.
May 09 20:39:06 nixos systemd[1]: Mounting /sysroot/run...
May 09 20:39:06 nixos systemd[1]: Starting Find NixOS closure...
May 09 20:39:06 nixos systemd[1]: Starting Mountpoints Configured in the Real Root...
May 09 20:39:06 nixos systemd-sysroot-fstab-check[376]: /sysroot should be mounted in the initrd, will request daemon-reload.
May 09 20:39:06 nixos systemd[1]: Mounted /sysroot/run.
May 09 20:39:06 nixos systemd[1]: Reload requested from client PID 376 ('systemd-sysroot') (unit initrd-parse-etc.service)...
May 09 20:39:06 nixos systemd[1]: Reloading...
May 09 20:39:06 nixos systemd[1]: Reloading finished in 153 ms.
May 09 20:39:06 nixos systemd-sysroot-fstab-check[376]: Requesting initrd-fs.target/start/replace...
May 09 20:39:06 nixos systemd[1]: Finished Find NixOS closure.
May 09 20:39:06 nixos systemd-sysroot-fstab-check[376]: Requesting swap.target/start/replace...
May 09 20:39:06 nixos systemd[1]: initrd-parse-etc.service: Deactivated successfully.
May 09 20:39:06 nixos systemd[1]: Finished Mountpoints Configured in the Real Root.
May 09 20:39:06 nixos systemd[1]: initrd-parse-etc.service: Triggering OnSuccess= dependencies.
May 09 20:39:06 nixos systemd[1]: Reached target Initrd File Systems.
May 09 20:39:06 nixos systemd[1]: Starting Create Volatile Files and Directories in the Real Root...
May 09 20:39:07 nixos systemd[1]: Finished Create Volatile Files and Directories in the Real Root.
May 09 20:39:16 nixos systemd-tty-ask-password-agent[331]: Password query on /dev/tty1 finished successfully.
May 09 20:39:16 nixos systemd-cryptsetup[318]: Set cipher aes, mode xts-plain64, key size 512 bits for device /dev/disk/by-uuid/139a8d8a-d234-450e-9c90-4f633e8c3b8c.
May 09 20:39:17 nixos kernel: Key type trusted registered
May 09 20:39:17 nixos kernel: Key type encrypted registered
May 09 20:39:17 nixos systemd[1]: Finished Cryptography Setup for crypt-home.
May 09 20:39:17 nixos systemd[1]: Reached target Local Encrypted Volumes.
May 09 20:39:17 nixos systemd[1]: Reached target System Initialization.
May 09 20:39:17 nixos systemd[1]: Reached target Basic System.
May 09 20:39:17 nixos systemd[1]: Reached target Initrd Default Target.
May 09 20:39:17 nixos systemd[1]: Starting Cleaning Up and Shutting Down Daemons...
May 09 20:39:18 nixos systemd[1]: Stopped target Initrd Default Target.
May 09 20:39:18 nixos systemd[1]: Stopped target Basic System.
May 09 20:39:18 nixos systemd[1]: Stopped target Initrd Root Device.
May 09 20:39:18 nixos systemd[1]: Stopped target Path Units.
May 09 20:39:18 nixos systemd[1]: Stopped target Slice Units.
May 09 20:39:18 nixos systemd[1]: Stopped target Socket Units.
May 09 20:39:18 nixos systemd[1]: Stopped target System Initialization.
May 09 20:39:18 nixos systemd[1]: Stopped target Local Encrypted Volumes.
May 09 20:39:18 nixos systemd[1]: Stopped target Swaps.
May 09 20:39:18 nixos systemd[1]: Stopped target Timer Units.
May 09 20:39:18 nixos systemd[1]: Stopped target Trusted Platform Module.
May 09 20:39:18 nixos systemd[1]: dbus.socket: Deactivated successfully.
May 09 20:39:18 nixos systemd[1]: Closed D-Bus System Message Bus Socket.
May 09 20:39:18 nixos systemd[1]: initrd-find-nixos-closure.service: Deactivated successfully.
May 09 20:39:18 nixos systemd[1]: Stopped Find NixOS closure.
May 09 20:39:18 nixos systemd[1]: Stopping Dispatch Password Requests to Console...
May 09 20:39:18 nixos systemd[1]: systemd-sysctl.service: Deactivated successfully.
May 09 20:39:18 nixos systemd[1]: Stopped Apply Kernel Variables.
May 09 20:39:18 nixos systemd[1]: systemd-modules-load.service: Deactivated successfully.
May 09 20:39:18 nixos systemd[1]: Stopped Load Kernel Modules.
May 09 20:39:18 nixos systemd[1]: systemd-tmpfiles-setup-sysroot.service: Deactivated successfully.
May 09 20:39:18 nixos systemd[1]: Stopped Create Volatile Files and Directories in the Real Root.
May 09 20:39:18 nixos systemd[1]: systemd-tmpfiles-setup.service: Deactivated successfully.
May 09 20:39:18 nixos systemd[1]: Stopped Create System Files and Directories.
May 09 20:39:18 nixos systemd[1]: Stopped target Local File Systems.
May 09 20:39:18 nixos systemd[1]: Stopped target Preparation for Local File Systems.
May 09 20:39:18 nixos systemd[1]: systemd-udev-trigger.service: Deactivated successfully.
May 09 20:39:18 nixos systemd[1]: Stopped Coldplug All udev Devices.
May 09 20:39:18 nixos systemd[1]: Stopping Rule-based Manager for Device Events and Files...
May 09 20:39:18 nixos systemd[1]: systemd-ask-password-console.service: Deactivated successfully.
May 09 20:39:18 nixos systemd[1]: Stopped Dispatch Password Requests to Console.
May 09 20:39:18 nixos systemd[1]: initrd-cleanup.service: Deactivated successfully.
May 09 20:39:18 nixos systemd[1]: Finished Cleaning Up and Shutting Down Daemons.
May 09 20:39:18 nixos systemd[1]: systemd-ask-password-console.path: Deactivated successfully.
May 09 20:39:18 nixos systemd[1]: Stopped Dispatch Password Requests to Console Directory Watch.
May 09 20:39:18 nixos systemd[1]: systemd-vconsole-setup.service: Deactivated successfully.
May 09 20:39:18 nixos systemd[1]: Stopped Virtual Console Setup.
May 09 20:39:18 nixos systemd[1]: systemd-udevd.service: Deactivated successfully.
May 09 20:39:18 nixos systemd[1]: Stopped Rule-based Manager for Device Events and Files.
May 09 20:39:18 nixos systemd[1]: systemd-udevd.service: Consumed 1.234s CPU time over 15.159s wall clock time, 40.4M memory peak.
May 09 20:39:18 nixos systemd[1]: systemd-udevd-control.socket: Deactivated successfully.
May 09 20:39:18 nixos systemd[1]: Closed udev Control Socket.
May 09 20:39:18 nixos systemd[1]: Starting Cleanup udev Database...
May 09 20:39:18 nixos systemd[1]: systemd-tmpfiles-setup-dev.service: Deactivated successfully.
May 09 20:39:18 nixos systemd[1]: Stopped Create Static Device Nodes in /dev.
May 09 20:39:18 nixos systemd[1]: systemd-tmpfiles-setup-dev-early.service: Deactivated successfully.
May 09 20:39:18 nixos systemd[1]: Stopped Create Static Device Nodes in /dev gracefully.
May 09 20:39:18 nixos systemd[1]: kmod-static-nodes.service: Deactivated successfully.
May 09 20:39:18 nixos systemd[1]: Stopped Create List of Static Device Nodes.
May 09 20:39:18 nixos systemd[1]: initrd-udevadm-cleanup-db.service: Deactivated successfully.
May 09 20:39:18 nixos systemd[1]: Finished Cleanup udev Database.
May 09 20:39:18 nixos systemd[1]: Reached target Switch Root.
May 09 20:39:18 nixos systemd[1]: Starting NixOS Activation...
May 09 20:39:18 nixos initrd-nixos-activation-start[783]: booting system configuration /nix/store/6ik94jijvwng65qcc8nw150kg8wxj1a0-nixos-system-unnamed-26.05.20260505.549bd84
May 09 20:39:18 nixos initrd-nixos-activation-start[783]: running activation script...
May 09 20:39:18 nixos initrd-nixos-activation-start[809]: setting up /etc...
May 09 20:39:18 nixos initrd-nixos-activation-start[809]: setting up secrets...
May 09 20:39:18 nixos initrd-nixos-activation-start[834]: sops-install-secrets: Imported /etc/ssh/ssh_host_rsa_key as GPG key with fingerprint 3b446a832cb3f42e00cc03a63e3a7ded67c3e796
May 09 20:39:18 nixos initrd-nixos-activation-start[834]: sops-install-secrets: Imported /etc/ssh/ssh_host_ed25519_key as age key with fingerprint age10vln6nynnaqck7kawjhurwn2fcegv6syrd0ug86a7xzg9hp8du2su6qqu4
May 09 20:39:18 nixos systemd[1]: initrd-nixos-activation.service: Deactivated successfully.
May 09 20:39:18 nixos systemd[1]: Finished NixOS Activation.
May 09 20:39:18 nixos systemd[1]: initrd-nixos-activation.service: Consumed 251ms CPU time over 449ms wall clock time, 97.8M memory peak.
May 09 20:39:18 nixos systemd[1]: Starting Switch Root...
May 09 20:39:18 nixos systemd[1]: Switching root.
May 09 20:39:18 nixos systemd-journald[198]: Journal stopped
May 09 20:39:19 nixos systemd-journald[198]: Received SIGTERM from PID 1 (systemd).
May 09 20:39:19 nixos systemd[1]: systemd 260.1 running in system mode (+PAM +AUDIT -SELINUX +APPARMOR +IMA +IPE +SMACK +SECCOMP +GCRYPT -GNUTLS +OPENSSL +ACL +BLKID +CURL +ELFUTILS +FIDO2 +IDN2 +KMOD +LIBCRYPTSETUP +LIBCRYPTSETUP_PLUGINS +LIBFDISK +PCRE2 +PWQUALITY +P11KIT +QRENCODE +TPM2 +BZIP2 +LZ4 +XZ +ZLIB +ZSTD +BPF_FRAMEWORK -BTF -XKBCOMMON +UTMP +LIBARCHIVE)
May 09 20:39:19 nixos systemd[1]: Detected architecture x86-64.
May 09 20:39:19 nixos systemd[1]: bpf-restrict-fs: LSM BPF program attached
May 09 20:39:19 nixos kernel: zram: Added device: zram0
May 09 20:39:19 nixos systemd[1]: initrd-switch-root.service: Deactivated successfully.
May 09 20:39:19 nixos systemd[1]: Stopped initrd-switch-root.service.
May 09 20:39:19 nixos systemd[1]: systemd-journald.service: Scheduled restart job, restart counter is at 1.
May 09 20:39:19 nixos systemd[1]: Created slice Slice /system/systemd-fsck.
May 09 20:39:19 nixos systemd[1]: Created slice Slice /system/systemd-zram-setup.
May 09 20:39:19 nixos systemd[1]: Created slice User and Session Slice.
May 09 20:39:19 nixos systemd[1]: Started Dispatch Password Requests to Console Directory Watch.
May 09 20:39:19 nixos systemd[1]: Started Forward Password Requests to Wall Directory Watch.
May 09 20:39:19 nixos systemd[1]: Expecting device /dev/disk/by-label/swap...
May 09 20:39:19 nixos systemd[1]: Expecting device /dev/disk/by-uuid/FB64-FC11...
May 09 20:39:19 nixos systemd[1]: Expecting device /dev/mapper/crypt-home...
May 09 20:39:19 nixos systemd[1]: Expecting device /dev/zram0...
May 09 20:39:19 nixos systemd[1]: Reached target Local Encrypted Volumes.
May 09 20:39:19 nixos systemd[1]: Stopped target initrd-fs.target.
May 09 20:39:19 nixos systemd[1]: Stopped target initrd-root-fs.target.
May 09 20:39:19 nixos systemd[1]: Stopped target initrd-switch-root.target.
May 09 20:39:19 nixos systemd[1]: Reached target Virtual Machines and Containers.
May 09 20:39:19 nixos systemd[1]: Reached target Path Units.
May 09 20:39:19 nixos systemd[1]: Reached target Remote File Systems.
May 09 20:39:19 nixos systemd[1]: Reached target Slice Units.
May 09 20:39:19 nixos systemd[1]: Listening on Process Core Dump Socket.
May 09 20:39:19 nixos systemd[1]: Listening on Credential Encryption/Decryption.
May 09 20:39:19 nixos systemd[1]: Starting Journal Log Access Socket...
May 09 20:39:19 nixos systemd[1]: Listening on Journal Audit Socket.
May 09 20:39:19 nixos systemd[1]: Listening on Userspace Out-Of-Memory (OOM) Killer Socket.
May 09 20:39:19 nixos systemd[1]: Make TPM PCR Policy skipped, unmet condition check ConditionSecurity=measured-uki
May 09 20:39:19 nixos systemd[1]: Listening on udev Control Socket.
May 09 20:39:19 nixos systemd[1]: Mounting Huge Pages File System...
May 09 20:39:19 nixos systemd[1]: Mounting POSIX Message Queue File System...
May 09 20:39:19 nixos systemd[1]: Mounting Kernel Debug File System...
May 09 20:39:19 nixos systemd[1]: Mounting Kernel Trace File System...
May 09 20:39:19 nixos systemd[1]: Starting Create List of Static Device Nodes...
May 09 20:39:19 nixos systemd[1]: Starting Load Kernel Module configfs...
May 09 20:39:19 nixos systemd[1]: Load Kernel Module drm skipped, unmet condition check ConditionKernelModuleLoaded=!drm
May 09 20:39:19 nixos systemd[1]: Load Kernel Module efi_pstore skipped, unmet condition check ConditionKernelModuleLoaded=!efi_pstore
May 09 20:39:19 nixos systemd[1]: Starting Load Kernel Module fuse...
May 09 20:39:19 nixos systemd[1]: systemd-cryptsetup@crypt\x2dhome.service: Deactivated successfully.
May 09 20:39:19 nixos systemd[1]: Stopped systemd-cryptsetup@crypt\x2dhome.service.
May 09 20:39:19 nixos systemd[1]: systemd-cryptsetup@crypt\x2dhome.service: Consumed 5.570s CPU time over 13.742s wall clock time, 1G memory peak.
May 09 20:39:19 nixos systemd[1]: Clear Stale Hibernate Storage Info skipped, unmet condition check ConditionPathExists=/sys/firmware/efi/efivars/HibernateLocation-8cf2644b-4b0b-428f-9387-6d876050dc67
May 09 20:39:19 nixos systemd[1]: Starting Journal Service...
May 09 20:39:19 nixos systemd[1]: Starting Load Kernel Modules...
May 09 20:39:19 nixos systemd[1]: Starting Remount Root and Kernel File Systems...
May 09 20:39:19 nixos systemd[1]: Early TPM SRK Setup skipped, unmet condition check ConditionSecurity=measured-uki
May 09 20:39:19 nixos systemd[1]: Starting Coldplug All udev Devices...
May 09 20:39:19 nixos systemd[1]: Listening on Journal Log Access Socket.
May 09 20:39:19 nixos systemd[1]: Mounted Huge Pages File System.
May 09 20:39:19 nixos systemd[1]: Mounted POSIX Message Queue File System.
May 09 20:39:19 nixos systemd[1]: Mounted Kernel Debug File System.
May 09 20:39:19 nixos systemd[1]: Mounted Kernel Trace File System.
May 09 20:39:19 nixos systemd[1]: Finished Create List of Static Device Nodes.
May 09 20:39:19 nixos systemd[1]: modprobe@configfs.service: Deactivated successfully.
May 09 20:39:19 nixos systemd[1]: Finished Load Kernel Module configfs.
May 09 20:39:19 nixos systemd[1]: Mounting Kernel Configuration File System...
May 09 20:39:19 nixos kernel: i2c_dev: i2c /dev entries driver
May 09 20:39:19 nixos kernel: fuse: init (API version 7.45)
May 09 20:39:19 nixos systemd[1]: Starting Create Static Device Nodes in /dev gracefully...
May 09 20:39:19 nixos systemd[1]: modprobe@fuse.service: Deactivated successfully.
May 09 20:39:19 nixos systemd[1]: Finished Load Kernel Module fuse.
May 09 20:39:19 nixos kernel: piix4_smbus 0000:00:14.0: SMBus Host Controller at 0xb00, revision 0
May 09 20:39:19 nixos kernel: piix4_smbus 0000:00:14.0: Using register 0x02 for SMBus port selection
May 09 20:39:19 nixos systemd-journald[1032]: Collecting audit messages is enabled.
May 09 20:39:19 nixos systemd[1]: Mounting FUSE Control File System...
May 09 20:39:19 nixos kernel: loop: module loaded
May 09 20:39:19 nixos kernel: i2c i2c-0: Successfully instantiated SPD at 0x52
May 09 20:39:19 nixos kernel: EXT4-fs (nvme0n1p3): re-mounted 6b47e646-e650-485d-a0ad-2feb337506e4.
May 09 20:39:19 nixos kernel: i2c i2c-0: Successfully instantiated SPD at 0x53
May 09 20:39:19 nixos kernel: piix4_smbus 0000:00:14.0: Auxiliary SMBus Host Controller at 0xb20
May 09 20:39:19 nixos systemd[1]: Finished Remount Root and Kernel File Systems.
May 09 20:39:19 nixos systemd[1]: Mounted Kernel Configuration File System.
May 09 20:39:19 nixos systemd[1]: Platform Persistent Storage Archival skipped, unmet condition check ConditionDirectoryNotEmpty=/sys/fs/pstore
May 09 20:39:19 nixos systemd[1]: Starting Load/Save OS Random Seed...
May 09 20:39:19 nixos systemd-journald[1032]: Journal started
May 09 20:39:19 nixos systemd-journald[1032]: Runtime Journal (/run/log/journal/846af36c6e764ff186ee926a4a991423) is 8M, max 394.5M, 386.5M free.
May 09 20:39:19 nixos systemd[1]: Queued start job for default target Graphical Interface.
May 09 20:39:19 nixos systemd[1]: Unnecessary job was removed for /dev/usb.
May 09 20:39:19 nixos systemd[1]: systemd-journald.service: Deactivated successfully.
May 09 20:39:19 nixos systemd-modules-load[1033]: Using 7 probe threads
May 09 20:39:19 nixos systemd-modules-load[1033]: Module 'ctr' is built in
May 09 20:39:19 nixos systemd-modules-load[1033]: Inserted module 'i2c_dev'
May 09 20:39:19 nixos systemd-modules-load[1033]: Inserted module 'uinput'
May 09 20:39:19 nixos systemd-modules-load[1033]: Inserted module 'loop'
May 09 20:39:19 nixos systemd-modules-load[1033]: Inserted module 'atkbd'
May 09 20:39:19 nixos systemd-modules-load[1033]: Inserted module 'i2c_piix4'
May 09 20:39:19 nixos systemd[1]: Starting Network Time Synchronization...
May 09 20:39:19 nixos systemd[1]: TPM SRK Setup skipped, unmet condition check ConditionSecurity=measured-uki
May 09 20:39:19 nixos systemd[1]: Started Journal Service.
May 09 20:39:19 nixos systemd[1]: Mounted FUSE Control File System.
May 09 20:39:19 nixos systemd[1]: Finished Create Static Device Nodes in /dev gracefully.
May 09 20:39:19 nixos systemd[1]: Starting Flush Journal to Persistent Storage...
May 09 20:39:19 nixos systemd[1]: Starting Create Static Device Nodes in /dev...
May 09 20:39:19 nixos systemd[1]: Finished Load/Save OS Random Seed.
May 09 20:39:19 nixos systemd[1]: First Boot Complete skipped, unmet condition check ConditionFirstBoot=yes
May 09 20:39:19 nixos systemd-journald[1032]: Time spent on flushing to /var/log/journal/846af36c6e764ff186ee926a4a991423 is 24.587ms for 1236 entries.
May 09 20:39:19 nixos systemd-journald[1032]: System Journal (/var/log/journal/846af36c6e764ff186ee926a4a991423) is 3.9G, max 4G, 6.1M free.
May 09 20:39:19 nixos systemd-journald[1032]: Received client request to flush runtime journal.
May 09 20:39:19 nixos systemd[1]: Finished Create Static Device Nodes in /dev.
May 09 20:39:19 nixos kernel: ccp 0000:0b:00.2: enabling device (0000 -> 0002)
May 09 20:39:19 nixos systemd[1]: Reached target Preparation for Local File Systems.
May 09 20:39:19 nixos kernel: ccp 0000:0b:00.2: ccp: unable to access the device: you might be running a broken BIOS.
May 09 20:39:19 nixos systemd[1]: Set up automount data.automount.
May 09 20:39:19 nixos kernel: ccp 0000:0b:00.2: tee enabled
May 09 20:39:19 nixos systemd[1]: Set up automount server.automount.
May 09 20:39:19 nixos kernel: ccp 0000:0b:00.2: psp enabled
May 09 20:39:19 nixos systemd[1]: Starting Rule-based Manager for Device Events and Files...
May 09 20:39:19 nixos kernel: kvm_amd: TSC scaling supported
May 09 20:39:19 nixos systemd-timesyncd[1049]: Disabling NSCD because DNSSEC validation is turned off
May 09 20:39:19 nixos kernel: kvm_amd: Nested Virtualization enabled
May 09 20:39:19 nixos systemd-udevd[1068]: Using default interface naming scheme 'v260'.
May 09 20:39:19 nixos kernel: kvm_amd: Nested Paging enabled
May 09 20:39:19 nixos systemd[1]: Started Network Time Synchronization.
May 09 20:39:19 nixos kernel: kvm_amd: LBR virtualization supported
May 09 20:39:19 nixos systemd-modules-load[1033]: Inserted module 'kvm_amd'
May 09 20:39:19 nixos kernel: kvm_amd: Virtual VMLOAD VMSAVE supported
May 09 20:39:19 nixos systemd[1]: Finished Load Kernel Modules.
May 09 20:39:19 nixos kernel: kvm_amd: Virtual GIF supported
May 09 20:39:19 nixos systemd[1]: Starting Firewall...
May 09 20:39:19 nixos systemd[1]: Starting Apply Kernel Variables...
May 09 20:39:19 nixos systemd[1]: Finished Flush Journal to Persistent Storage.
May 09 20:39:19 nixos systemd[1]: Finished Apply Kernel Variables.
May 09 20:39:19 nixos systemd[1]: Started Rule-based Manager for Device Events and Files.
May 09 20:39:19 nixos systemd[1]: Found device /dev/zram0.
May 09 20:39:19 nixos systemd[1]: Starting Create swap on /dev/zram0...
May 09 20:39:19 nixos kernel: ee1004 0-0052: 512 byte EE1004-compliant SPD EEPROM, read-only
May 09 20:39:19 nixos kernel: ee1004 0-0053: 512 byte EE1004-compliant SPD EEPROM, read-only
May 09 20:39:19 nixos kernel: zram0: detected capacity change from 0 to 16161792
May 09 20:39:19 nixos systemd-makefs[1153]: Formatting /dev/zram0 as swap
May 09 20:39:19 nixos systemd-makefs[1153]: /dev/zram0 successfully formatted as swap (label "zram0", uuid 0684bccf-9d1e-4fb3-948c-b3ef63d4f3e9)
May 09 20:39:19 nixos systemd[1]: Finished Create swap on /dev/zram0.
May 09 20:39:19 nixos systemd[1]: Activating swap Compressed Swap on /dev/zram0...
May 09 20:39:19 nixos kernel: Adding 8080892k swap on /dev/zram0.  Priority:5 extents:1 across:8080892k SSDsc
May 09 20:39:19 nixos systemd[1]: Activated swap Compressed Swap on /dev/zram0.
May 09 20:39:19 nixos systemd[1]: Finished Coldplug All udev Devices.
May 09 20:39:19 nixos kernel: raid6: avx2x4   gen() 32944 MB/s
May 09 20:39:19 nixos mtp-probe[1276]: checking bus 5, device 2: "/sys/devices/pci0000:00/0000:00:08.1/0000:0b:00.3/usb5/5-2"
May 09 20:39:19 nixos mtp-probe[1276]: bus: 5, device: 2 was not an MTP device
May 09 20:39:19 nixos mtp-probe[1283]: checking bus 3, device 2: "/sys/devices/pci0000:00/0000:00:02.1/0000:02:00.0/usb3/3-3"
May 09 20:39:19 nixos mtp-probe[1283]: bus: 3, device: 2 was not an MTP device
May 09 20:39:19 nixos kernel: input: Power Button as /devices/platform/PNP0C0C:00/input/input15
May 09 20:39:19 nixos kernel: ACPI: button: Power Button [PWRB]
May 09 20:39:19 nixos kernel: input: Power Button as /devices/platform/LNXPWRBN:00/input/input16
May 09 20:39:19 nixos kernel: raid6: avx2x2   gen() 33908 MB/s
May 09 20:39:19 nixos kernel: ACPI: button: Power Button [PWRF]
May 09 20:39:19 nixos systemd[1]: Condition check resulted in /dev/tpmrm0 being skipped.
May 09 20:39:19 nixos systemd[1]: Reached target Trusted Platform Module.
May 09 20:39:19 nixos kernel: raid6: avx2x1   gen() 23409 MB/s
May 09 20:39:19 nixos kernel: raid6: using algorithm avx2x2 gen() 33908 MB/s
May 09 20:39:19 nixos systemd[1]: Finished Firewall.
May 09 20:39:19 nixos kernel: raid6: .... xor() 30397 MB/s, rmw enabled
May 09 20:39:19 nixos kernel: raid6: using avx2x2 recovery algorithm
May 09 20:39:19 nixos kernel: xor: automatically using best checksumming function   avx       
May 09 20:39:19 nixos kernel: rtc_cmos 00:00: RTC can wake from S4
May 09 20:39:19 nixos kernel: nvidia-gpu 0000:01:00.3: enabling device (0000 -> 0002)
May 09 20:39:20 nixos kernel: rtc_cmos 00:00: registered as rtc0
May 09 20:39:20 nixos kernel: rtc_cmos 00:00: setting system clock to 2026-05-09T10:39:20 UTC (1778323160)
May 09 20:39:20 nixos kernel: rtc_cmos 00:00: alarms up to one month, y3k, 114 bytes nvram
May 09 20:39:20 nixos mtp-probe[1303]: checking bus 3, device 3: "/sys/devices/pci0000:00/0000:00:02.1/0000:02:00.0/usb3/3-4"
May 09 20:39:20 nixos mtp-probe[1304]: checking bus 3, device 5: "/sys/devices/pci0000:00/0000:00:02.1/0000:02:00.0/usb3/3-6"
May 09 20:39:20 nixos mtp-probe[1304]: bus: 3, device: 5 was not an MTP device
May 09 20:39:20 nixos mtp-probe[1303]: bus: 3, device: 3 was not an MTP device
May 09 20:39:20 nixos systemd[1]: Condition check resulted in Samsung_SSD_860_EVO_1TB BOOT being skipped.
May 09 20:39:20 nixos systemd[1]: Starting File System Check on /dev/disk/by-uuid/FB64-FC11...
May 09 20:39:20 nixos kernel: sp5100_tco: SP5100/SB800 TCO WatchDog Timer Driver
May 09 20:39:20 nixos kernel: sp5100-tco sp5100-tco: Using 0xfeb00000 for watchdog MMIO address
May 09 20:39:20 nixos kernel: RAPL PMU: API unit is 2^-32 Joules, 2 fixed counters, 163840 ms ovfl timer
May 09 20:39:20 nixos kernel: RAPL PMU: hw unit of domain package 2^-16 Joules
May 09 20:39:20 nixos kernel: RAPL PMU: hw unit of domain core 2^-16 Joules
May 09 20:39:20 nixos kernel: sp5100-tco sp5100-tco: initialized. heartbeat=60 sec (nowayout=0)
May 09 20:39:20 nixos kernel: mousedev: PS/2 mouse device common for all mice
May 09 20:39:20 nixos systemd[1]: Found device OCZ-AGILITY3 swap.
May 09 20:39:20 nixos kernel: amd_atl: AMD Address Translation Library initialized
May 09 20:39:20 nixos systemd[1]: Activating swap /dev/disk/by-label/swap...
May 09 20:39:20 nixos systemd-fsck[1313]: fsck.fat 4.2 (2021-01-31)
May 09 20:39:20 nixos systemd-fsck[1313]: /dev/sdc1: 246 files, 100029/261627 clusters
May 09 20:39:20 nixos kernel: Adding 58613756k swap on /dev/sdb1.  Priority:-1 extents:1 across:58613756k SS
May 09 20:39:20 nixos systemd[1]: Finished File System Check on /dev/disk/by-uuid/FB64-FC11.
May 09 20:39:20 nixos systemd[1]: Activated swap /dev/disk/by-label/swap.
May 09 20:39:20 nixos systemd[1]: Reached target Swaps.
May 09 20:39:20 nixos systemd[1]: Starting Userspace Out-Of-Memory (OOM) Killer...
May 09 20:39:20 nixos kernel: EDAC MC: Ver: 3.0.0
May 09 20:39:20 nixos kernel: MCE: In-kernel MCE decoding enabled.
May 09 20:39:20 nixos kernel: cfg80211: Loading compiled-in X.509 certificates for regulatory database
May 09 20:39:20 nixos kernel: Bluetooth: Core ver 2.22
May 09 20:39:20 nixos kernel: NET: Registered PF_BLUETOOTH protocol family
May 09 20:39:20 nixos kernel: Bluetooth: HCI device and connection manager initialized
May 09 20:39:20 nixos kernel: Bluetooth: HCI socket layer initialized
May 09 20:39:20 nixos kernel: Bluetooth: L2CAP socket layer initialized
May 09 20:39:20 nixos kernel: Bluetooth: SCO socket layer initialized
May 09 20:39:20 nixos systemd[1]: Listening on Load/Save RF Kill Switch Status /dev/rfkill Watch.
May 09 20:39:20 nixos kernel: Loaded X.509 cert 'sforshee: 00b28ddf47aef9cea7'
May 09 20:39:20 nixos kernel: Loaded X.509 cert 'wens: 61c038651aabdcf94bd0ac7ff06c7248db18c600'
May 09 20:39:20 nixos kernel: i8042: PNP: No PS/2 controller found.
May 09 20:39:20 nixos kernel: snd_hda_intel 0000:01:00.1: enabling device (0000 -> 0002)
May 09 20:39:20 nixos kernel: snd_hda_intel 0000:01:00.1: Disabling MSI
May 09 20:39:20 nixos kernel: snd_hda_intel 0000:01:00.1: Handle vga_switcheroo audio client
May 09 20:39:20 nixos kernel: snd_hda_intel 0000:0b:00.1: enabling device (0000 -> 0002)
May 09 20:39:20 nixos kernel: snd_hda_intel 0000:0b:00.6: enabling device (0000 -> 0002)
May 09 20:39:20 nixos systemd[1]: Starting Virtual Console Setup...
May 09 20:39:20 nixos systemd-timesyncd[1049]: Network configuration changed, trying to establish connection.
May 09 20:39:20 nixos kernel: xone_gip: loading out-of-tree module taints kernel.
May 09 20:39:20 nixos kernel: ACPI: bus type thunderbolt registered
May 09 20:39:20 nixos kernel: intel_rapl_common: Found RAPL domain package
May 09 20:39:20 nixos kernel: intel_rapl_common: Found RAPL domain core
May 09 20:39:20 nixos kernel: asus_wmi: ASUS WMI generic driver loaded
May 09 20:39:20 nixos kernel: r8169 0000:0a:00.0 eth0: RTL8168h/8111h, 04:42:1a:a7:fd:1e, XID 541, IRQ 88
May 09 20:39:20 nixos kernel: r8169 0000:0a:00.0 eth0: jumbo features [frames: 9194 bytes, tx checksumming: ko]
May 09 20:39:20 nixos systemd[1]: Starting Load/Save RF Kill Switch Status...
May 09 20:39:20 nixos kernel: asus_wmi: failed to register LPS0 sleep handler in asus-wmi
May 09 20:39:20 nixos systemd[1]: Started Userspace Out-Of-Memory (OOM) Killer.
May 09 20:39:20 nixos kernel: asus_wmi: Initialization: 0x0
May 09 20:39:20 nixos kernel: asus_wmi: BIOS WMI version: 0.9
May 09 20:39:20 nixos kernel: asus_wmi: SFUN value: 0x0
May 09 20:39:20 nixos kernel: eeepc-wmi eeepc-wmi: Detected ASUSWMI, use DCTS
May 09 20:39:20 nixos kernel: iwlwifi 0000:09:00.0: enabling device (0000 -> 0002)
May 09 20:39:20 nixos kernel: usbcore: registered new interface driver btusb
May 09 20:39:20 nixos systemd-vconsole-setup[1326]: Configuration of first virtual console was skipped, ignoring remaining ones.
May 09 20:39:20 nixos kernel: input: Eee PC WMI hotkeys as /devices/platform/eeepc-wmi/input/input23
May 09 20:39:20 nixos kernel: usbcore: registered new interface driver xone-dongle
May 09 20:39:20 nixos systemd[1]: Finished Virtual Console Setup.
May 09 20:39:20 nixos kernel: input: HD-Audio Generic HDMI/DP,pcm=3 as /devices/pci0000:00/0000:00:08.1/0000:0b:00.1/sound/card1/input17
May 09 20:39:20 nixos kernel: input: HD-Audio Generic HDMI/DP,pcm=7 as /devices/pci0000:00/0000:00:08.1/0000:0b:00.1/sound/card1/input18
May 09 20:39:20 nixos kernel: input: HD-Audio Generic HDMI/DP,pcm=8 as /devices/pci0000:00/0000:00:08.1/0000:0b:00.1/sound/card1/input19
May 09 20:39:20 nixos kernel: input: HD-Audio Generic HDMI/DP,pcm=9 as /devices/pci0000:00/0000:00:08.1/0000:0b:00.1/sound/card1/input20
May 09 20:39:20 nixos kernel: input: HD-Audio Generic HDMI/DP,pcm=10 as /devices/pci0000:00/0000:00:08.1/0000:0b:00.1/sound/card1/input21
May 09 20:39:20 nixos kernel: input: HD-Audio Generic HDMI/DP,pcm=11 as /devices/pci0000:00/0000:00:08.1/0000:0b:00.1/sound/card1/input22
May 09 20:39:20 nixos kernel: snd_hda_codec_alc882 hdaudioC2D0: autoconfig for ALC887-VD: line_outs=1 (0x14/0x0/0x0/0x0/0x0) type:line
May 09 20:39:20 nixos kernel: snd_hda_codec_alc882 hdaudioC2D0:    speaker_outs=0 (0x0/0x0/0x0/0x0/0x0)
May 09 20:39:20 nixos kernel: snd_hda_codec_alc882 hdaudioC2D0:    hp_outs=1 (0x1b/0x0/0x0/0x0/0x0)
May 09 20:39:20 nixos kernel: snd_hda_codec_alc882 hdaudioC2D0:    mono: mono_out=0x0
May 09 20:39:20 nixos kernel: snd_hda_codec_alc882 hdaudioC2D0:    dig-out=0x11/0x0
May 09 20:39:20 nixos kernel: snd_hda_codec_alc882 hdaudioC2D0:    inputs:
May 09 20:39:20 nixos kernel: snd_hda_codec_alc882 hdaudioC2D0:      Rear Mic=0x18
May 09 20:39:20 nixos kernel: snd_hda_codec_alc882 hdaudioC2D0:      Front Mic=0x19
May 09 20:39:20 nixos kernel: snd_hda_codec_alc882 hdaudioC2D0:      Line=0x1a
May 09 20:39:20 nixos kernel: Bluetooth: hci0: Found device firmware: intel/ibt-20-1-3.sfi
May 09 20:39:20 nixos kernel: Bluetooth: hci0: Boot Address: 0x24800
May 09 20:39:20 nixos kernel: Bluetooth: hci0: Firmware Version: 255-255.255
May 09 20:39:20 nixos kernel: input: HDA NVidia HDMI/DP,pcm=3 as /devices/pci0000:00/0000:00:01.1/0000:01:00.1/sound/card0/input24
May 09 20:39:20 nixos kernel: input: HDA NVidia HDMI/DP,pcm=7 as /devices/pci0000:00/0000:00:01.1/0000:01:00.1/sound/card0/input25
May 09 20:39:20 nixos kernel: input: HDA NVidia HDMI/DP,pcm=8 as /devices/pci0000:00/0000:00:01.1/0000:01:00.1/sound/card0/input26
May 09 20:39:20 nixos kernel: input: HDA NVidia HDMI/DP,pcm=9 as /devices/pci0000:00/0000:00:01.1/0000:01:00.1/sound/card0/input27
May 09 20:39:20 nixos kernel: usb 3-5: USB disconnect, device number 4
May 09 20:39:20 nixos kernel: Bluetooth: hci0: FW download error recovery failed (-19)
May 09 20:39:20 nixos kernel: Bluetooth: hci0: sending frame failed (-19)
May 09 20:39:20 nixos kernel: Bluetooth: hci0: Reading supported features failed (-19)
May 09 20:39:20 nixos kernel: Bluetooth: hci0: Error reading debug features
May 09 20:39:20 nixos kernel: Bluetooth: hci0: HCI LE Coded PHY feature bit is set, but its usage is not supported.
May 09 20:39:20 nixos kernel: input: HD-Audio Generic Rear Mic as /devices/pci0000:00/0000:00:08.1/0000:0b:00.6/sound/card2/input28
May 09 20:39:20 nixos kernel: r8169 0000:0a:00.0 enp10s0: renamed from eth0
May 09 20:39:20 nixos kernel: input: HD-Audio Generic Front Mic as /devices/pci0000:00/0000:00:08.1/0000:0b:00.6/sound/card2/input29
May 09 20:39:20 nixos kernel: input: HD-Audio Generic Line as /devices/pci0000:00/0000:00:08.1/0000:0b:00.6/sound/card2/input30
May 09 20:39:20 nixos kernel: input: HD-Audio Generic Line Out as /devices/pci0000:00/0000:00:08.1/0000:0b:00.6/sound/card2/input31
May 09 20:39:20 nixos kernel: input: HD-Audio Generic Front Headphone as /devices/pci0000:00/0000:00:08.1/0000:0b:00.6/sound/card2/input32
May 09 20:39:20 nixos systemd[1]: Started Load/Save RF Kill Switch Status.
May 09 20:39:20 nixos systemd[1]: Reached target Sound Card.
May 09 20:39:20 nixos systemd[1]: Load Kernel Module efi_pstore skipped, unmet condition check ConditionKernelModuleLoaded=!efi_pstore
May 09 20:39:20 nixos systemd[1]: Clear Stale Hibernate Storage Info skipped, unmet condition check ConditionPathExists=/sys/firmware/efi/efivars/HibernateLocation-8cf2644b-4b0b-428f-9387-6d876050dc67
May 09 20:39:20 nixos systemd[1]: Platform Persistent Storage Archival skipped, unmet condition check ConditionDirectoryNotEmpty=/sys/fs/pstore
May 09 20:39:20 nixos systemd[1]: Early TPM SRK Setup skipped, unmet condition check ConditionSecurity=measured-uki
May 09 20:39:20 nixos systemd[1]: TPM SRK Setup skipped, unmet condition check ConditionSecurity=measured-uki
May 09 20:39:21 nixos kernel: iwlwifi 0000:09:00.0: Detected crf-id 0x3617, cnv-id 0x100530 wfpm id 0x80000000
May 09 20:39:21 nixos kernel: iwlwifi 0000:09:00.0: PCI dev 2723/0084, rev=0x340, rfid=0x10a100
May 09 20:39:21 nixos kernel: iwlwifi 0000:09:00.0: Detected Intel(R) Wi-Fi 6 AX200 160MHz
May 09 20:39:21 nixos kernel: iwlwifi 0000:09:00.0: loaded firmware version 77.f39cc7f9.0 cc-a0-77.ucode op_mode iwlmvm
May 09 20:39:21 nixos kernel: pps_core: LinuxPPS API ver. 1 registered
May 09 20:39:21 nixos kernel: pps_core: Software ver. 5.3.6 - Copyright 2005-2007 Rodolfo Giometti <giometti@linux.it>
May 09 20:39:21 nixos kernel: PTP clock support registered
May 09 20:39:21 nixos systemd[1]: Mounting /boot...
May 09 20:39:21 nixos systemd[1]: Mounting /run/wrappers...
May 09 20:39:21 nixos systemd[1]: Mounted /run/wrappers.
May 09 20:39:21 nixos systemd[1]: Starting Create SUID/SGID Wrappers...
May 09 20:39:21 nixos kernel: usb 3-5: new full-speed USB device number 6 using xhci_hcd
May 09 20:39:21 nixos kernel: Btrfs loaded, zoned=yes, fsverity=yes
May 09 20:39:21 nixos systemd[1]: suid-sgid-wrappers.service: Deactivated successfully.
May 09 20:39:21 nixos systemd[1]: Finished Create SUID/SGID Wrappers.
May 09 20:39:21 nixos systemd[1]: suid-sgid-wrappers.service: Consumed 91ms CPU time over 102ms wall clock time, 8.9M memory peak, 3.1M read from disk.
May 09 20:39:21 nixos systemd[1]: Mounted /boot.
May 09 20:39:21 nixos systemd[1]: Found device /dev/mapper/crypt-home.
May 09 20:39:21 nixos systemd[1]: home.mount: Directory /home to mount over is not empty, mounting anyway.
May 09 20:39:21 nixos systemd[1]: Mounting /home...
May 09 20:39:21 nixos kernel: BTRFS: device label HOME devid 1 transid 157819 /dev/mapper/crypt-home (254:0) scanned by mount (1451)
May 09 20:39:21 nixos kernel: BTRFS info (device dm-0): first mount of filesystem f16ab94c-5c2a-4ecf-99be-3f08e1a5e258
May 09 20:39:21 nixos kernel: BTRFS info (device dm-0): using crc32c checksum algorithm
May 09 20:39:21 nixos kernel: iwlwifi 0000:09:00.0: Detected RF HR B3, rfid=0x10a100
May 09 20:39:21 nixos kernel: BTRFS info (device dm-0): enabling ssd optimizations
May 09 20:39:21 nixos kernel: BTRFS info (device dm-0): turning on async discard
May 09 20:39:21 nixos kernel: BTRFS info (device dm-0): enabling free space tree
May 09 20:39:21 nixos kernel: BTRFS info (device dm-0): use zstd compression, level 3
May 09 20:39:21 nixos systemd[1]: Mounted /home.
May 09 20:39:21 nixos systemd[1]: Reached target Local File Systems.
May 09 20:39:21 nixos systemd[1]: Listening on Boot Loader Control Service Socket.
May 09 20:39:21 nixos systemd-timesyncd[1049]: Network configuration changed, trying to establish connection.
May 09 20:39:21 nixos systemd[1]: Starting dynamic-hostname.service...
May 09 20:39:21 nixos systemd[1]: Starting Update Boot Loader Random Seed...
May 09 20:39:21 nixos systemd[1]: Save Transient machine-id to Disk skipped, unmet condition check ConditionPathIsMountPoint=/etc/machine-id
May 09 20:39:21 nixos systemd[1]: Starting Create System Files and Directories...
May 09 20:39:21 dectech-6af36c systemd[1]: dynamic-hostname.service: Deactivated successfully.
May 09 20:39:21 dectech-6af36c systemd[1]: Finished dynamic-hostname.service.
May 09 20:39:21 dectech-6af36c kernel: iwlwifi 0000:09:00.0: base HW address: 50:2f:9b:b1:cd:ad
May 09 20:39:21 dectech-6af36c systemd[1]: dynamic-hostname.service: Consumed 20ms CPU time over 28ms wall clock time, 3.9M memory peak, 1.2M read from disk.
May 09 20:39:21 dectech-6af36c systemd[1]: Reached target Login Prompts.
May 09 20:39:21 dectech-6af36c bootctl[1468]: Random seed file /boot/loader/random-seed successfully refreshed (32 bytes).
May 09 20:39:21 dectech-6af36c systemd[1]: Finished Update Boot Loader Random Seed.
May 09 20:39:21 dectech-6af36c systemd-timesyncd[1049]: Network configuration changed, trying to establish connection.
May 09 20:39:21 dectech-6af36c systemd-timesyncd[1049]: Network configuration changed, trying to establish connection.
May 09 20:39:21 dectech-6af36c systemd-timesyncd[1049]: Network configuration changed, trying to establish connection.
May 09 20:39:21 dectech-6af36c systemd-timesyncd[1049]: Network configuration changed, trying to establish connection.
May 09 20:39:21 dectech-6af36c systemd-timesyncd[1049]: Network configuration changed, trying to establish connection.
May 09 20:39:21 dectech-6af36c systemd[1]: Finished Create System Files and Directories.
May 09 20:39:21 dectech-6af36c systemd[1]: Rebuild Journal Catalog skipped, unmet condition check ConditionNeedsUpdate=/var
May 09 20:39:21 dectech-6af36c systemd[1]: Update is Completed skipped, no trigger condition checks were met.
May 09 20:39:21 dectech-6af36c systemd[1]: Starting Record System Boot/Shutdown in UTMP...
May 09 20:39:21 dectech-6af36c kernel: nvidia: module license 'NVIDIA' taints kernel.
May 09 20:39:21 dectech-6af36c kernel: Disabling lock debugging due to kernel taint
May 09 20:39:21 dectech-6af36c kernel: nvidia: module license taints kernel.
May 09 20:39:21 dectech-6af36c kernel: iwlwifi 0000:09:00.0 wlp9s0: renamed from wlan0
May 09 20:39:21 dectech-6af36c systemd[1]: Finished Record System Boot/Shutdown in UTMP.
May 09 20:39:21 dectech-6af36c systemd[1]: Reached target System Initialization.
May 09 20:39:21 dectech-6af36c systemd[1]: Started Discard unused filesystem blocks once a week.
May 09 20:39:21 dectech-6af36c systemd[1]: Started logrotate.timer.
May 09 20:39:21 dectech-6af36c systemd[1]: Started nix-gc.timer.
May 09 20:39:21 dectech-6af36c systemd[1]: Started podman-prune.timer.
May 09 20:39:21 dectech-6af36c systemd[1]: Started Daily Cleanup of Temporary Directories.
May 09 20:39:21 dectech-6af36c systemd[1]: Reached target Timer Units.
May 09 20:39:21 dectech-6af36c systemd[1]: Listening on Avahi mDNS/DNS-SD Stack Activation Socket.
May 09 20:39:21 dectech-6af36c systemd[1]: Listening on D-Bus System Message Bus Socket.
May 09 20:39:21 dectech-6af36c systemd[1]: Listening on Nix Daemon Socket.
May 09 20:39:21 dectech-6af36c systemd[1]: Starting Podman API Socket...
May 09 20:39:21 dectech-6af36c systemd[1]: Listening on Authorization Manager Agent Helper.
May 09 20:39:21 dectech-6af36c systemd[1]: Listening on OpenSSH Server Socket (systemd-ssh-generator, AF_UNIX Local).
May 09 20:39:21 dectech-6af36c systemd[1]: Listening on Hostname Service Socket.
May 09 20:39:21 dectech-6af36c systemd-timesyncd[1049]: Network configuration changed, trying to establish connection.
May 09 20:39:21 dectech-6af36c systemd[1]: Starting D-Bus System Message Bus...
May 09 20:39:21 dectech-6af36c systemd[1]: Listening on Podman API Socket.
May 09 20:39:21 dectech-6af36c systemd[1]: Reached target Socket Units.
May 09 20:39:21 dectech-6af36c systemd-timesyncd[1049]: Network configuration changed, trying to establish connection.
May 09 20:39:21 dectech-6af36c dbus-broker-launch[1495]: Looking up NSS group entry for 'netdev'...
May 09 20:39:21 dectech-6af36c dbus-broker-launch[1495]: NSS returned no entry for 'netdev'
May 09 20:39:21 dectech-6af36c dbus-broker-launch[1495]: Invalid group-name in /nix/store/fkbqm9wyyk9cbw69ldhxmjajabhr8jm1-system-path/share/dbus-1/system.d/avahi-dbus.conf +24: group="netdev"
May 09 20:39:21 dectech-6af36c dbus-broker-launch[1495]: Invalid group-name in /nix/store/cbjl8jkaxxrwlv2aa72hzakhbk4rsw0s-avahi-0.8/share/dbus-1/system.d/avahi-dbus.conf +24: group="netdev"
May 09 20:39:21 dectech-6af36c dbus-broker-launch[1495]: Ignoring duplicate name 'fi.w1.wpa_supplicant1' in service file '/nix/store/59ki34yyjdk2dj00cbwrdnssxd225971-wpa_supplicant-2.11/share/dbus-1/system-services/fi.w1.wpa_supplicant1.service'
May 09 20:39:21 dectech-6af36c dbus-broker-launch[1495]: Ignoring duplicate name 'org.freedesktop.nm_dispatcher' in service file '/nix/store/h2lgf1bgqn6n1qd44k6scyfrka6jl9bl-networkmanager-1.56.0/share/dbus-1/system-services/org.freedesktop.nm_dispatcher.service'
May 09 20:39:21 dectech-6af36c dbus-broker-launch[1495]: Ignoring duplicate name 'org.freedesktop.nm_priv_helper' in service file '/nix/store/h2lgf1bgqn6n1qd44k6scyfrka6jl9bl-networkmanager-1.56.0/share/dbus-1/system-services/org.freedesktop.nm_priv_helper.service'
May 09 20:39:21 dectech-6af36c dbus-broker-launch[1495]: Ignoring duplicate name 'org.freedesktop.ModemManager1' in service file '/nix/store/q1wldr2mq0vpqys9hqvs8kbrc3dfbwd0-modemmanager-1.24.2/share/dbus-1/system-services/org.freedesktop.ModemManager1.service'
May 09 20:39:21 dectech-6af36c dbus-broker-launch[1495]: Ignoring duplicate name 'org.freedesktop.UDisks2' in service file '/nix/store/c03zcxgln0yamads8hqijb429ymxd2kd-udisks-2.11.1/share/dbus-1/system-services/org.freedesktop.UDisks2.service'
May 09 20:39:21 dectech-6af36c dbus-broker-launch[1495]: Ignoring duplicate name 'org.bluez.mesh' in service file '/nix/store/zb0vr338s1sq0c7a3ca5i4zx89kjzd4n-bluez-5.86/share/dbus-1/system-services/org.bluez.mesh.service'
May 09 20:39:21 dectech-6af36c dbus-broker-launch[1495]: Ignoring duplicate name 'org.bluez' in service file '/nix/store/zb0vr338s1sq0c7a3ca5i4zx89kjzd4n-bluez-5.86/share/dbus-1/system-services/org.bluez.service'
May 09 20:39:21 dectech-6af36c dbus-broker-launch[1495]: Ignoring duplicate name 'org.freedesktop.Flatpak.SystemHelper' in service file '/nix/store/3lnpblx0qc1wsrrcm5a57szp09n5dwg5-flatpak-1.16.6/share/dbus-1/system-services/org.freedesktop.Flatpak.SystemHelper.service'
May 09 20:39:21 dectech-6af36c dbus-broker-launch[1495]: Ignoring duplicate name 'org.blueman.Mechanism' in service file '/nix/store/yjba7p5a8ddh0kax997gx3l1d1hr3aq7-blueman-2.4.6/share/dbus-1/system-services/org.blueman.Mechanism.service'
May 09 20:39:21 dectech-6af36c dbus-broker-launch[1495]: Ignoring duplicate name 'org.freedesktop.RealtimeKit1' in service file '/nix/store/k4p3zcvb5bc6374rl3650jccch7n5myq-rtkit-0.14/share/dbus-1/system-services/org.freedesktop.RealtimeKit1.service'
May 09 20:39:21 dectech-6af36c dbus-broker-launch[1495]: Ignoring duplicate name 'org.freedesktop.PolicyKit1' in service file '/nix/store/arpd85p8xwyzrmvhaffc6y32b22l5azn-polkit-127/share/dbus-1/system-services/org.freedesktop.PolicyKit1.service'
May 09 20:39:21 dectech-6af36c systemd[1]: Started D-Bus System Message Bus.
May 09 20:39:21 dectech-6af36c kernel: usb 3-5: New USB device found, idVendor=8087, idProduct=0029, bcdDevice= 0.01
May 09 20:39:21 dectech-6af36c kernel: usb 3-5: New USB device strings: Mfr=0, Product=0, SerialNumber=0
May 09 20:39:21 dectech-6af36c dbus-broker-launch[1495]: Ready
May 09 20:39:21 dectech-6af36c systemd[1]: Reached target Basic System.
May 09 20:39:21 dectech-6af36c systemd[1]: Starting Network Manager Script Dispatcher Service...
May 09 20:39:21 dectech-6af36c systemd[1]: Started ACPI Daemon.
May 09 20:39:21 dectech-6af36c kernel: Bluetooth: hci0: Bootloader revision 0.3 build 0 week 24 2017
May 09 20:39:21 dectech-6af36c systemd[1]: Starting Avahi mDNS/DNS-SD Stack...
May 09 20:39:21 dectech-6af36c systemd[1]: Starting Bluetooth service...
May 09 20:39:21 dectech-6af36c kernel: Bluetooth: hci0: Device revision is 1
May 09 20:39:21 dectech-6af36c kernel: Bluetooth: hci0: Secure boot is enabled
May 09 20:39:21 dectech-6af36c kernel: Bluetooth: hci0: OTP lock is enabled
May 09 20:39:21 dectech-6af36c kernel: Bluetooth: hci0: API lock is enabled
May 09 20:39:21 dectech-6af36c kernel: Bluetooth: hci0: Debug lock is disabled
May 09 20:39:21 dectech-6af36c kernel: Bluetooth: hci0: Minimum firmware build 1 week 10 2014
May 09 20:39:21 dectech-6af36c kernel: Bluetooth: hci0: Found device firmware: intel/ibt-20-1-3.sfi
May 09 20:39:21 dectech-6af36c kernel: Bluetooth: hci0: Boot Address: 0x24800
May 09 20:39:21 dectech-6af36c kernel: Bluetooth: hci0: Firmware Version: 255-255.255
May 09 20:39:21 dectech-6af36c systemd[1]: Started flatpak-repo.service.
May 09 20:39:21 dectech-6af36c systemd-timesyncd[1049]: Network configuration changed, trying to establish connection.
May 09 20:39:21 dectech-6af36c systemd[1]: Starting Home Manager environment for zozano...
May 09 20:39:21 dectech-6af36c systemd[1]: Import lastlog data into lastlog2 database skipped, unmet condition check ConditionPathExists=!/var/lib/lastlog/lastlog2.db
May 09 20:39:21 dectech-6af36c systemd[1]: Starting Logrotate configuration check...
May 09 20:39:21 dectech-6af36c systemd[1]: Starting Name Service Cache Daemon (nsncd)...
May 09 20:39:21 dectech-6af36c systemd[1]: Starting Container Device Interface (CDI) for Nvidia generator...
May 09 20:39:21 dectech-6af36c systemd[1]: Starting podman-network-tdarr_default.service...
May 09 20:39:21 dectech-6af36c systemd[1]: Starting Post-Boot Actions...
May 09 20:39:21 dectech-6af36c logrotate[1505]: warning: logrotate in debug mode does nothing except printing debug messages!  Consider using verbose mode (-v) instead if this is not what you want.
May 09 20:39:21 dectech-6af36c logrotate[1505]: reading config file /nix/store/y8gs42day8dnmmnvkmg6a4a7x0q0z0is-logrotate.conf
May 09 20:39:21 dectech-6af36c logrotate[1505]: note: 'monthly' overrides previously specified 'weekly'
May 09 20:39:21 dectech-6af36c logrotate[1505]: Reading state from file: /var/lib/logrotate.status
May 09 20:39:21 dectech-6af36c systemd[1]: Started Reset console on configuration changes.
May 09 20:39:21 dectech-6af36c logrotate[1505]: Allocating hash table for state file, size 64 entries
May 09 20:39:21 dectech-6af36c logrotate[1505]: Creating new state
May 09 20:39:21 dectech-6af36c logrotate[1505]: Creating new state
May 09 20:39:21 dectech-6af36c logrotate[1505]: Handling 2 logs
May 09 20:39:21 dectech-6af36c logrotate[1505]: rotating pattern: "/var/log/btmp" monthly empty log files are not rotated, only log files >= 1048576 bytes are rotated, (1 rotations), old logs are removed
May 09 20:39:21 dectech-6af36c logrotate[1505]: considering log /var/log/btmp
May 09 20:39:21 dectech-6af36c logrotate[1505]:   Now: 2026-05-09 20:39
May 09 20:39:21 dectech-6af36c logrotate[1505]:   Last rotated at 2024-11-03 21:00
May 09 20:39:21 dectech-6af36c logrotate[1505]:   log does not need rotating ('minsize' directive is used and the log size is smaller than the minsize value)
May 09 20:39:21 dectech-6af36c logrotate[1505]: rotating pattern: "/var/log/wtmp" monthly empty log files are not rotated, only log files >= 1048576 bytes are rotated, (1 rotations), old logs are removed
May 09 20:39:21 dectech-6af36c logrotate[1505]: considering log /var/log/wtmp
May 09 20:39:21 dectech-6af36c logrotate[1505]:   Now: 2026-05-09 20:39
May 09 20:39:21 dectech-6af36c logrotate[1505]:   Last rotated at 2026-03-04 18:00
May 09 20:39:21 dectech-6af36c logrotate[1505]:   log does not need rotating ('minsize' directive is used and the log size is smaller than the minsize value)
May 09 20:39:21 dectech-6af36c systemd[1]: Starting resolvconf update...
May 09 20:39:21 dectech-6af36c systemd[1]: SSH Host Keys Generation skipped, no trigger condition checks were met.
May 09 20:39:21 dectech-6af36c systemd[1]: Starting WPA Supplicant instance...
May 09 20:39:21 dectech-6af36c systemd[1]: Finished Logrotate configuration check.
May 09 20:39:21 dectech-6af36c nsncd[1506]: May 09 10:39:21.522 INFO started, config: Config { ignored_request_types: {}, worker_count: 8, handoff_timeout: 10s }, path: "/var/run/nscd/socket"
May 09 20:39:21 dectech-6af36c systemd[1]: Started Name Service Cache Daemon (nsncd).
May 09 20:39:21 dectech-6af36c systemd[1]: Finished Post-Boot Actions.
May 09 20:39:21 dectech-6af36c acpid[1499]: starting up with netlink and the input layer
May 09 20:39:21 dectech-6af36c acpid[1499]: 3 rules loaded
May 09 20:39:21 dectech-6af36c acpid[1499]: waiting for events: event logging is off
May 09 20:39:21 dectech-6af36c systemd[1]: Reached target Host and Network Name Lookups.
May 09 20:39:21 dectech-6af36c systemd[1]: Reached target User and Group Name Lookups.
May 09 20:39:21 dectech-6af36c hm-activate-zozano[1503]: Starting Home Manager activation
May 09 20:39:21 dectech-6af36c bluetoothd[1501]: Bluetooth daemon 5.86
May 09 20:39:21 dectech-6af36c systemd[1]: Starting User Login Management...
May 09 20:39:21 dectech-6af36c bluetoothd[1501]: Starting SDP server
May 09 20:39:21 dectech-6af36c systemd[1]: Started Bluetooth service.
May 09 20:39:21 dectech-6af36c avahi-daemon[1500]: Found user 'avahi' (UID 994) and group 'avahi' (GID 991).
May 09 20:39:21 dectech-6af36c systemd[1]: Reached target Bluetooth Support.
May 09 20:39:21 dectech-6af36c avahi-daemon[1500]: Successfully dropped root privileges.
May 09 20:39:21 dectech-6af36c systemd[1]: Started Network Manager Script Dispatcher Service.
May 09 20:39:21 dectech-6af36c avahi-daemon[1500]: avahi-daemon 0.8 starting up.
May 09 20:39:21 dectech-6af36c systemd[1]: Started Avahi mDNS/DNS-SD Stack.
May 09 20:39:21 dectech-6af36c avahi-daemon[1500]: No service file found in /etc/avahi/services.
May 09 20:39:21 dectech-6af36c systemd-timesyncd[1049]: Network configuration changed, trying to establish connection.
May 09 20:39:21 dectech-6af36c avahi-daemon[1500]: Joining mDNS multicast group on interface lo.IPv6 with address ::1.
May 09 20:39:21 dectech-6af36c avahi-daemon[1500]: New relevant interface lo.IPv6 for mDNS.
May 09 20:39:21 dectech-6af36c avahi-daemon[1500]: Joining mDNS multicast group on interface lo.IPv4 with address 127.0.0.1.
May 09 20:39:21 dectech-6af36c avahi-daemon[1500]: New relevant interface lo.IPv4 for mDNS.
May 09 20:39:21 dectech-6af36c avahi-daemon[1500]: Network interface enumeration completed.
May 09 20:39:21 dectech-6af36c avahi-daemon[1500]: Registering new address record for ::1 on lo.*.
May 09 20:39:21 dectech-6af36c avahi-daemon[1500]: Registering new address record for 127.0.0.1 on lo.IPv4.
May 09 20:39:21 dectech-6af36c systemd[1]: Stopped target Host and Network Name Lookups.
May 09 20:39:21 dectech-6af36c systemd[1]: Stopping Host and Network Name Lookups...
May 09 20:39:21 dectech-6af36c systemd[1]: Stopped target User and Group Name Lookups.
May 09 20:39:21 dectech-6af36c systemd[1]: Stopping User and Group Name Lookups...
May 09 20:39:21 dectech-6af36c systemd[1]: Stopping Name Service Cache Daemon (nsncd)...
May 09 20:39:21 dectech-6af36c avahi-daemon[1500]: Got SIGHUP, reloading.
May 09 20:39:21 dectech-6af36c systemd[1]: nscd.service: Deactivated successfully.
May 09 20:39:21 dectech-6af36c avahi-daemon[1500]: No service file found in /etc/avahi/services.
May 09 20:39:21 dectech-6af36c systemd[1]: Stopped Name Service Cache Daemon (nsncd).
May 09 20:39:21 dectech-6af36c systemd[1]: nscd.service: Consumed 16ms CPU time over 52ms wall clock time, 4.5M memory peak, 1M read from disk.
May 09 20:39:21 dectech-6af36c systemd[1]: Starting Name Service Cache Daemon (nsncd)...
May 09 20:39:21 dectech-6af36c systemd[1]: Started WPA Supplicant instance.
May 09 20:39:21 dectech-6af36c nsncd[1598]: May 09 10:39:21.573 INFO started, config: Config { ignored_request_types: {}, worker_count: 8, handoff_timeout: 10s }, path: "/var/run/nscd/socket"
May 09 20:39:21 dectech-6af36c systemd[1]: Finished resolvconf update.
May 09 20:39:21 dectech-6af36c systemd[1]: Started Name Service Cache Daemon (nsncd).
May 09 20:39:21 dectech-6af36c systemd[1]: Reached target Preparation for Network.
May 09 20:39:21 dectech-6af36c systemd[1]: Reached target Host and Network Name Lookups.
May 09 20:39:21 dectech-6af36c systemd-timesyncd[1049]: Network configuration changed, trying to establish connection.
May 09 20:39:21 dectech-6af36c systemd[1]: Reached target User and Group Name Lookups.
May 09 20:39:21 dectech-6af36c systemd[1]: Starting Network Manager...
May 09 20:39:21 dectech-6af36c systemd[1]: Starting Networking Setup...
May 09 20:39:21 dectech-6af36c systemd-logind[1556]: Watching system buttons on /dev/input/event4 (Logitech G703 LS)
May 09 20:39:21 dectech-6af36c systemd-logind[1556]: Watching system buttons on /dev/input/event0 (RDR Rainy 75)
May 09 20:39:21 dectech-6af36c systemd-logind[1556]: Watching system buttons on /dev/input/event1 (RDR Rainy 75 Keyboard)
May 09 20:39:21 dectech-6af36c systemd-logind[1556]: Watching system buttons on /dev/input/event6 (Power Button)
May 09 20:39:21 dectech-6af36c systemd-logind[1556]: Watching system buttons on /dev/input/event5 (Power Button)
May 09 20:39:21 dectech-6af36c systemd-timesyncd[1049]: Network configuration changed, trying to establish connection.
May 09 20:39:21 dectech-6af36c systemd-logind[1556]: New seat seat0.
May 09 20:39:21 dectech-6af36c systemd[1]: Started User Login Management.
May 09 20:39:21 dectech-6af36c systemd[1]: Starting linger-users.service...
May 09 20:39:21 dectech-6af36c flatpak-repo-start[1508]: error: Can't load uri https://flathub.org/repo/flathub.flatpakrepo: While fetching https://flathub.org/repo/flathub.flatpakrepo: [6] Could not resolve hostname
May 09 20:39:21 dectech-6af36c systemd[1]: flatpak-repo.service: Main process exited, code=exited, status=1/FAILURE
May 09 20:39:21 dectech-6af36c systemd[1]: flatpak-repo.service: Failed with result 'exit-code'.
May 09 20:39:21 dectech-6af36c systemd[1]: flatpak-repo.service: Consumed 34ms CPU time over 94ms wall clock time, 22.4M memory peak, 17.9M read from disk.
May 09 20:39:21 dectech-6af36c systemd[1]: linger-users.service: Deactivated successfully.
May 09 20:39:21 dectech-6af36c systemd[1]: Finished linger-users.service.
May 09 20:39:21 dectech-6af36c systemd[1]: Starting Hostname Service...
May 09 20:39:21 dectech-6af36c systemd[1]: Finished Networking Setup.
May 09 20:39:21 dectech-6af36c wpa_supplicant[1608]: Successfully initialized wpa_supplicant
May 09 20:39:21 dectech-6af36c systemd[1]: Started Nix Daemon.
May 09 20:39:21 dectech-6af36c systemd[1]: Started Hostname Service.
May 09 20:39:21 dectech-6af36c nix-daemon[1726]: accepted connection from pid 1553, user zozano
May 09 20:39:21 dectech-6af36c kernel: Generic FE-GE Realtek PHY r8169-0-a00:00: attached PHY driver (mii_bus:phy_addr=r8169-0-a00:00, irq=MAC)
May 09 20:39:21 dectech-6af36c nix-daemon[1726]: accepted connection from pid 1757, user zozano
May 09 20:39:21 dectech-6af36c kernel: nvidia-gpu 0000:01:00.3: i2c timeout error e0000000
May 09 20:39:21 dectech-6af36c kernel: ucsi_ccg 3-0008: i2c_transfer failed -110
May 09 20:39:21 dectech-6af36c kernel: ucsi_ccg 3-0008: ucsi_ccg_init failed - -110
May 09 20:39:21 dectech-6af36c kernel: ucsi_ccg 3-0008: probe with driver ucsi_ccg failed with error -110
May 09 20:39:21 dectech-6af36c kernel: Bluetooth: BNEP (Ethernet Emulation) ver 1.3
May 09 20:39:21 dectech-6af36c kernel: Bluetooth: BNEP socket layer initialized
May 09 20:39:21 dectech-6af36c hm-activate-zozano[1503]: Activating checkFilesChanged
May 09 20:39:21 dectech-6af36c hm-activate-zozano[1503]: Activating checkLinkTargets
May 09 20:39:21 dectech-6af36c bluetoothd[1501]: Bluetooth management interface 1.23 initialized
May 09 20:39:21 dectech-6af36c kernel: nvidia-nvlink: Nvlink Core is being initialized, major device number 237
May 09 20:39:21 dectech-6af36c kernel: 
May 09 20:39:21 dectech-6af36c kernel: nvidia 0000:01:00.0: vgaarb: VGA decodes changed: olddecodes=io+mem,decodes=none:owns=none
May 09 20:39:21 dectech-6af36c hm-activate-zozano[1780]: Existing file '/home/zozano/.config/Kvantum/Base16Kvantum/Base16Kvantum.kvconfig' is in the way of '/nix/store/jlpk4wpfaji7fh2ihn6fppq8qx4ixlq1-home-manager-files/.config/Kvantum/Base16Kvantum/Base16Kvantum.kvconfig', will be skipped since they are the same
May 09 20:39:21 dectech-6af36c hm-activate-zozano[1780]: Existing file '/home/zozano/.config/Kvantum/Base16Kvantum/Base16Kvantum.svg' is in the way of '/nix/store/jlpk4wpfaji7fh2ihn6fppq8qx4ixlq1-home-manager-files/.config/Kvantum/Base16Kvantum/Base16Kvantum.svg', will be skipped since they are the same
May 09 20:39:21 dectech-6af36c kernel: r8169 0000:0a:00.0 enp10s0: Link is Down
May 09 20:39:21 dectech-6af36c systemd[1]: Started Network Manager.
May 09 20:39:21 dectech-6af36c systemd[1]: Reached target Network.
May 09 20:39:21 dectech-6af36c systemd[1]: Starting Network Manager Wait Online...
May 09 20:39:21 dectech-6af36c systemd[1]: Started CoolerControl Daemon.
May 09 20:39:21 dectech-6af36c systemd[1]: Starting monero daemon...
May 09 20:39:21 dectech-6af36c podman[1519]: 2026-05-09 20:39:21.879909643 +1000 AEST m=+0.324300943 system refresh
May 09 20:39:21 dectech-6af36c systemd[1]: Started OpenRGB SDK Server.
May 09 20:39:21 dectech-6af36c podman-network-tdarr_default-start[1519]: [
May 09 20:39:21 dectech-6af36c podman-network-tdarr_default-start[1519]:      {
May 09 20:39:21 dectech-6af36c podman-network-tdarr_default-start[1519]:           "name": "tdarr_default",
May 09 20:39:21 dectech-6af36c podman-network-tdarr_default-start[1519]:           "id": "1a13985523d9402c15ed026ad86287c114e8bc832116a1186bfac2b4530bd43f",
May 09 20:39:21 dectech-6af36c podman-network-tdarr_default-start[1519]:           "driver": "bridge",
May 09 20:39:21 dectech-6af36c podman-network-tdarr_default-start[1519]:           "network_interface": "podman1",
May 09 20:39:21 dectech-6af36c podman-network-tdarr_default-start[1519]:           "created": "2026-02-16T11:37:43.080715092+11:00",
May 09 20:39:21 dectech-6af36c podman-network-tdarr_default-start[1519]:           "subnets": [
May 09 20:39:21 dectech-6af36c podman-network-tdarr_default-start[1519]:                {
May 09 20:39:21 dectech-6af36c podman-network-tdarr_default-start[1519]:                     "subnet": "10.89.0.0/24",
May 09 20:39:21 dectech-6af36c podman-network-tdarr_default-start[1519]:                     "gateway": "10.89.0.1"
May 09 20:39:21 dectech-6af36c podman-network-tdarr_default-start[1519]:                }
May 09 20:39:21 dectech-6af36c podman-network-tdarr_default-start[1519]:           ],
May 09 20:39:21 dectech-6af36c podman-network-tdarr_default-start[1519]:           "ipv6_enabled": false,
May 09 20:39:21 dectech-6af36c podman-network-tdarr_default-start[1519]:           "internal": false,
May 09 20:39:21 dectech-6af36c podman-network-tdarr_default-start[1519]:           "dns_enabled": true,
May 09 20:39:21 dectech-6af36c podman-network-tdarr_default-start[1519]:           "ipam_options": {
May 09 20:39:21 dectech-6af36c podman-network-tdarr_default-start[1519]:                "driver": "host-local"
May 09 20:39:21 dectech-6af36c podman-network-tdarr_default-start[1519]:           },
May 09 20:39:21 dectech-6af36c podman-network-tdarr_default-start[1519]:           "containers": {}
May 09 20:39:21 dectech-6af36c podman-network-tdarr_default-start[1519]:      }
May 09 20:39:21 dectech-6af36c podman-network-tdarr_default-start[1519]: ]
May 09 20:39:21 dectech-6af36c systemd[1]: Started prometheus-node-exporter.service.
May 09 20:39:21 dectech-6af36c systemd[1]: Starting SSH Daemon...
May 09 20:39:21 dectech-6af36c systemd[1]: Started Syncthing service.
May 09 20:39:21 dectech-6af36c systemd[1]: Finished podman-network-tdarr_default.service.
May 09 20:39:21 dectech-6af36c kernel: NVRM: loading NVIDIA UNIX x86_64 Kernel Module  595.71.05  Fri Apr 24 06:36:12 UTC 2026
May 09 20:39:21 dectech-6af36c sshd[1840]: Server listening on 0.0.0.0 port 22.
May 09 20:39:21 dectech-6af36c sshd[1840]: Server listening on :: port 22.
May 09 20:39:21 dectech-6af36c systemd[1]: Started SSH Daemon.
May 09 20:39:21 dectech-6af36c .coolercontrold-wrapped[1826]: System Info:
May 09 20:39:21 dectech-6af36c .coolercontrold-wrapped[1826]:   ------------------------------------------------------------
May 09 20:39:21 dectech-6af36c .coolercontrold-wrapped[1826]:   CoolerControlD       4.1.0
May 09 20:39:21 dectech-6af36c .coolercontrold-wrapped[1826]:   Name                 NixOS
May 09 20:39:21 dectech-6af36c .coolercontrold-wrapped[1826]:   OS                   Linux (NixOS 26.05)
May 09 20:39:21 dectech-6af36c .coolercontrold-wrapped[1826]:   Host                 dectech-6af36c
May 09 20:39:21 dectech-6af36c .coolercontrold-wrapped[1826]:   Kernel               7.0.3
May 09 20:39:21 dectech-6af36c .coolercontrold-wrapped[1826]:   Arch                 x86_64
May 09 20:39:21 dectech-6af36c .coolercontrold-wrapped[1826]:   Board Manufacturer   ASUSTeK COMPUTER INC.
May 09 20:39:21 dectech-6af36c systemd[1]: nvidia-container-toolkit-cdi-generator.service: Deactivated successfully.
May 09 20:39:21 dectech-6af36c .coolercontrold-wrapped[1826]:   Board Name           PRIME B550M-A (WI-FI)
May 09 20:39:21 dectech-6af36c .coolercontrold-wrapped[1826]:   Board Version        Rev X.0x
May 09 20:39:21 dectech-6af36c .coolercontrold-wrapped[1826]:   BIOS Manufacturer    American Megatrends Inc.
May 09 20:39:21 dectech-6af36c .coolercontrold-wrapped[1826]:   BIOS Version         5.17
May 09 20:39:21 dectech-6af36c systemd[1]: Stopped Container Device Interface (CDI) for Nvidia generator.
May 09 20:39:21 dectech-6af36c (udev-worker)[1111]: nvidia: Process '/nix/store/i27rhb3nr65rkrwz36bchkwmav6ggsmn-bash-5.3p9/bin/bash -c 'mknod -m 666 /dev/nvidiactl c 195 255'' failed with exit code 1.
May 09 20:39:21 dectech-6af36c systemd-timesyncd[1049]: Network configuration changed, trying to establish connection.
May 09 20:39:21 dectech-6af36c systemd-timesyncd[1049]: Network configuration changed, trying to establish connection.
May 09 20:39:21 dectech-6af36c systemd[1]: Starting Container Device Interface (CDI) for Nvidia generator...
May 09 20:39:21 dectech-6af36c (udev-worker)[1111]: nvidia: Process '/nix/store/i27rhb3nr65rkrwz36bchkwmav6ggsmn-bash-5.3p9/bin/bash -c 'for i in $(cat /proc/driver/nvidia/gpus/*/information | grep Minor | cut -d \  -f 4); do mknod -m 666 /dev/nvidia${i} c 195 ${i}; done'' failed with exit code 1.
May 09 20:39:21 dectech-6af36c systemd[1]: Started monero daemon.
May 09 20:39:21 dectech-6af36c .coolercontrold-wrapped[1826]: Configuration file check successful
May 09 20:39:21 dectech-6af36c node_exporter[1838]: time=2026-05-09T20:39:21.967+10:00 level=INFO source=node_exporter.go:217 msg="Starting node_exporter" version="(version=1.11.1, branch=unknown, revision=unknown)"
May 09 20:39:21 dectech-6af36c node_exporter[1838]: time=2026-05-09T20:39:21.967+10:00 level=INFO source=node_exporter.go:218 msg="Build context" build_context="(go=go1.26.2, platform=linux/amd64, user=nix@nixpkgs, date=unknown, tags=unknown)"
May 09 20:39:21 dectech-6af36c node_exporter[1838]: time=2026-05-09T20:39:21.968+10:00 level=INFO source=diskstats_common.go:110 msg="Parsed flag --collector.diskstats.device-exclude" collector=diskstats flag=^(z?ram|loop|fd|(h|s|v|xv)d[a-z]|nvme\d+n\d+p)\d+$
May 09 20:39:21 dectech-6af36c node_exporter[1838]: time=2026-05-09T20:39:21.969+10:00 level=INFO source=filesystem_common.go:263 msg="Parsed flag --collector.filesystem.mount-points-exclude" collector=filesystem flag=^/(dev|proc|run/credentials/.+|sys|var/lib/docker/.+|var/lib/containers/storage/.+)($|/)
May 09 20:39:21 dectech-6af36c node_exporter[1838]: time=2026-05-09T20:39:21.969+10:00 level=INFO source=filesystem_common.go:292 msg="Parsed flag --collector.filesystem.fs-types-exclude" collector=filesystem flag=^(autofs|binfmt_misc|bpf|cgroup2?|configfs|debugfs|devpts|devtmpfs|fusectl|hugetlbfs|iso9660|mqueue|nsfs|overlay|proc|procfs|pstore|rpc_pipefs|securityfs|selinuxfs|squashfs|erofs|sysfs|tracefs)$
May 09 20:39:21 dectech-6af36c node_exporter[1838]: time=2026-05-09T20:39:21.970+10:00 level=INFO source=node_exporter.go:136 msg="Enabled collectors"
May 09 20:39:21 dectech-6af36c node_exporter[1838]: time=2026-05-09T20:39:21.970+10:00 level=INFO source=node_exporter.go:142 msg=arp
May 09 20:39:21 dectech-6af36c node_exporter[1838]: time=2026-05-09T20:39:21.970+10:00 level=INFO source=node_exporter.go:142 msg=bcache
May 09 20:39:21 dectech-6af36c node_exporter[1838]: time=2026-05-09T20:39:21.970+10:00 level=INFO source=node_exporter.go:142 msg=bcachefs
May 09 20:39:21 dectech-6af36c node_exporter[1838]: time=2026-05-09T20:39:21.970+10:00 level=INFO source=node_exporter.go:142 msg=bonding
May 09 20:39:21 dectech-6af36c node_exporter[1838]: time=2026-05-09T20:39:21.970+10:00 level=INFO source=node_exporter.go:142 msg=btrfs
May 09 20:39:21 dectech-6af36c node_exporter[1838]: time=2026-05-09T20:39:21.970+10:00 level=INFO source=node_exporter.go:142 msg=conntrack
May 09 20:39:21 dectech-6af36c node_exporter[1838]: time=2026-05-09T20:39:21.970+10:00 level=INFO source=node_exporter.go:142 msg=cpu
May 09 20:39:21 dectech-6af36c node_exporter[1838]: time=2026-05-09T20:39:21.970+10:00 level=INFO source=node_exporter.go:142 msg=cpufreq
May 09 20:39:21 dectech-6af36c node_exporter[1838]: time=2026-05-09T20:39:21.970+10:00 level=INFO source=node_exporter.go:142 msg=diskstats
May 09 20:39:21 dectech-6af36c node_exporter[1838]: time=2026-05-09T20:39:21.970+10:00 level=INFO source=node_exporter.go:142 msg=dmi
May 09 20:39:21 dectech-6af36c node_exporter[1838]: time=2026-05-09T20:39:21.970+10:00 level=INFO source=node_exporter.go:142 msg=edac
May 09 20:39:21 dectech-6af36c node_exporter[1838]: time=2026-05-09T20:39:21.970+10:00 level=INFO source=node_exporter.go:142 msg=entropy
May 09 20:39:21 dectech-6af36c node_exporter[1838]: time=2026-05-09T20:39:21.970+10:00 level=INFO source=node_exporter.go:142 msg=fibrechannel
May 09 20:39:21 dectech-6af36c node_exporter[1838]: time=2026-05-09T20:39:21.970+10:00 level=INFO source=node_exporter.go:142 msg=filefd
May 09 20:39:21 dectech-6af36c node_exporter[1838]: time=2026-05-09T20:39:21.970+10:00 level=INFO source=node_exporter.go:142 msg=filesystem
May 09 20:39:21 dectech-6af36c node_exporter[1838]: time=2026-05-09T20:39:21.970+10:00 level=INFO source=node_exporter.go:142 msg=hwmon
May 09 20:39:21 dectech-6af36c node_exporter[1838]: time=2026-05-09T20:39:21.970+10:00 level=INFO source=node_exporter.go:142 msg=infiniband
May 09 20:39:21 dectech-6af36c node_exporter[1838]: time=2026-05-09T20:39:21.970+10:00 level=INFO source=node_exporter.go:142 msg=ipvs
May 09 20:39:21 dectech-6af36c node_exporter[1838]: time=2026-05-09T20:39:21.970+10:00 level=INFO source=node_exporter.go:142 msg=kernel_hung
May 09 20:39:21 dectech-6af36c node_exporter[1838]: time=2026-05-09T20:39:21.970+10:00 level=INFO source=node_exporter.go:142 msg=loadavg
May 09 20:39:21 dectech-6af36c node_exporter[1838]: time=2026-05-09T20:39:21.970+10:00 level=INFO source=node_exporter.go:142 msg=mdadm
May 09 20:39:21 dectech-6af36c node_exporter[1838]: time=2026-05-09T20:39:21.970+10:00 level=INFO source=node_exporter.go:142 msg=meminfo
May 09 20:39:21 dectech-6af36c node_exporter[1838]: time=2026-05-09T20:39:21.970+10:00 level=INFO source=node_exporter.go:142 msg=netclass
May 09 20:39:21 dectech-6af36c node_exporter[1838]: time=2026-05-09T20:39:21.970+10:00 level=INFO source=node_exporter.go:142 msg=netdev
May 09 20:39:21 dectech-6af36c node_exporter[1838]: time=2026-05-09T20:39:21.970+10:00 level=INFO source=node_exporter.go:142 msg=netstat
May 09 20:39:21 dectech-6af36c node_exporter[1838]: time=2026-05-09T20:39:21.970+10:00 level=INFO source=node_exporter.go:142 msg=nfs
May 09 20:39:21 dectech-6af36c node_exporter[1838]: time=2026-05-09T20:39:21.970+10:00 level=INFO source=node_exporter.go:142 msg=nfsd
May 09 20:39:21 dectech-6af36c node_exporter[1838]: time=2026-05-09T20:39:21.970+10:00 level=INFO source=node_exporter.go:142 msg=nvme
May 09 20:39:21 dectech-6af36c node_exporter[1838]: time=2026-05-09T20:39:21.970+10:00 level=INFO source=node_exporter.go:142 msg=os
May 09 20:39:21 dectech-6af36c node_exporter[1838]: time=2026-05-09T20:39:21.970+10:00 level=INFO source=node_exporter.go:142 msg=powersupplyclass
May 09 20:39:21 dectech-6af36c node_exporter[1838]: time=2026-05-09T20:39:21.970+10:00 level=INFO source=node_exporter.go:142 msg=pressure
May 09 20:39:21 dectech-6af36c node_exporter[1838]: time=2026-05-09T20:39:21.970+10:00 level=INFO source=node_exporter.go:142 msg=rapl
May 09 20:39:21 dectech-6af36c node_exporter[1838]: time=2026-05-09T20:39:21.970+10:00 level=INFO source=node_exporter.go:142 msg=schedstat
May 09 20:39:21 dectech-6af36c node_exporter[1838]: time=2026-05-09T20:39:21.970+10:00 level=INFO source=node_exporter.go:142 msg=selinux
May 09 20:39:21 dectech-6af36c node_exporter[1838]: time=2026-05-09T20:39:21.970+10:00 level=INFO source=node_exporter.go:142 msg=sockstat
May 09 20:39:21 dectech-6af36c node_exporter[1838]: time=2026-05-09T20:39:21.970+10:00 level=INFO source=node_exporter.go:142 msg=softnet
May 09 20:39:21 dectech-6af36c node_exporter[1838]: time=2026-05-09T20:39:21.970+10:00 level=INFO source=node_exporter.go:142 msg=stat
May 09 20:39:21 dectech-6af36c node_exporter[1838]: time=2026-05-09T20:39:21.970+10:00 level=INFO source=node_exporter.go:142 msg=tapestats
May 09 20:39:21 dectech-6af36c node_exporter[1838]: time=2026-05-09T20:39:21.970+10:00 level=INFO source=node_exporter.go:142 msg=textfile
May 09 20:39:21 dectech-6af36c node_exporter[1838]: time=2026-05-09T20:39:21.970+10:00 level=INFO source=node_exporter.go:142 msg=thermal_zone
May 09 20:39:21 dectech-6af36c node_exporter[1838]: time=2026-05-09T20:39:21.970+10:00 level=INFO source=node_exporter.go:142 msg=time
May 09 20:39:21 dectech-6af36c node_exporter[1838]: time=2026-05-09T20:39:21.970+10:00 level=INFO source=node_exporter.go:142 msg=timex
May 09 20:39:21 dectech-6af36c node_exporter[1838]: time=2026-05-09T20:39:21.970+10:00 level=INFO source=node_exporter.go:142 msg=udp_queues
May 09 20:39:21 dectech-6af36c node_exporter[1838]: time=2026-05-09T20:39:21.970+10:00 level=INFO source=node_exporter.go:142 msg=uname
May 09 20:39:21 dectech-6af36c node_exporter[1838]: time=2026-05-09T20:39:21.970+10:00 level=INFO source=node_exporter.go:142 msg=vmstat
May 09 20:39:21 dectech-6af36c node_exporter[1838]: time=2026-05-09T20:39:21.970+10:00 level=INFO source=node_exporter.go:142 msg=watchdog
May 09 20:39:21 dectech-6af36c node_exporter[1838]: time=2026-05-09T20:39:21.970+10:00 level=INFO source=node_exporter.go:142 msg=xfs
May 09 20:39:21 dectech-6af36c node_exporter[1838]: time=2026-05-09T20:39:21.970+10:00 level=INFO source=node_exporter.go:142 msg=zfs
May 09 20:39:21 dectech-6af36c node_exporter[1838]: time=2026-05-09T20:39:21.972+10:00 level=INFO source=tls_config.go:354 msg="Listening on" address=[::]:9100
May 09 20:39:21 dectech-6af36c node_exporter[1838]: time=2026-05-09T20:39:21.972+10:00 level=INFO source=tls_config.go:357 msg="TLS is disabled." http2=false address=[::]:9100
May 09 20:39:21 dectech-6af36c hm-activate-zozano[1503]: Activating writeBoundary
May 09 20:39:21 dectech-6af36c hm-activate-zozano[1503]: Activating createGpgHomedir
May 09 20:39:21 dectech-6af36c hm-activate-zozano[1503]: Activating installPackages
May 09 20:39:21 dectech-6af36c syncthing[1847]: 2026-05-09 20:39:21 INF syncthing v2.0.15 "Hafnium Hornet" (go1.26.2 linux-amd64) nix@nix 1980-01-01 00:00:00 UTC [noupgrade, stnoupgrade] (log.pkg=main)
May 09 20:39:22 dectech-6af36c hm-activate-zozano[1503]: Activating dconfSettings
May 09 20:39:22 dectech-6af36c syncthing[1847]: 2026-05-09 20:39:22 INF Calculated our device ID (device=ZRJNAR5-7EUXEHP-JVMQSZG-QRTRM2Y-L3SFRMQ-OCJQ7GE-FZVELKB-3AEPJAL log.pkg=syncthing)
May 09 20:39:22 dectech-6af36c syncthing[1847]: 2026-05-09 20:39:22 INF Overall rate limit in use (send="is unlimited" recv="is unlimited" log.pkg=connections)
May 09 20:39:22 dectech-6af36c syncthing[1847]: 2026-05-09 20:39:22 INF Relay listener starting (id=dynamic+https://relays.syncthing.net/endpoint log.pkg=connections)
May 09 20:39:22 dectech-6af36c syncthing[1847]: 2026-05-09 20:39:22 INF Using discovery mechanism (identity="global discovery server https://discovery-lookup.syncthing.net/v2/?noannounce" log.pkg=discover)
May 09 20:39:22 dectech-6af36c syncthing[1847]: 2026-05-09 20:39:22 INF Using discovery mechanism (identity="global discovery server https://discovery-announce-v4.syncthing.net/v2/?nolookup" log.pkg=discover)
May 09 20:39:22 dectech-6af36c syncthing[1847]: 2026-05-09 20:39:22 INF Using discovery mechanism (identity="global discovery server https://discovery-announce-v6.syncthing.net/v2/?nolookup" log.pkg=discover)
May 09 20:39:22 dectech-6af36c syncthing[1847]: 2026-05-09 20:39:22 INF Using discovery mechanism (identity="IPv4 local broadcast discovery on port 21027" log.pkg=discover)
May 09 20:39:22 dectech-6af36c syncthing[1847]: 2026-05-09 20:39:22 INF Using discovery mechanism (identity="IPv6 local multicast discovery on address [ff12::8384]:21027" log.pkg=discover)
May 09 20:39:22 dectech-6af36c syncthing[1847]: 2026-05-09 20:39:22 INF Ready to synchronize (folder.label="Syncthing Computer" folder.id=j1b1q-rmswz folder.type=sendreceive log.pkg=model)
May 09 20:39:22 dectech-6af36c syncthing[1847]: 2026-05-09 20:39:22 ERR Failed initial scan (error="folder path missing" folder.label="Syncthing Computer" folder.id=j1b1q-rmswz folder.type=sendreceive log.pkg=model)
May 09 20:39:22 dectech-6af36c syncthing[1847]: 2026-05-09 20:39:22 WRN Error on folder (error="folder path missing" folder.label="Syncthing Computer" folder.id=j1b1q-rmswz folder.type=sendreceive log.pkg=model)
May 09 20:39:22 dectech-6af36c syncthing[1847]: 2026-05-09 20:39:22 WRN Folder is in error state (folder=j1b1q-rmswz error="folder path missing" log.pkg=model)
May 09 20:39:22 dectech-6af36c syncthing[1847]: 2026-05-09 20:39:22 INF TCP listener starting (address="[::]:22000" log.pkg=connections)
May 09 20:39:22 dectech-6af36c syncthing[1847]: 2026-05-09 20:39:22 INF Ready to synchronize (folder.label=Syncthing folder.id=my87j-bcag5 folder.type=sendreceive log.pkg=model)
May 09 20:39:22 dectech-6af36c syncthing[1847]: 2026-05-09 20:39:22 ERR Failed initial scan (error="folder path missing" folder.label=Syncthing folder.id=my87j-bcag5 folder.type=sendreceive log.pkg=model)
May 09 20:39:22 dectech-6af36c syncthing[1847]: 2026-05-09 20:39:22 WRN Error on folder (error="folder path missing" folder.label=Syncthing folder.id=my87j-bcag5 folder.type=sendreceive log.pkg=model)
May 09 20:39:22 dectech-6af36c syncthing[1847]: 2026-05-09 20:39:22 INF QUIC listener starting (address="[::]:22000" log.pkg=connections)
May 09 20:39:22 dectech-6af36c syncthing[1847]: 2026-05-09 20:39:22 WRN Folder is in error state (folder=my87j-bcag5 error="folder path missing" log.pkg=model)
May 09 20:39:22 dectech-6af36c syncthing[1847]: 2026-05-09 20:39:22 INF Detected NAT services (count=0 log.pkg=nat)
May 09 20:39:22 dectech-6af36c syncthing[1847]: 2026-05-09 20:39:22 INF Relay listener shutting down (id=dynamic+https://relays.syncthing.net/endpoint log.pkg=connections)
May 09 20:39:22 dectech-6af36c syncthing[1847]: 2026-05-09 20:39:22 WRN Service failed (error="Get \"https://relays.syncthing.net/endpoint\": dial tcp: lookup relays.syncthing.net: no such host" supervisor=listenerSupervisor@dynamic+https://relays.syncthing.net/endpoint service=dynamic+https://relays.syncthing.net/endpoint log.pkg=connections)
May 09 20:39:22 dectech-6af36c syncthing[1847]: 2026-05-09 20:39:22 INF Relay listener starting (id=dynamic+https://relays.syncthing.net/endpoint log.pkg=connections)
May 09 20:39:22 dectech-6af36c syncthing[1847]: 2026-05-09 20:39:22 INF Relay listener shutting down (id=dynamic+https://relays.syncthing.net/endpoint log.pkg=connections)
May 09 20:39:22 dectech-6af36c syncthing[1847]: 2026-05-09 20:39:22 WRN Service failed (error="Get \"https://relays.syncthing.net/endpoint\": dial tcp: lookup relays.syncthing.net: no such host" supervisor=listenerSupervisor@dynamic+https://relays.syncthing.net/endpoint service=dynamic+https://relays.syncthing.net/endpoint log.pkg=connections)
May 09 20:39:22 dectech-6af36c syncthing[1847]: 2026-05-09 20:39:22 INF Relay listener starting (id=dynamic+https://relays.syncthing.net/endpoint log.pkg=connections)
May 09 20:39:22 dectech-6af36c syncthing[1847]: 2026-05-09 20:39:22 INF GUI and API listening (address=127.0.0.1:8384 log.pkg=api)
May 09 20:39:22 dectech-6af36c syncthing[1847]: 2026-05-09 20:39:22 INF Relay listener shutting down (id=dynamic+https://relays.syncthing.net/endpoint log.pkg=connections)
May 09 20:39:22 dectech-6af36c syncthing[1847]: 2026-05-09 20:39:22 INF Access the GUI via the following URL: http://127.0.0.1:8384/ (log.pkg=api)
May 09 20:39:22 dectech-6af36c syncthing[1847]: 2026-05-09 20:39:22 WRN Service failed (error="Get \"https://relays.syncthing.net/endpoint\": dial tcp: lookup relays.syncthing.net: no such host" supervisor=listenerSupervisor@dynamic+https://relays.syncthing.net/endpoint service=dynamic+https://relays.syncthing.net/endpoint log.pkg=connections)
May 09 20:39:22 dectech-6af36c syncthing[1847]: 2026-05-09 20:39:22 INF Loaded configuration (name=z-nixos log.pkg=syncthing)
May 09 20:39:22 dectech-6af36c syncthing[1847]: 2026-05-09 20:39:22 INF Loaded peer device configuration (device=AMHMZS6 name="Pixel 8a" address="[dynamic]" log.pkg=syncthing)
May 09 20:39:22 dectech-6af36c syncthing[1847]: 2026-05-09 20:39:22 INF Loaded peer device configuration (device=FRNTAE6 name="OnePlus 7 Pro" address="[dynamic]" log.pkg=syncthing)
May 09 20:39:22 dectech-6af36c hm-activate-zozano[1984]: dbus-daemon[1984]: [session uid=1000 pid=1984 pidfd=5] Activating service name='ca.desrt.dconf' requested by ':1.0' (uid=1000 pid=1997 comm="/nix/store/qpqhl3f18vmy1bkq2fisg0f6x64v24xs-dconf-")
May 09 20:39:22 dectech-6af36c hm-activate-zozano[1984]: dbus-daemon[1984]: [session uid=1000 pid=1984 pidfd=5] Successfully activated service 'ca.desrt.dconf'
May 09 20:39:22 dectech-6af36c hm-activate-zozano[1503]: Activating linkGeneration
May 09 20:39:22 dectech-6af36c hm-activate-zozano[1503]: Cleaning up orphan links from /home/zozano
May 09 20:39:22 dectech-6af36c hm-activate-zozano[1503]: Creating home file links in /home/zozano
May 09 20:39:22 dectech-6af36c kernel: nvidia_uvm: module uses symbols nvUvmInterfaceDisableAccessCntr from proprietary module nvidia, inheriting taint.
May 09 20:39:22 dectech-6af36c kernel: nvidia-modeset: Loading NVIDIA Kernel Mode Setting Driver for UNIX platforms  595.71.05  Fri Apr 24 06:27:06 UTC 2026
May 09 20:39:22 dectech-6af36c kernel: [drm] [nvidia-drm] [GPU ID 0x00000100] Loading driver
May 09 20:39:22 dectech-6af36c hm-activate-zozano[1503]: Activating onFilesChange
May 09 20:39:22 dectech-6af36c hm-activate-zozano[1503]: Activating reloadSystemd
May 09 20:39:22 dectech-6af36c hm-activate-zozano[1503]: User systemd daemon not running. Skipping reload.
May 09 20:39:22 dectech-6af36c hm-activate-zozano[1503]: Activating stylixLookAndFeel
May 09 20:39:22 dectech-6af36c nix-daemon[1726]: accepted connection from pid 2322, user zozano
May 09 20:39:22 dectech-6af36c systemd[1]: Finished Home Manager environment for zozano.
May 09 20:39:22 dectech-6af36c syncthing[1847]: 2026-05-09 20:39:22 INF Measured hashing performance (perf="1882.62 MB/s" log.pkg=syncthing)
May 09 20:39:22 dectech-6af36c avahi-daemon[1500]: Server startup complete. Host name is dectech-6af36c.local. Local service cookie is 3203530091.
May 09 20:39:23 dectech-6af36c kernel: usb 3-4: USB disconnect, device number 3
May 09 20:39:23 dectech-6af36c kernel: xone-dongle 3-4:1.0: xone_dongle_fw_load: init radio failed: -108
May 09 20:39:23 dectech-6af36c systemd[1]: Starting Permit User Sessions...
May 09 20:39:23 dectech-6af36c systemd[1]: Finished Permit User Sessions.
May 09 20:39:23 dectech-6af36c systemd[1]: Started Display Manager.
May 09 20:39:23 dectech-6af36c sddm[2373]: Initializing...
May 09 20:39:23 dectech-6af36c sddm[2373]: Starting...
May 09 20:39:23 dectech-6af36c sddm[2373]: Logind interface found
May 09 20:39:23 dectech-6af36c kernel: [drm] Initialized nvidia-drm 0.0.0 for 0000:01:00.0 on minor 1
May 09 20:39:23 dectech-6af36c sddm[2373]: Adding new display...
May 09 20:39:23 dectech-6af36c sddm[2373]: Loaded empty theme configuration
May 09 20:39:23 dectech-6af36c sddm[2373]: Using VT 1
May 09 20:39:23 dectech-6af36c sddm[2373]: Display server started.
May 09 20:39:23 dectech-6af36c sddm[2373]: Reading from "/nix/store/mkabqp9y4xcg9nah9868vjw0jylcrwsp-desktops/share/wayland-sessions/hyprland.desktop"
May 09 20:39:23 dectech-6af36c sddm[2373]: Session "/nix/store/mkabqp9y4xcg9nah9868vjw0jylcrwsp-desktops/share/wayland-sessions/hyprland.desktop" selected, command: "/nix/store/w67njz292q66f6qzksl2xqh48hhv2ifv-hyprland-0.54.3/bin/start-hyprland" for VT 1
May 09 20:39:23 dectech-6af36c kernel: Console: switching to colour dummy device 80x25
May 09 20:39:23 dectech-6af36c kernel: nvidia 0000:01:00.0: vgaarb: deactivate vga console
May 09 20:39:23 dectech-6af36c sddm-helper[2376]: [PAM] Starting...
May 09 20:39:23 dectech-6af36c sddm-helper[2376]: [PAM] Authenticating...
May 09 20:39:23 dectech-6af36c sddm-helper[2376]: [PAM] returning.
May 09 20:39:23 dectech-6af36c sddm[2373]: Authentication for user  "zozano"  successful
May 09 20:39:23 dectech-6af36c sddm-helper[2376]: pam_unix(sddm-autologin:session): session opened for user zozano(uid=1000) by (uid=0)
May 09 20:39:23 dectech-6af36c systemd-timesyncd[1049]: Network configuration changed, trying to establish connection.
May 09 20:39:23 dectech-6af36c systemd-logind[1556]: New session '1' of user 'zozano' with class 'user' and type 'wayland'.
May 09 20:39:23 dectech-6af36c systemd[1]: Created slice Slice /user/1000.
May 09 20:39:23 dectech-6af36c systemd[1]: Starting User Runtime Directory /run/user/1000...
May 09 20:39:23 dectech-6af36c kernel: fbcon: nvidia-drmdrmfb (fb0) is primary device
May 09 20:39:23 dectech-6af36c kernel: usb 3-4: new high-speed USB device number 7 using xhci_hcd
May 09 20:39:23 dectech-6af36c kernel: Console: switching to colour frame buffer device 160x45
May 09 20:39:23 dectech-6af36c kernel: nvidia 0000:01:00.0: [drm] fb0: nvidia-drmdrmfb frame buffer device
May 09 20:39:23 dectech-6af36c systemd-logind[1556]: Watching system buttons on /dev/input/event4 (Logitech G703 LS)
May 09 20:39:23 dectech-6af36c systemd[1]: Finished User Runtime Directory /run/user/1000.
May 09 20:39:23 dectech-6af36c systemd[1]: Starting User Manager for UID 1000...
May 09 20:39:23 dectech-6af36c (systemd)[2417]: pam_unix(systemd-user:session): session opened for user zozano(uid=1000) by (uid=0)
May 09 20:39:23 dectech-6af36c systemd-logind[1556]: New session '2' of user 'zozano' with class 'manager' and type 'unspecified'.
May 09 20:39:23 dectech-6af36c systemd-xdg-autostart-generator[2452]: Exec binary '/nix/store/wwk1jhmcrm18276qyn1cx55g7df7dnb0-openrgb-0.9/bin/.openrgb-wrapped' does not exist: No such file or directory
May 09 20:39:23 dectech-6af36c systemd-xdg-autostart-generator[2452]: /home/zozano/.config/autostart/OpenRGB.desktop: not generating unit, executable specified in Exec= does not exist.
May 09 20:39:23 dectech-6af36c nvidia-cdi-generator[2429]: time="2026-05-09T20:39:23+10:00" level=info msg="Using /nix/store/rl7ypvsgi1ckcx5ax6zr550282ziwwsl-nvidia-x11-595.71.05/lib/libnvidia-ml.so.595.71.05"
May 09 20:39:23 dectech-6af36c nvidia-cdi-generator[2429]: time="2026-05-09T20:39:23+10:00" level=info msg="Using /nix/store/rl7ypvsgi1ckcx5ax6zr550282ziwwsl-nvidia-x11-595.71.05/lib/libnvidia-sandboxutils.so.595.71.05"
May 09 20:39:23 dectech-6af36c nvidia-cdi-generator[2429]: ERROR: driverInitFileInfo 578 result=11ERROR: init 664 result=11ERROR: init 250 result=11time="2026-05-09T20:39:23+10:00" level=warning msg="Failed to init nvsandboxutils: unknown return value: 11; ignoring"
May 09 20:39:23 dectech-6af36c nvidia-cdi-generator[2429]: time="2026-05-09T20:39:23+10:00" level=info msg="Auto-detected mode as 'nvml'"
May 09 20:39:23 dectech-6af36c nvidia-cdi-generator[2429]: time="2026-05-09T20:39:23+10:00" level=info msg="Selecting /dev/nvidia0 as /dev/nvidia0"
May 09 20:39:23 dectech-6af36c nvidia-cdi-generator[2429]: time="2026-05-09T20:39:23+10:00" level=info msg="Selecting /dev/dri/card1 as /dev/dri/card1"
May 09 20:39:23 dectech-6af36c nvidia-cdi-generator[2429]: time="2026-05-09T20:39:23+10:00" level=warning msg="Could not locate /dev/dri/controlD65: pattern /dev/dri/controlD65 not found"
May 09 20:39:23 dectech-6af36c nvidia-cdi-generator[2429]: time="2026-05-09T20:39:23+10:00" level=info msg="Selecting /dev/dri/renderD128 as /dev/dri/renderD128"
May 09 20:39:23 dectech-6af36c nvidia-cdi-generator[2429]: time="2026-05-09T20:39:23+10:00" level=info msg="Selecting /dev/nvidia0 as /dev/nvidia0"
May 09 20:39:23 dectech-6af36c nvidia-cdi-generator[2429]: time="2026-05-09T20:39:23+10:00" level=info msg="Selecting /dev/dri/card1 as /dev/dri/card1"
May 09 20:39:23 dectech-6af36c nvidia-cdi-generator[2429]: time="2026-05-09T20:39:23+10:00" level=warning msg="Could not locate /dev/dri/controlD65: pattern /dev/dri/controlD65 not found"
May 09 20:39:23 dectech-6af36c nvidia-cdi-generator[2429]: time="2026-05-09T20:39:23+10:00" level=info msg="Selecting /dev/dri/renderD128 as /dev/dri/renderD128"
May 09 20:39:23 dectech-6af36c nvidia-cdi-generator[2429]: time="2026-05-09T20:39:23+10:00" level=info msg="Using driver version 595.71.05"
May 09 20:39:23 dectech-6af36c nvidia-cdi-generator[2429]: time="2026-05-09T20:39:23+10:00" level=info msg="Selecting /dev/nvidia-modeset as /dev/nvidia-modeset"
May 09 20:39:23 dectech-6af36c nvidia-cdi-generator[2429]: time="2026-05-09T20:39:23+10:00" level=info msg="Selecting /dev/nvidia-uvm-tools as /dev/nvidia-uvm-tools"
May 09 20:39:23 dectech-6af36c nvidia-cdi-generator[2429]: time="2026-05-09T20:39:23+10:00" level=info msg="Selecting /dev/nvidia-uvm as /dev/nvidia-uvm"
May 09 20:39:23 dectech-6af36c nvidia-cdi-generator[2429]: time="2026-05-09T20:39:23+10:00" level=info msg="Selecting /dev/nvidiactl as /dev/nvidiactl"
May 09 20:39:23 dectech-6af36c nvidia-cdi-generator[2429]: time="2026-05-09T20:39:23+10:00" level=warning msg="Could not locate libnvidia-egl-gbm.so.*.*: pattern libnvidia-egl-gbm.so.*.* not found"
May 09 20:39:23 dectech-6af36c nvidia-cdi-generator[2429]: time="2026-05-09T20:39:23+10:00" level=warning msg="Could not locate libnvidia-egl-wayland.so.*.*: pattern libnvidia-egl-wayland.so.*.* not found"
May 09 20:39:23 dectech-6af36c nvidia-cdi-generator[2429]: time="2026-05-09T20:39:23+10:00" level=info msg="Selecting /nix/store/rl7ypvsgi1ckcx5ax6zr550282ziwwsl-nvidia-x11-595.71.05/lib/libnvidia-allocator.so.595.71.05 as /nix/store/rl7ypvsgi1ckcx5ax6zr550282ziwwsl-nvidia-x11-595.71.05/lib/libnvidia-allocator.so.595.71.05"
May 09 20:39:23 dectech-6af36c nvidia-cdi-generator[2429]: time="2026-05-09T20:39:23+10:00" level=warning msg="Could not locate libnvidia-vulkan-producer.so.595.71.05: pattern libnvidia-vulkan-producer.so.595.71.05 not found"
May 09 20:39:23 dectech-6af36c nvidia-cdi-generator[2429]: time="2026-05-09T20:39:23+10:00" level=warning msg="Could not locate nvidia_drv.so: pattern nvidia_drv.so not found"
May 09 20:39:23 dectech-6af36c nvidia-cdi-generator[2429]: time="2026-05-09T20:39:23+10:00" level=warning msg="Could not locate libglxserver_nvidia.so.595.71.05: pattern libglxserver_nvidia.so.595.71.05 not found"
May 09 20:39:23 dectech-6af36c nvidia-cdi-generator[2429]: time="2026-05-09T20:39:23+10:00" level=warning msg="Could not locate glvnd/egl_vendor.d/10_nvidia.json: pattern glvnd/egl_vendor.d/10_nvidia.json not found"
May 09 20:39:23 dectech-6af36c nvidia-cdi-generator[2429]: time="2026-05-09T20:39:23+10:00" level=info msg="Selecting /etc/egl/egl_external_platform.d/15_nvidia_gbm.json as /etc/egl/egl_external_platform.d/15_nvidia_gbm.json"
May 09 20:39:23 dectech-6af36c nvidia-cdi-generator[2429]: time="2026-05-09T20:39:23+10:00" level=info msg="Selecting /etc/egl/egl_external_platform.d/10_nvidia_wayland.json as /etc/egl/egl_external_platform.d/10_nvidia_wayland.json"
May 09 20:39:23 dectech-6af36c nvidia-cdi-generator[2429]: time="2026-05-09T20:39:23+10:00" level=warning msg="Could not locate nvidia/nvoptix.bin: pattern nvidia/nvoptix.bin not found"
May 09 20:39:23 dectech-6af36c nvidia-cdi-generator[2429]: time="2026-05-09T20:39:23+10:00" level=warning msg="Could not locate X11/xorg.conf.d/10-nvidia.conf: pattern X11/xorg.conf.d/10-nvidia.conf not found"
May 09 20:39:23 dectech-6af36c nvidia-cdi-generator[2429]: time="2026-05-09T20:39:23+10:00" level=warning msg="Could not locate X11/xorg.conf.d/nvidia-drm-outputclass.conf: pattern X11/xorg.conf.d/nvidia-drm-outputclass.conf not found"
May 09 20:39:23 dectech-6af36c nvidia-cdi-generator[2429]: time="2026-05-09T20:39:23+10:00" level=warning msg="Could not locate vulkan/icd.d/nvidia_icd.json: pattern vulkan/icd.d/nvidia_icd.json not found\npattern vulkan/icd.d/nvidia_icd.json not found"
May 09 20:39:23 dectech-6af36c nvidia-cdi-generator[2429]: time="2026-05-09T20:39:23+10:00" level=warning msg="Could not locate vulkan/icd.d/nvidia_layers.json: pattern vulkan/icd.d/nvidia_layers.json not found\npattern vulkan/icd.d/nvidia_layers.json not found"
May 09 20:39:23 dectech-6af36c nvidia-cdi-generator[2429]: time="2026-05-09T20:39:23+10:00" level=warning msg="Could not locate vulkan/implicit_layer.d/nvidia_layers.json: pattern vulkan/implicit_layer.d/nvidia_layers.json not found\npattern vulkan/implicit_layer.d/nvidia_layers.json not found"
May 09 20:39:23 dectech-6af36c nvidia-cdi-generator[2429]: time="2026-05-09T20:39:23+10:00" level=warning msg="Could not locate vulkan/icd.d/nvidia_icd.x86_64.json: pattern vulkan/icd.d/nvidia_icd.x86_64.json not found\npattern vulkan/icd.d/nvidia_icd.x86_64.json not found"
May 09 20:39:23 dectech-6af36c nvidia-cdi-generator[2429]: time="2026-05-09T20:39:23+10:00" level=info msg="Selecting /nix/store/rl7ypvsgi1ckcx5ax6zr550282ziwwsl-nvidia-x11-595.71.05/lib/libEGL_nvidia.so.595.71.05 as /nix/store/rl7ypvsgi1ckcx5ax6zr550282ziwwsl-nvidia-x11-595.71.05/lib/libEGL_nvidia.so.595.71.05"
May 09 20:39:23 dectech-6af36c nvidia-cdi-generator[2429]: time="2026-05-09T20:39:23+10:00" level=info msg="Selecting /nix/store/rl7ypvsgi1ckcx5ax6zr550282ziwwsl-nvidia-x11-595.71.05/lib/libGLESv1_CM_nvidia.so.595.71.05 as /nix/store/rl7ypvsgi1ckcx5ax6zr550282ziwwsl-nvidia-x11-595.71.05/lib/libGLESv1_CM_nvidia.so.595.71.05"
May 09 20:39:23 dectech-6af36c nvidia-cdi-generator[2429]: time="2026-05-09T20:39:23+10:00" level=info msg="Selecting /nix/store/rl7ypvsgi1ckcx5ax6zr550282ziwwsl-nvidia-x11-595.71.05/lib/libGLESv2_nvidia.so.595.71.05 as /nix/store/rl7ypvsgi1ckcx5ax6zr550282ziwwsl-nvidia-x11-595.71.05/lib/libGLESv2_nvidia.so.595.71.05"
May 09 20:39:23 dectech-6af36c nvidia-cdi-generator[2429]: time="2026-05-09T20:39:23+10:00" level=info msg="Selecting /nix/store/rl7ypvsgi1ckcx5ax6zr550282ziwwsl-nvidia-x11-595.71.05/lib/libGLX_nvidia.so.595.71.05 as /nix/store/rl7ypvsgi1ckcx5ax6zr550282ziwwsl-nvidia-x11-595.71.05/lib/libGLX_nvidia.so.595.71.05"
May 09 20:39:23 dectech-6af36c nvidia-cdi-generator[2429]: time="2026-05-09T20:39:23+10:00" level=info msg="Selecting /nix/store/rl7ypvsgi1ckcx5ax6zr550282ziwwsl-nvidia-x11-595.71.05/lib/libcuda.so.595.71.05 as /nix/store/rl7ypvsgi1ckcx5ax6zr550282ziwwsl-nvidia-x11-595.71.05/lib/libcuda.so.595.71.05"
May 09 20:39:23 dectech-6af36c nvidia-cdi-generator[2429]: time="2026-05-09T20:39:23+10:00" level=info msg="Selecting /nix/store/rl7ypvsgi1ckcx5ax6zr550282ziwwsl-nvidia-x11-595.71.05/lib/libcudadebugger.so.595.71.05 as /nix/store/rl7ypvsgi1ckcx5ax6zr550282ziwwsl-nvidia-x11-595.71.05/lib/libcudadebugger.so.595.71.05"
May 09 20:39:23 dectech-6af36c nvidia-cdi-generator[2429]: time="2026-05-09T20:39:23+10:00" level=info msg="Selecting /nix/store/rl7ypvsgi1ckcx5ax6zr550282ziwwsl-nvidia-x11-595.71.05/lib/libglxserver_nvidia.so.595.71.05 as /nix/store/rl7ypvsgi1ckcx5ax6zr550282ziwwsl-nvidia-x11-595.71.05/lib/libglxserver_nvidia.so.595.71.05"
May 09 20:39:23 dectech-6af36c nvidia-cdi-generator[2429]: time="2026-05-09T20:39:23+10:00" level=info msg="Selecting /nix/store/rl7ypvsgi1ckcx5ax6zr550282ziwwsl-nvidia-x11-595.71.05/lib/libnvcuvid.so.595.71.05 as /nix/store/rl7ypvsgi1ckcx5ax6zr550282ziwwsl-nvidia-x11-595.71.05/lib/libnvcuvid.so.595.71.05"
May 09 20:39:23 dectech-6af36c nvidia-cdi-generator[2429]: time="2026-05-09T20:39:23+10:00" level=info msg="Selecting /nix/store/rl7ypvsgi1ckcx5ax6zr550282ziwwsl-nvidia-x11-595.71.05/lib/libnvidia-allocator.so.595.71.05 as /nix/store/rl7ypvsgi1ckcx5ax6zr550282ziwwsl-nvidia-x11-595.71.05/lib/libnvidia-allocator.so.595.71.05"
May 09 20:39:23 dectech-6af36c nvidia-cdi-generator[2429]: time="2026-05-09T20:39:23+10:00" level=info msg="Selecting /nix/store/rl7ypvsgi1ckcx5ax6zr550282ziwwsl-nvidia-x11-595.71.05/lib/libnvidia-cfg.so.595.71.05 as /nix/store/rl7ypvsgi1ckcx5ax6zr550282ziwwsl-nvidia-x11-595.71.05/lib/libnvidia-cfg.so.595.71.05"
May 09 20:39:23 dectech-6af36c nvidia-cdi-generator[2429]: time="2026-05-09T20:39:23+10:00" level=info msg="Selecting /nix/store/rl7ypvsgi1ckcx5ax6zr550282ziwwsl-nvidia-x11-595.71.05/lib/libnvidia-eglcore.so.595.71.05 as /nix/store/rl7ypvsgi1ckcx5ax6zr550282ziwwsl-nvidia-x11-595.71.05/lib/libnvidia-eglcore.so.595.71.05"
May 09 20:39:23 dectech-6af36c nvidia-cdi-generator[2429]: time="2026-05-09T20:39:23+10:00" level=info msg="Selecting /nix/store/rl7ypvsgi1ckcx5ax6zr550282ziwwsl-nvidia-x11-595.71.05/lib/libnvidia-encode.so.595.71.05 as /nix/store/rl7ypvsgi1ckcx5ax6zr550282ziwwsl-nvidia-x11-595.71.05/lib/libnvidia-encode.so.595.71.05"
May 09 20:39:23 dectech-6af36c nvidia-cdi-generator[2429]: time="2026-05-09T20:39:23+10:00" level=info msg="Selecting /nix/store/rl7ypvsgi1ckcx5ax6zr550282ziwwsl-nvidia-x11-595.71.05/lib/libnvidia-fbc.so.595.71.05 as /nix/store/rl7ypvsgi1ckcx5ax6zr550282ziwwsl-nvidia-x11-595.71.05/lib/libnvidia-fbc.so.595.71.05"
May 09 20:39:23 dectech-6af36c nvidia-cdi-generator[2429]: time="2026-05-09T20:39:23+10:00" level=info msg="Selecting /nix/store/rl7ypvsgi1ckcx5ax6zr550282ziwwsl-nvidia-x11-595.71.05/lib/libnvidia-glcore.so.595.71.05 as /nix/store/rl7ypvsgi1ckcx5ax6zr550282ziwwsl-nvidia-x11-595.71.05/lib/libnvidia-glcore.so.595.71.05"
May 09 20:39:23 dectech-6af36c nvidia-cdi-generator[2429]: time="2026-05-09T20:39:23+10:00" level=info msg="Selecting /nix/store/rl7ypvsgi1ckcx5ax6zr550282ziwwsl-nvidia-x11-595.71.05/lib/libnvidia-glsi.so.595.71.05 as /nix/store/rl7ypvsgi1ckcx5ax6zr550282ziwwsl-nvidia-x11-595.71.05/lib/libnvidia-glsi.so.595.71.05"
May 09 20:39:23 dectech-6af36c nvidia-cdi-generator[2429]: time="2026-05-09T20:39:23+10:00" level=info msg="Selecting /nix/store/rl7ypvsgi1ckcx5ax6zr550282ziwwsl-nvidia-x11-595.71.05/lib/libnvidia-glvkspirv.so.595.71.05 as /nix/store/rl7ypvsgi1ckcx5ax6zr550282ziwwsl-nvidia-x11-595.71.05/lib/libnvidia-glvkspirv.so.595.71.05"
May 09 20:39:23 dectech-6af36c nvidia-cdi-generator[2429]: time="2026-05-09T20:39:23+10:00" level=info msg="Selecting /nix/store/rl7ypvsgi1ckcx5ax6zr550282ziwwsl-nvidia-x11-595.71.05/lib/libnvidia-gpucomp.so.595.71.05 as /nix/store/rl7ypvsgi1ckcx5ax6zr550282ziwwsl-nvidia-x11-595.71.05/lib/libnvidia-gpucomp.so.595.71.05"
May 09 20:39:23 dectech-6af36c nvidia-cdi-generator[2429]: time="2026-05-09T20:39:23+10:00" level=info msg="Selecting /nix/store/rl7ypvsgi1ckcx5ax6zr550282ziwwsl-nvidia-x11-595.71.05/lib/libnvidia-ml.so.595.71.05 as /nix/store/rl7ypvsgi1ckcx5ax6zr550282ziwwsl-nvidia-x11-595.71.05/lib/libnvidia-ml.so.595.71.05"
May 09 20:39:23 dectech-6af36c nvidia-cdi-generator[2429]: time="2026-05-09T20:39:23+10:00" level=info msg="Selecting /nix/store/rl7ypvsgi1ckcx5ax6zr550282ziwwsl-nvidia-x11-595.71.05/lib/libnvidia-ngx.so.595.71.05 as /nix/store/rl7ypvsgi1ckcx5ax6zr550282ziwwsl-nvidia-x11-595.71.05/lib/libnvidia-ngx.so.595.71.05"
May 09 20:39:23 dectech-6af36c nvidia-cdi-generator[2429]: time="2026-05-09T20:39:23+10:00" level=info msg="Selecting /nix/store/rl7ypvsgi1ckcx5ax6zr550282ziwwsl-nvidia-x11-595.71.05/lib/libnvidia-nvvm.so.595.71.05 as /nix/store/rl7ypvsgi1ckcx5ax6zr550282ziwwsl-nvidia-x11-595.71.05/lib/libnvidia-nvvm.so.595.71.05"
May 09 20:39:23 dectech-6af36c nvidia-cdi-generator[2429]: time="2026-05-09T20:39:23+10:00" level=info msg="Selecting /nix/store/rl7ypvsgi1ckcx5ax6zr550282ziwwsl-nvidia-x11-595.71.05/lib/libnvidia-opencl.so.595.71.05 as /nix/store/rl7ypvsgi1ckcx5ax6zr550282ziwwsl-nvidia-x11-595.71.05/lib/libnvidia-opencl.so.595.71.05"
May 09 20:39:23 dectech-6af36c nvidia-cdi-generator[2429]: time="2026-05-09T20:39:23+10:00" level=info msg="Selecting /nix/store/rl7ypvsgi1ckcx5ax6zr550282ziwwsl-nvidia-x11-595.71.05/lib/libnvidia-opticalflow.so.595.71.05 as /nix/store/rl7ypvsgi1ckcx5ax6zr550282ziwwsl-nvidia-x11-595.71.05/lib/libnvidia-opticalflow.so.595.71.05"
May 09 20:39:23 dectech-6af36c nvidia-cdi-generator[2429]: time="2026-05-09T20:39:23+10:00" level=info msg="Selecting /nix/store/rl7ypvsgi1ckcx5ax6zr550282ziwwsl-nvidia-x11-595.71.05/lib/libnvidia-pkcs11-openssl3.so.595.71.05 as /nix/store/rl7ypvsgi1ckcx5ax6zr550282ziwwsl-nvidia-x11-595.71.05/lib/libnvidia-pkcs11-openssl3.so.595.71.05"
May 09 20:39:23 dectech-6af36c nvidia-cdi-generator[2429]: time="2026-05-09T20:39:23+10:00" level=info msg="Selecting /nix/store/rl7ypvsgi1ckcx5ax6zr550282ziwwsl-nvidia-x11-595.71.05/lib/libnvidia-present.so.595.71.05 as /nix/store/rl7ypvsgi1ckcx5ax6zr550282ziwwsl-nvidia-x11-595.71.05/lib/libnvidia-present.so.595.71.05"
May 09 20:39:23 dectech-6af36c nvidia-cdi-generator[2429]: time="2026-05-09T20:39:23+10:00" level=info msg="Selecting /nix/store/rl7ypvsgi1ckcx5ax6zr550282ziwwsl-nvidia-x11-595.71.05/lib/libnvidia-ptxjitcompiler.so.595.71.05 as /nix/store/rl7ypvsgi1ckcx5ax6zr550282ziwwsl-nvidia-x11-595.71.05/lib/libnvidia-ptxjitcompiler.so.595.71.05"
May 09 20:39:23 dectech-6af36c nvidia-cdi-generator[2429]: time="2026-05-09T20:39:23+10:00" level=info msg="Selecting /nix/store/rl7ypvsgi1ckcx5ax6zr550282ziwwsl-nvidia-x11-595.71.05/lib/libnvidia-rtcore.so.595.71.05 as /nix/store/rl7ypvsgi1ckcx5ax6zr550282ziwwsl-nvidia-x11-595.71.05/lib/libnvidia-rtcore.so.595.71.05"
May 09 20:39:23 dectech-6af36c nvidia-cdi-generator[2429]: time="2026-05-09T20:39:23+10:00" level=info msg="Selecting /nix/store/rl7ypvsgi1ckcx5ax6zr550282ziwwsl-nvidia-x11-595.71.05/lib/libnvidia-sandboxutils.so.595.71.05 as /nix/store/rl7ypvsgi1ckcx5ax6zr550282ziwwsl-nvidia-x11-595.71.05/lib/libnvidia-sandboxutils.so.595.71.05"
May 09 20:39:23 dectech-6af36c nvidia-cdi-generator[2429]: time="2026-05-09T20:39:23+10:00" level=info msg="Selecting /nix/store/rl7ypvsgi1ckcx5ax6zr550282ziwwsl-nvidia-x11-595.71.05/lib/libnvidia-tileiras.so.595.71.05 as /nix/store/rl7ypvsgi1ckcx5ax6zr550282ziwwsl-nvidia-x11-595.71.05/lib/libnvidia-tileiras.so.595.71.05"
May 09 20:39:23 dectech-6af36c nvidia-cdi-generator[2429]: time="2026-05-09T20:39:23+10:00" level=info msg="Selecting /nix/store/rl7ypvsgi1ckcx5ax6zr550282ziwwsl-nvidia-x11-595.71.05/lib/libnvidia-tls.so.595.71.05 as /nix/store/rl7ypvsgi1ckcx5ax6zr550282ziwwsl-nvidia-x11-595.71.05/lib/libnvidia-tls.so.595.71.05"
May 09 20:39:23 dectech-6af36c nvidia-cdi-generator[2429]: time="2026-05-09T20:39:23+10:00" level=info msg="Selecting /nix/store/rl7ypvsgi1ckcx5ax6zr550282ziwwsl-nvidia-x11-595.71.05/lib/libnvidia-vksc-core.so.595.71.05 as /nix/store/rl7ypvsgi1ckcx5ax6zr550282ziwwsl-nvidia-x11-595.71.05/lib/libnvidia-vksc-core.so.595.71.05"
May 09 20:39:23 dectech-6af36c nvidia-cdi-generator[2429]: time="2026-05-09T20:39:23+10:00" level=info msg="Selecting /nix/store/rl7ypvsgi1ckcx5ax6zr550282ziwwsl-nvidia-x11-595.71.05/lib/libnvoptix.so.595.71.05 as /nix/store/rl7ypvsgi1ckcx5ax6zr550282ziwwsl-nvidia-x11-595.71.05/lib/libnvoptix.so.595.71.05"
May 09 20:39:23 dectech-6af36c nvidia-cdi-generator[2429]: time="2026-05-09T20:39:23+10:00" level=info msg="Selecting /nix/store/rl7ypvsgi1ckcx5ax6zr550282ziwwsl-nvidia-x11-595.71.05/lib/vdpau/libvdpau_nvidia.so.595.71.05 as /nix/store/rl7ypvsgi1ckcx5ax6zr550282ziwwsl-nvidia-x11-595.71.05/lib/vdpau/libvdpau_nvidia.so.595.71.05"
May 09 20:39:23 dectech-6af36c nvidia-cdi-generator[2429]: time="2026-05-09T20:39:23+10:00" level=warning msg="Could not locate /nvidia-persistenced/socket: pattern /nvidia-persistenced/socket not found"
May 09 20:39:23 dectech-6af36c nvidia-cdi-generator[2429]: time="2026-05-09T20:39:23+10:00" level=warning msg="Could not locate /nvidia-fabricmanager/socket: pattern /nvidia-fabricmanager/socket not found"
May 09 20:39:23 dectech-6af36c nvidia-cdi-generator[2429]: time="2026-05-09T20:39:23+10:00" level=warning msg="Could not locate /tmp/nvidia-mps: pattern /tmp/nvidia-mps not found"
May 09 20:39:23 dectech-6af36c nvidia-cdi-generator[2429]: time="2026-05-09T20:39:23+10:00" level=info msg="Selecting /nix/store/znpjg6hnnmm5c07kk3m23111qqdhcjd1-firmware/lib/firmware/nvidia/595.71.05/gsp_ga10x.bin as /nix/store/znpjg6hnnmm5c07kk3m23111qqdhcjd1-firmware/lib/firmware/nvidia/595.71.05/gsp_ga10x.bin"
May 09 20:39:23 dectech-6af36c nvidia-cdi-generator[2429]: time="2026-05-09T20:39:23+10:00" level=info msg="Selecting /nix/store/znpjg6hnnmm5c07kk3m23111qqdhcjd1-firmware/lib/firmware/nvidia/595.71.05/gsp_tu10x.bin as /nix/store/znpjg6hnnmm5c07kk3m23111qqdhcjd1-firmware/lib/firmware/nvidia/595.71.05/gsp_tu10x.bin"
May 09 20:39:23 dectech-6af36c nvidia-cdi-generator[2429]: time="2026-05-09T20:39:23+10:00" level=warning msg="Could not locate nvidia-smi: pattern nvidia-smi not found"
May 09 20:39:23 dectech-6af36c nvidia-cdi-generator[2429]: time="2026-05-09T20:39:23+10:00" level=warning msg="Could not locate nvidia-debugdump: pattern nvidia-debugdump not found"
May 09 20:39:23 dectech-6af36c nvidia-cdi-generator[2429]: time="2026-05-09T20:39:23+10:00" level=warning msg="Could not locate nvidia-persistenced: pattern nvidia-persistenced not found"
May 09 20:39:23 dectech-6af36c nvidia-cdi-generator[2429]: time="2026-05-09T20:39:23+10:00" level=warning msg="Could not locate nvidia-cuda-mps-control: pattern nvidia-cuda-mps-control not found"
May 09 20:39:23 dectech-6af36c nvidia-cdi-generator[2429]: time="2026-05-09T20:39:23+10:00" level=warning msg="Could not locate nvidia-cuda-mps-server: pattern nvidia-cuda-mps-server not found"
May 09 20:39:23 dectech-6af36c nvidia-cdi-generator[2429]: time="2026-05-09T20:39:23+10:00" level=warning msg="Could not locate nvidia-imex: pattern nvidia-imex not found"
May 09 20:39:23 dectech-6af36c nvidia-cdi-generator[2429]: time="2026-05-09T20:39:23+10:00" level=warning msg="Could not locate nvidia-imex-ctl: pattern nvidia-imex-ctl not found"
May 09 20:39:23 dectech-6af36c nvidia-cdi-generator[2429]: time="2026-05-09T20:39:23+10:00" level=warning msg="Could not locate nvidia_drv.so: pattern nvidia_drv.so not found"
May 09 20:39:23 dectech-6af36c nvidia-cdi-generator[2429]: time="2026-05-09T20:39:23+10:00" level=warning msg="Could not locate libglxserver_nvidia.so.595.71.05: pattern libglxserver_nvidia.so.595.71.05 not found"
May 09 20:39:23 dectech-6af36c nvidia-cdi-generator[2429]: time="2026-05-09T20:39:23+10:00" level=info msg="Generated CDI spec with version 1.1.0"
May 09 20:39:23 dectech-6af36c kernel: usb 3-4: New USB device found, idVendor=045e, idProduct=02e6, bcdDevice= 1.00
May 09 20:39:23 dectech-6af36c kernel: usb 3-4: New USB device strings: Mfr=1, Product=2, SerialNumber=3
May 09 20:39:23 dectech-6af36c kernel: usb 3-4: Product: XBOX ACC
May 09 20:39:23 dectech-6af36c kernel: usb 3-4: Manufacturer: Microsoft Inc.
May 09 20:39:23 dectech-6af36c kernel: usb 3-4: SerialNumber: 371037
May 09 20:39:23 dectech-6af36c mtp-probe[2466]: checking bus 3, device 7: "/sys/devices/pci0000:00/0000:00:02.1/0000:02:00.0/usb3/3-4"
May 09 20:39:23 dectech-6af36c mtp-probe[2466]: bus: 3, device: 7 was not an MTP device
May 09 20:39:23 dectech-6af36c mtp-probe[2467]: checking bus 3, device 7: "/sys/devices/pci0000:00/0000:00:02.1/0000:02:00.0/usb3/3-4"
May 09 20:39:23 dectech-6af36c mtp-probe[2467]: bus: 3, device: 7 was not an MTP device
May 09 20:39:23 dectech-6af36c systemd[2417]: Queued start job for default target Main User Target.
May 09 20:39:23 dectech-6af36c systemd[2417]: Created slice User Application Slice.
May 09 20:39:23 dectech-6af36c systemd[2417]: Started Daily Cleanup of User's Temporary Directories.
May 09 20:39:23 dectech-6af36c systemd[2417]: Reached target Paths.
May 09 20:39:23 dectech-6af36c systemd[2417]: Reached target Timers.
May 09 20:39:23 dectech-6af36c systemd[2417]: Starting D-Bus User Message Bus Socket...
May 09 20:39:23 dectech-6af36c systemd[2417]: Listening on PipeWire PulseAudio.
May 09 20:39:23 dectech-6af36c systemd[2417]: Listening on PipeWire Multimedia System Sockets.
May 09 20:39:23 dectech-6af36c systemd[2417]: Listening on Podman API Socket.
May 09 20:39:23 dectech-6af36c systemd[2417]: Listening on Speech Dispatcher Socket.
May 09 20:39:23 dectech-6af36c systemd[2417]: Starting Create User Files and Directories...
May 09 20:39:23 dectech-6af36c .coolercontrold-wrapped[1826]: Starting Super-I/O hardware detection
May 09 20:39:23 dectech-6af36c systemd[1]: Finished Container Device Interface (CDI) for Nvidia generator.
May 09 20:39:23 dectech-6af36c .coolercontrold-wrapped[1826]: Detected Nuvoton NCT6798D Super IO Sensors at 0x2E id:0xD42B (driver: nct6775) (Fallback path)
May 09 20:39:23 dectech-6af36c .coolercontrold-wrapped[1826]: Nuvoton NCT6798D Super IO Sensors (driver: nct6775, status: skipped_no_modprobe)
May 09 20:39:23 dectech-6af36c .coolercontrold-wrapped[1826]: Initializing Devices...
May 09 20:39:23 dectech-6af36c systemd[2417]: Finished Create User Files and Directories.
May 09 20:39:23 dectech-6af36c .coolercontrold-wrapped[1826]: Liquidctl Integration is Disabled
May 09 20:39:23 dectech-6af36c systemd[2417]: Listening on D-Bus User Message Bus Socket.
May 09 20:39:23 dectech-6af36c systemd[2417]: Reached target Sockets.
May 09 20:39:23 dectech-6af36c systemd[2417]: Reached target Basic System.
May 09 20:39:23 dectech-6af36c systemd[1]: Started User Manager for UID 1000.
May 09 20:39:23 dectech-6af36c systemd[2417]: Starting Music Player Daemon...
May 09 20:39:23 dectech-6af36c .coolercontrold-wrapped[1826]: NVML found and initialized.
May 09 20:39:23 dectech-6af36c systemd[1]: Started Session 1 of User zozano.
May 09 20:39:23 dectech-6af36c systemd[2417]: Starting Run user-specific NixOS activation...
May 09 20:39:23 dectech-6af36c systemd[2417]: Starting SSH Agent...
May 09 20:39:23 dectech-6af36c .coolercontrold-wrapped[1826]: Initialized Service Plugin Devices: {}
May 09 20:39:23 dectech-6af36c systemd[2417]: Finished Run user-specific NixOS activation.
May 09 20:39:23 dectech-6af36c sddm-helper[2376]: gkr-pam: gnome-keyring-daemon started properly
May 09 20:39:23 dectech-6af36c sddm-helper[2376]: Starting Wayland user session: "/nix/store/kh444rvla6is48kql96d6k55zz7n2njq-sddm-unwrapped-0.21.0/share/sddm/scripts/wayland-session" "/nix/store/w67njz292q66f6qzksl2xqh48hhv2ifv-hyprland-0.54.3/bin/start-hyprland"
May 09 20:39:23 dectech-6af36c sddm-helper[2493]: Jumping to VT 1
May 09 20:39:23 dectech-6af36c systemd[2417]: Started SSH Agent.
May 09 20:39:23 dectech-6af36c sddm-helper[2493]: VT mode fixed
May 09 20:39:23 dectech-6af36c sddm[2373]: Session started true
May 09 20:39:23 dectech-6af36c .coolercontrold-wrapped[1826]: Initialized GPU Devices: {"NVIDIA GeForce RTX 2080 SUPER":{"driver version":["595.71.05"],"driver name":["nvml:13.595.71.05"],"locations":["00000000:01:00.0"]}}
May 09 20:39:23 dectech-6af36c .coolercontrold-wrapped[1826]: Initialized CPU Devices: {"AMD Ryzen 5 5600G with Radeon Graphics":{"driver name":["k10temp"],"driver version":["7.0.3"],"locations":["/sys/class/hwmon/hwmon1","/sys/devices/pci0000:00/0000:00:18.3","pci:v00001022d0000166Dsv00000000sd00000000bc06sc00i00"]}}
May 09 20:39:23 dectech-6af36c .coolercontrold-wrapped[1826]: Initialized Hwmon Devices: {"nvme":{"driver name":[""],"locations":["/sys/class/hwmon/hwmon0","/sys/devices/pci0000:00/0000:00:02.1/0000:02:00.2/0000:03:04.0/0000:08:00.0/nvme/nvme0"],"driver version":["7.0.3"]}}
May 09 20:39:23 dectech-6af36c .coolercontrold-wrapped[1826]: Initialized Custom Sensors: []
May 09 20:39:24 dectech-6af36c .coolercontrold-wrapped[1826]: Applying all saved device settings
May 09 20:39:24 dectech-6af36c .coolercontrold-wrapped[1826]: Successfully applied:: NVIDIA GeForce RTX 2080 SUPER | fan1 | Profile: Gaming Curve - Fan 0
May 09 20:39:24 dectech-6af36c .coolercontrold-wrapped[1826]: Successfully applied:: NVIDIA GeForce RTX 2080 SUPER | fan2 | Profile: Gaming Curve - Fan 1
May 09 20:39:24 dectech-6af36c .coolercontrold-wrapped[1826]: Using existing TLS certificates
May 09 20:39:24 dectech-6af36c .coolercontrold-wrapped[1826]: Serving HTTP and HTTPS API on 127.0.0.1:11987
May 09 20:39:24 dectech-6af36c .coolercontrold-wrapped[1826]: Serving HTTP and HTTPS API on [::1]:11987
May 09 20:39:24 dectech-6af36c .coolercontrold-wrapped[1826]: Initialization Complete
May 09 20:39:24 dectech-6af36c systemd[1]: data.automount: Got automount request for /data, triggered by 2481 (mpd)
May 09 20:39:24 dectech-6af36c kernel: Bluetooth: hci0: Waiting for firmware download to complete
May 09 20:39:24 dectech-6af36c kernel: Bluetooth: hci0: Firmware loaded in 3255876 usecs
May 09 20:39:24 dectech-6af36c kernel: Bluetooth: hci0: Waiting for device to boot
May 09 20:39:24 dectech-6af36c kernel: Bluetooth: hci0: Device booted in 16559 usecs
May 09 20:39:24 dectech-6af36c kernel: Bluetooth: hci0: Found Intel DDC parameters: intel/ibt-20-1-3.ddc
May 09 20:39:24 dectech-6af36c kernel: Bluetooth: hci0: Applying Intel DDC parameters completed
May 09 20:39:24 dectech-6af36c kernel: Bluetooth: hci0: Firmware revision 0.3 build 83 week 7 2026
May 09 20:39:24 dectech-6af36c kernel: Bluetooth: hci0: HCI LE Coded PHY feature bit is set, but its usage is not supported.
May 09 20:39:25 dectech-6af36c systemd[2417]: Created slice User Core Session Slice.
May 09 20:39:25 dectech-6af36c systemd[2417]: Starting D-Bus User Message Bus...
May 09 20:39:25 dectech-6af36c dbus-broker-launch[2539]: Service file '/run/current-system/sw/share/dbus-1/services/obex-data-server.service' is not named after the D-Bus name 'org.openobex'.
May 09 20:39:25 dectech-6af36c dbus-broker-launch[2539]: Ignoring duplicate name 'org.freedesktop.impl.portal.PermissionStore' in service file '/run/current-system/sw/share/dbus-1/services/org.freedesktop.impl.portal.PermissionStore.service'
May 09 20:39:25 dectech-6af36c dbus-broker-launch[2539]: Ignoring duplicate name 'org.freedesktop.impl.portal.desktop.hyprland' in service file '/run/current-system/sw/share/dbus-1/services/org.freedesktop.impl.portal.desktop.hyprland.service'
May 09 20:39:25 dectech-6af36c dbus-broker-launch[2539]: Ignoring duplicate name 'org.freedesktop.portal.Desktop' in service file '/run/current-system/sw/share/dbus-1/services/org.freedesktop.portal.Desktop.service'
May 09 20:39:25 dectech-6af36c dbus-broker-launch[2539]: Ignoring duplicate name 'org.freedesktop.portal.Documents' in service file '/run/current-system/sw/share/dbus-1/services/org.freedesktop.portal.Documents.service'
May 09 20:39:25 dectech-6af36c dbus-broker-launch[2539]: Service file '/run/current-system/sw/share/dbus-1/services/org.kde.dolphin.FileManager1.service' is not named after the D-Bus name 'org.freedesktop.FileManager1'.
May 09 20:39:25 dectech-6af36c dbus-broker-launch[2539]: Ignoring duplicate name 'org.freedesktop.FileManager1' in service file '/run/current-system/sw/share/dbus-1/services/org.kde.dolphin.FileManager1.service'
May 09 20:39:25 dectech-6af36c dbus-broker-launch[2539]: Ignoring duplicate name 'ca.desrt.dconf' in service file '/nix/store/fkbqm9wyyk9cbw69ldhxmjajabhr8jm1-system-path/share/dbus-1/services/ca.desrt.dconf.service'
May 09 20:39:25 dectech-6af36c dbus-broker-launch[2539]: Ignoring duplicate name 'com.feralinteractive.GameMode' in service file '/nix/store/fkbqm9wyyk9cbw69ldhxmjajabhr8jm1-system-path/share/dbus-1/services/com.feralinteractive.GameMode.service'
May 09 20:39:25 dectech-6af36c dbus-broker-launch[2539]: Ignoring duplicate name 'com.teamviewer.TeamViewer.Desktop' in service file '/nix/store/fkbqm9wyyk9cbw69ldhxmjajabhr8jm1-system-path/share/dbus-1/services/com.teamviewer.TeamViewer.Desktop.service'
May 09 20:39:25 dectech-6af36c dbus-broker-launch[2539]: Ignoring duplicate name 'com.teamviewer.TeamViewer' in service file '/nix/store/fkbqm9wyyk9cbw69ldhxmjajabhr8jm1-system-path/share/dbus-1/services/com.teamviewer.TeamViewer.service'
May 09 20:39:25 dectech-6af36c dbus-broker-launch[2539]: Service file '/nix/store/fkbqm9wyyk9cbw69ldhxmjajabhr8jm1-system-path/share/dbus-1/services/obex-data-server.service' is not named after the D-Bus name 'org.openobex'.
May 09 20:39:25 dectech-6af36c dbus-broker-launch[2539]: Ignoring duplicate name 'org.openobex' in service file '/nix/store/fkbqm9wyyk9cbw69ldhxmjajabhr8jm1-system-path/share/dbus-1/services/obex-data-server.service'
May 09 20:39:25 dectech-6af36c dbus-broker-launch[2539]: Ignoring duplicate name 'org.blueman.Applet' in service file '/nix/store/fkbqm9wyyk9cbw69ldhxmjajabhr8jm1-system-path/share/dbus-1/services/org.blueman.Applet.service'
May 09 20:39:25 dectech-6af36c dbus-broker-launch[2539]: Ignoring duplicate name 'org.blueman.Manager' in service file '/nix/store/fkbqm9wyyk9cbw69ldhxmjajabhr8jm1-system-path/share/dbus-1/services/org.blueman.Manager.service'
May 09 20:39:25 dectech-6af36c dbus-broker-launch[2539]: Ignoring duplicate name 'org.bluez.obex' in service file '/nix/store/fkbqm9wyyk9cbw69ldhxmjajabhr8jm1-system-path/share/dbus-1/services/org.bluez.obex.service'
May 09 20:39:25 dectech-6af36c dbus-broker-launch[2539]: Ignoring duplicate name 'org.flatpak.Authenticator.Oci' in service file '/nix/store/fkbqm9wyyk9cbw69ldhxmjajabhr8jm1-system-path/share/dbus-1/services/org.flatpak.Authenticator.Oci.service'
May 09 20:39:25 dectech-6af36c dbus-broker-launch[2539]: Ignoring duplicate name 'org.freedesktop.FileManager1' in service file '/nix/store/fkbqm9wyyk9cbw69ldhxmjajabhr8jm1-system-path/share/dbus-1/services/org.freedesktop.FileManager1.service'
May 09 20:39:25 dectech-6af36c dbus-broker-launch[2539]: Ignoring duplicate name 'org.freedesktop.Flatpak' in service file '/nix/store/fkbqm9wyyk9cbw69ldhxmjajabhr8jm1-system-path/share/dbus-1/services/org.freedesktop.Flatpak.service'
May 09 20:39:25 dectech-6af36c dbus-broker-launch[2539]: Ignoring duplicate name 'org.freedesktop.impl.portal.PermissionStore' in service file '/nix/store/fkbqm9wyyk9cbw69ldhxmjajabhr8jm1-system-path/share/dbus-1/services/org.freedesktop.impl.portal.PermissionStore.service'
May 09 20:39:25 dectech-6af36c dbus-broker-launch[2539]: Ignoring duplicate name 'org.freedesktop.impl.portal.Secret' in service file '/nix/store/fkbqm9wyyk9cbw69ldhxmjajabhr8jm1-system-path/share/dbus-1/services/org.freedesktop.impl.portal.Secret.service'
May 09 20:39:25 dectech-6af36c dbus-broker-launch[2539]: Ignoring duplicate name 'org.freedesktop.impl.portal.desktop.gtk' in service file '/nix/store/fkbqm9wyyk9cbw69ldhxmjajabhr8jm1-system-path/share/dbus-1/services/org.freedesktop.impl.portal.desktop.gtk.service'
May 09 20:39:25 dectech-6af36c dbus-broker-launch[2539]: Ignoring duplicate name 'org.freedesktop.impl.portal.desktop.hyprland' in service file '/nix/store/fkbqm9wyyk9cbw69ldhxmjajabhr8jm1-system-path/share/dbus-1/services/org.freedesktop.impl.portal.desktop.hyprland.service'
May 09 20:39:25 dectech-6af36c dbus-broker-launch[2539]: Ignoring duplicate name 'org.freedesktop.impl.portal.desktop.wlr' in service file '/nix/store/fkbqm9wyyk9cbw69ldhxmjajabhr8jm1-system-path/share/dbus-1/services/org.freedesktop.impl.portal.desktop.wlr.service'
May 09 20:39:25 dectech-6af36c dbus-broker-launch[2539]: Ignoring duplicate name 'org.freedesktop.import1' in service file '/nix/store/fkbqm9wyyk9cbw69ldhxmjajabhr8jm1-system-path/share/dbus-1/services/org.freedesktop.import1.service'
May 09 20:39:25 dectech-6af36c dbus-broker-launch[2539]: Ignoring duplicate name 'org.freedesktop.machine1' in service file '/nix/store/fkbqm9wyyk9cbw69ldhxmjajabhr8jm1-system-path/share/dbus-1/services/org.freedesktop.machine1.service'
May 09 20:39:25 dectech-6af36c dbus-broker-launch[2539]: Policy to allow eavesdropping in /etc/dbus-1/session.conf +27: Eavesdropping is deprecated and ignored
May 09 20:39:25 dectech-6af36c dbus-broker-launch[2539]: Policy to allow eavesdropping in /etc/dbus-1/session.conf +29: Eavesdropping is deprecated and ignored
May 09 20:39:25 dectech-6af36c dbus-broker-launch[2539]: Ignoring duplicate name 'org.freedesktop.portable1' in service file '/nix/store/fkbqm9wyyk9cbw69ldhxmjajabhr8jm1-system-path/share/dbus-1/services/org.freedesktop.portable1.service'
May 09 20:39:25 dectech-6af36c dbus-broker-launch[2539]: Ignoring duplicate name 'org.freedesktop.portal.Desktop' in service file '/nix/store/fkbqm9wyyk9cbw69ldhxmjajabhr8jm1-system-path/share/dbus-1/services/org.freedesktop.portal.Desktop.service'
May 09 20:39:25 dectech-6af36c dbus-broker-launch[2539]: Ignoring duplicate name 'org.freedesktop.portal.Documents' in service file '/nix/store/fkbqm9wyyk9cbw69ldhxmjajabhr8jm1-system-path/share/dbus-1/services/org.freedesktop.portal.Documents.service'
May 09 20:39:25 dectech-6af36c dbus-broker-launch[2539]: Ignoring duplicate name 'org.freedesktop.portal.Flatpak' in service file '/nix/store/fkbqm9wyyk9cbw69ldhxmjajabhr8jm1-system-path/share/dbus-1/services/org.freedesktop.portal.Flatpak.service'
May 09 20:39:25 dectech-6af36c dbus-broker-launch[2539]: Ignoring duplicate name 'org.freedesktop.secrets' in service file '/nix/store/fkbqm9wyyk9cbw69ldhxmjajabhr8jm1-system-path/share/dbus-1/services/org.freedesktop.secrets.service'
May 09 20:39:25 dectech-6af36c dbus-broker-launch[2539]: Ignoring duplicate name 'org.freedesktop.systemd1' in service file '/nix/store/fkbqm9wyyk9cbw69ldhxmjajabhr8jm1-system-path/share/dbus-1/services/org.freedesktop.systemd1.service'
May 09 20:39:25 dectech-6af36c dbus-broker-launch[2539]: Ignoring duplicate name 'org.gnome.Calculator.SearchProvider' in service file '/nix/store/fkbqm9wyyk9cbw69ldhxmjajabhr8jm1-system-path/share/dbus-1/services/org.gnome.Calculator.SearchProvider.service'
May 09 20:39:25 dectech-6af36c dbus-broker-launch[2539]: Ignoring duplicate name 'org.gnome.DiskUtility' in service file '/nix/store/fkbqm9wyyk9cbw69ldhxmjajabhr8jm1-system-path/share/dbus-1/services/org.gnome.DiskUtility.service'
May 09 20:39:25 dectech-6af36c dbus-broker-launch[2539]: Ignoring duplicate name 'org.gnome.Nautilus' in service file '/nix/store/fkbqm9wyyk9cbw69ldhxmjajabhr8jm1-system-path/share/dbus-1/services/org.gnome.Nautilus.service'
May 09 20:39:25 dectech-6af36c dbus-broker-launch[2539]: Ignoring duplicate name 'org.gnome.baobab' in service file '/nix/store/fkbqm9wyyk9cbw69ldhxmjajabhr8jm1-system-path/share/dbus-1/services/org.gnome.baobab.service'
May 09 20:39:25 dectech-6af36c dbus-broker-launch[2539]: Ignoring duplicate name 'org.gnome.evince.Daemon' in service file '/nix/store/fkbqm9wyyk9cbw69ldhxmjajabhr8jm1-system-path/share/dbus-1/services/org.gnome.evince.Daemon.service'
May 09 20:39:25 dectech-6af36c dbus-broker-launch[2539]: Ignoring duplicate name 'org.gnome.gedit' in service file '/nix/store/fkbqm9wyyk9cbw69ldhxmjajabhr8jm1-system-path/share/dbus-1/services/org.gnome.gedit.service'
May 09 20:39:25 dectech-6af36c dbus-broker-launch[2539]: Ignoring duplicate name 'org.gnome.keyring' in service file '/nix/store/fkbqm9wyyk9cbw69ldhxmjajabhr8jm1-system-path/share/dbus-1/services/org.gnome.keyring.service'
May 09 20:39:25 dectech-6af36c dbus-broker-launch[2539]: Ignoring duplicate name 'org.gnome.seahorse.Application' in service file '/nix/store/fkbqm9wyyk9cbw69ldhxmjajabhr8jm1-system-path/share/dbus-1/services/org.gnome.seahorse.Application.service'
May 09 20:39:25 dectech-6af36c dbus-broker-launch[2539]: Ignoring duplicate name 'org.gtk.vfs.AfcVolumeMonitor' in service file '/nix/store/fkbqm9wyyk9cbw69ldhxmjajabhr8jm1-system-path/share/dbus-1/services/org.gtk.vfs.AfcVolumeMonitor.service'
May 09 20:39:25 dectech-6af36c dbus-broker-launch[2539]: Ignoring duplicate name 'org.gtk.vfs.Daemon' in service file '/nix/store/fkbqm9wyyk9cbw69ldhxmjajabhr8jm1-system-path/share/dbus-1/services/org.gtk.vfs.Daemon.service'
May 09 20:39:25 dectech-6af36c dbus-broker-launch[2539]: Ignoring duplicate name 'org.gtk.vfs.GPhoto2VolumeMonitor' in service file '/nix/store/fkbqm9wyyk9cbw69ldhxmjajabhr8jm1-system-path/share/dbus-1/services/org.gtk.vfs.GPhoto2VolumeMonitor.service'
May 09 20:39:25 dectech-6af36c dbus-broker-launch[2539]: Ignoring duplicate name 'org.gtk.vfs.GoaVolumeMonitor' in service file '/nix/store/fkbqm9wyyk9cbw69ldhxmjajabhr8jm1-system-path/share/dbus-1/services/org.gtk.vfs.GoaVolumeMonitor.service'
May 09 20:39:25 dectech-6af36c dbus-broker-launch[2539]: Ignoring duplicate name 'org.gtk.vfs.MTPVolumeMonitor' in service file '/nix/store/fkbqm9wyyk9cbw69ldhxmjajabhr8jm1-system-path/share/dbus-1/services/org.gtk.vfs.MTPVolumeMonitor.service'
May 09 20:39:25 dectech-6af36c dbus-broker-launch[2539]: Ignoring duplicate name 'org.gtk.vfs.Metadata' in service file '/nix/store/fkbqm9wyyk9cbw69ldhxmjajabhr8jm1-system-path/share/dbus-1/services/org.gtk.vfs.Metadata.service'
May 09 20:39:25 dectech-6af36c dbus-broker-launch[2539]: Ignoring duplicate name 'org.gtk.vfs.UDisks2VolumeMonitor' in service file '/nix/store/fkbqm9wyyk9cbw69ldhxmjajabhr8jm1-system-path/share/dbus-1/services/org.gtk.vfs.UDisks2VolumeMonitor.service'
May 09 20:39:25 dectech-6af36c dbus-broker-launch[2539]: Service file '/nix/store/fkbqm9wyyk9cbw69ldhxmjajabhr8jm1-system-path/share/dbus-1/services/org.kde.dolphin.FileManager1.service' is not named after the D-Bus name 'org.freedesktop.FileManager1'.
May 09 20:39:25 dectech-6af36c dbus-broker-launch[2539]: Ignoring duplicate name 'org.freedesktop.FileManager1' in service file '/nix/store/fkbqm9wyyk9cbw69ldhxmjajabhr8jm1-system-path/share/dbus-1/services/org.kde.dolphin.FileManager1.service'
May 09 20:39:25 dectech-6af36c dbus-broker-launch[2539]: Ignoring duplicate name 'org.kde.kdeconnect' in service file '/nix/store/fkbqm9wyyk9cbw69ldhxmjajabhr8jm1-system-path/share/dbus-1/services/org.kde.kdeconnect.service'
May 09 20:39:25 dectech-6af36c dbus-broker-launch[2539]: Ignoring duplicate name 'org.kde.kmtpd5' in service file '/nix/store/fkbqm9wyyk9cbw69ldhxmjajabhr8jm1-system-path/share/dbus-1/services/org.kde.kmtpd5.service'
May 09 20:39:25 dectech-6af36c dbus-broker-launch[2539]: Ignoring duplicate name 'com.teamviewer.TeamViewer.Desktop' in service file '/nix/store/sakq23w1k2i0j8bni2rnnyanzxgyxxym-teamviewer-15.74.3/share/dbus-1/services/com.teamviewer.TeamViewer.Desktop.service'
May 09 20:39:25 dectech-6af36c dbus-broker-launch[2539]: Ignoring duplicate name 'com.teamviewer.TeamViewer' in service file '/nix/store/sakq23w1k2i0j8bni2rnnyanzxgyxxym-teamviewer-15.74.3/share/dbus-1/services/com.teamviewer.TeamViewer.service'
May 09 20:39:25 dectech-6af36c dbus-broker-launch[2539]: Ignoring duplicate name 'org.bluez.obex' in service file '/nix/store/zb0vr338s1sq0c7a3ca5i4zx89kjzd4n-bluez-5.86/share/dbus-1/services/org.bluez.obex.service'
May 09 20:39:25 dectech-6af36c dbus-broker-launch[2539]: Ignoring duplicate name 'org.gtk.vfs.AfcVolumeMonitor' in service file '/nix/store/1414i8p21kqwbiph3p0kcrj78prmmyy1-gvfs-1.58.4/share/dbus-1/services/org.gtk.vfs.AfcVolumeMonitor.service'
May 09 20:39:25 dectech-6af36c dbus-broker-launch[2539]: Ignoring duplicate name 'org.gtk.vfs.Daemon' in service file '/nix/store/1414i8p21kqwbiph3p0kcrj78prmmyy1-gvfs-1.58.4/share/dbus-1/services/org.gtk.vfs.Daemon.service'
May 09 20:39:25 dectech-6af36c dbus-broker-launch[2539]: Ignoring duplicate name 'org.gtk.vfs.GPhoto2VolumeMonitor' in service file '/nix/store/1414i8p21kqwbiph3p0kcrj78prmmyy1-gvfs-1.58.4/share/dbus-1/services/org.gtk.vfs.GPhoto2VolumeMonitor.service'
May 09 20:39:25 dectech-6af36c dbus-broker-launch[2539]: Ignoring duplicate name 'org.gtk.vfs.GoaVolumeMonitor' in service file '/nix/store/1414i8p21kqwbiph3p0kcrj78prmmyy1-gvfs-1.58.4/share/dbus-1/services/org.gtk.vfs.GoaVolumeMonitor.service'
May 09 20:39:25 dectech-6af36c dbus-broker-launch[2539]: Ignoring duplicate name 'org.gtk.vfs.MTPVolumeMonitor' in service file '/nix/store/1414i8p21kqwbiph3p0kcrj78prmmyy1-gvfs-1.58.4/share/dbus-1/services/org.gtk.vfs.MTPVolumeMonitor.service'
May 09 20:39:25 dectech-6af36c dbus-broker-launch[2539]: Ignoring duplicate name 'org.gtk.vfs.Metadata' in service file '/nix/store/1414i8p21kqwbiph3p0kcrj78prmmyy1-gvfs-1.58.4/share/dbus-1/services/org.gtk.vfs.Metadata.service'
May 09 20:39:25 dectech-6af36c dbus-broker-launch[2539]: Ignoring duplicate name 'org.gtk.vfs.UDisks2VolumeMonitor' in service file '/nix/store/1414i8p21kqwbiph3p0kcrj78prmmyy1-gvfs-1.58.4/share/dbus-1/services/org.gtk.vfs.UDisks2VolumeMonitor.service'
May 09 20:39:25 dectech-6af36c dbus-broker-launch[2539]: Ignoring duplicate name 'org.freedesktop.impl.portal.Secret' in service file '/nix/store/x1199bxd4ia75dd1nmh0xnnpfzxz1785-gnome-keyring-48.0/share/dbus-1/services/org.freedesktop.impl.portal.Secret.service'
May 09 20:39:25 dectech-6af36c dbus-broker-launch[2539]: Ignoring duplicate name 'org.freedesktop.secrets' in service file '/nix/store/x1199bxd4ia75dd1nmh0xnnpfzxz1785-gnome-keyring-48.0/share/dbus-1/services/org.freedesktop.secrets.service'
May 09 20:39:25 dectech-6af36c dbus-broker-launch[2539]: Ignoring duplicate name 'org.gnome.keyring' in service file '/nix/store/x1199bxd4ia75dd1nmh0xnnpfzxz1785-gnome-keyring-48.0/share/dbus-1/services/org.gnome.keyring.service'
May 09 20:39:25 dectech-6af36c dbus-broker-launch[2539]: Ignoring duplicate name 'org.flatpak.Authenticator.Oci' in service file '/nix/store/3lnpblx0qc1wsrrcm5a57szp09n5dwg5-flatpak-1.16.6/share/dbus-1/services/org.flatpak.Authenticator.Oci.service'
May 09 20:39:25 dectech-6af36c dbus-broker-launch[2539]: Ignoring duplicate name 'org.freedesktop.Flatpak' in service file '/nix/store/3lnpblx0qc1wsrrcm5a57szp09n5dwg5-flatpak-1.16.6/share/dbus-1/services/org.freedesktop.Flatpak.service'
May 09 20:39:25 dectech-6af36c dbus-broker-launch[2539]: Ignoring duplicate name 'org.freedesktop.portal.Flatpak' in service file '/nix/store/3lnpblx0qc1wsrrcm5a57szp09n5dwg5-flatpak-1.16.6/share/dbus-1/services/org.freedesktop.portal.Flatpak.service'
May 09 20:39:25 dectech-6af36c dbus-broker-launch[2539]: Ignoring duplicate name 'org.blueman.Applet' in service file '/nix/store/yjba7p5a8ddh0kax997gx3l1d1hr3aq7-blueman-2.4.6/share/dbus-1/services/org.blueman.Applet.service'
May 09 20:39:25 dectech-6af36c dbus-broker-launch[2539]: Ignoring duplicate name 'org.blueman.Manager' in service file '/nix/store/yjba7p5a8ddh0kax997gx3l1d1hr3aq7-blueman-2.4.6/share/dbus-1/services/org.blueman.Manager.service'
May 09 20:39:25 dectech-6af36c dbus-broker-launch[2539]: Ignoring duplicate name 'ca.desrt.dconf' in service file '/nix/store/qpqhl3f18vmy1bkq2fisg0f6x64v24xs-dconf-0.49.0/share/dbus-1/services/ca.desrt.dconf.service'
May 09 20:39:25 dectech-6af36c dbus-broker-launch[2539]: Ignoring duplicate name 'org.freedesktop.impl.portal.PermissionStore' in service file '/nix/store/ih7w44bx3c8nh807h9dqlzcjcfwafbap-xdg-desktop-portal-1.20.4/share/dbus-1/services/org.freedesktop.impl.portal.PermissionStore.service'
May 09 20:39:25 dectech-6af36c dbus-broker-launch[2539]: Ignoring duplicate name 'org.freedesktop.portal.Desktop' in service file '/nix/store/ih7w44bx3c8nh807h9dqlzcjcfwafbap-xdg-desktop-portal-1.20.4/share/dbus-1/services/org.freedesktop.portal.Desktop.service'
May 09 20:39:25 dectech-6af36c dbus-broker-launch[2539]: Ignoring duplicate name 'org.freedesktop.portal.Documents' in service file '/nix/store/ih7w44bx3c8nh807h9dqlzcjcfwafbap-xdg-desktop-portal-1.20.4/share/dbus-1/services/org.freedesktop.portal.Documents.service'
May 09 20:39:25 dectech-6af36c dbus-broker-launch[2539]: Ignoring duplicate name 'org.freedesktop.impl.portal.PermissionStore' in service file '/nix/store/ih7w44bx3c8nh807h9dqlzcjcfwafbap-xdg-desktop-portal-1.20.4/share/dbus-1/services/org.freedesktop.impl.portal.PermissionStore.service'
May 09 20:39:25 dectech-6af36c dbus-broker-launch[2539]: Ignoring duplicate name 'org.freedesktop.portal.Desktop' in service file '/nix/store/ih7w44bx3c8nh807h9dqlzcjcfwafbap-xdg-desktop-portal-1.20.4/share/dbus-1/services/org.freedesktop.portal.Desktop.service'
May 09 20:39:25 dectech-6af36c dbus-broker-launch[2539]: Ignoring duplicate name 'org.freedesktop.portal.Documents' in service file '/nix/store/ih7w44bx3c8nh807h9dqlzcjcfwafbap-xdg-desktop-portal-1.20.4/share/dbus-1/services/org.freedesktop.portal.Documents.service'
May 09 20:39:25 dectech-6af36c dbus-broker-launch[2539]: Ignoring duplicate name 'org.freedesktop.impl.portal.desktop.hyprland' in service file '/nix/store/pmk6xmmh5jns9q531f1978wck0p1sbcj-xdg-desktop-portal-hyprland-1.3.12/share/dbus-1/services/org.freedesktop.impl.portal.desktop.hyprland.service'
May 09 20:39:25 dectech-6af36c dbus-broker-launch[2539]: Ignoring duplicate name 'org.freedesktop.impl.portal.desktop.gtk' in service file '/nix/store/85c433qg23ynv7vr4cpsy4dkvczmjshd-xdg-desktop-portal-gtk-1.15.3/share/dbus-1/services/org.freedesktop.impl.portal.desktop.gtk.service'
May 09 20:39:25 dectech-6af36c dbus-broker-launch[2539]: Ignoring duplicate name 'org.freedesktop.impl.portal.desktop.wlr' in service file '/nix/store/l0y1fniqb9192iv7z28109k4y7dcvf7c-xdg-desktop-portal-wlr-0.8.2/share/dbus-1/services/org.freedesktop.impl.portal.desktop.wlr.service'
May 09 20:39:25 dectech-6af36c dbus-broker-launch[2539]: Ignoring duplicate name 'org.freedesktop.impl.portal.Secret' in service file '/nix/store/x1199bxd4ia75dd1nmh0xnnpfzxz1785-gnome-keyring-48.0/share/dbus-1/services/org.freedesktop.impl.portal.Secret.service'
May 09 20:39:25 dectech-6af36c dbus-broker-launch[2539]: Ignoring duplicate name 'org.freedesktop.secrets' in service file '/nix/store/x1199bxd4ia75dd1nmh0xnnpfzxz1785-gnome-keyring-48.0/share/dbus-1/services/org.freedesktop.secrets.service'
May 09 20:39:25 dectech-6af36c dbus-broker-launch[2539]: Ignoring duplicate name 'org.gnome.keyring' in service file '/nix/store/x1199bxd4ia75dd1nmh0xnnpfzxz1785-gnome-keyring-48.0/share/dbus-1/services/org.gnome.keyring.service'
May 09 20:39:25 dectech-6af36c dbus-broker-launch[2539]: Ignoring duplicate name 'org.freedesktop.impl.portal.desktop.hyprland' in service file '/nix/store/pmk6xmmh5jns9q531f1978wck0p1sbcj-xdg-desktop-portal-hyprland-1.3.12/share/dbus-1/services/org.freedesktop.impl.portal.desktop.hyprland.service'
May 09 20:39:25 dectech-6af36c dbus-broker-launch[2539]: Ignoring duplicate name 'org.freedesktop.impl.portal.desktop.gtk' in service file '/nix/store/85c433qg23ynv7vr4cpsy4dkvczmjshd-xdg-desktop-portal-gtk-1.15.3/share/dbus-1/services/org.freedesktop.impl.portal.desktop.gtk.service'
May 09 20:39:25 dectech-6af36c systemd[2417]: Started D-Bus User Message Bus.
May 09 20:39:25 dectech-6af36c dbus-broker-launch[2539]: Ready
May 09 20:39:25 dectech-6af36c systemd[2417]: blueman-applet.service: Service has more than one ExecStart= setting, which is only allowed for Type=oneshot services. Refusing.
May 09 20:39:25 dectech-6af36c systemd[2417]: blueman-applet.service: Service has more than one ExecStart= setting, which is only allowed for Type=oneshot services. Refusing.
May 09 20:39:25 dectech-6af36c systemd[2417]: blueman-applet.service: Service has more than one ExecStart= setting, which is only allowed for Type=oneshot services. Refusing.
May 09 20:39:25 dectech-6af36c systemd[2417]: blueman-applet.service: Service has more than one ExecStart= setting, which is only allowed for Type=oneshot services. Refusing.
May 09 20:39:25 dectech-6af36c systemd[2417]: blueman-applet.service: Cannot add dependency job, ignoring: Unit blueman-applet.service has a bad unit file setting.
May 09 20:39:25 dectech-6af36c systemd[2417]: Reached target Session services which should run early before the graphical session is brought up.
May 09 20:39:25 dectech-6af36c systemd[2417]: Reached target Current graphical user session.
May 09 20:39:25 dectech-6af36c systemd[2417]: Reached target Hyprland compositor session.
May 09 20:39:25 dectech-6af36c systemd[2417]: Started hypridle.
May 09 20:39:25 dectech-6af36c systemd[2417]: Started Restart HyprPanel on monitor hotplug (debounced).
May 09 20:39:25 dectech-6af36c systemd[2417]: Started Bar/Panel for Hyprland with extensive customizability.
May 09 20:39:25 dectech-6af36c systemd[2417]: Started Signal read receipt notifier.
May 09 20:39:25 dectech-6af36c systemd[2417]: Starting Portal service...
May 09 20:39:25 dectech-6af36c hypridle[2559]: [LOG] Registered timeout rule for 240s:
May 09 20:39:25 dectech-6af36c hypridle[2559]:       on-timeout: hyprlock
May 09 20:39:25 dectech-6af36c hypridle[2559]:       on-resume:
May 09 20:39:25 dectech-6af36c hypridle[2559]:       ignore_inhibit: false
May 09 20:39:25 dectech-6af36c hypridle[2559]: [LOG] Registered timeout rule for 300s:
May 09 20:39:25 dectech-6af36c hypridle[2559]:       on-timeout: hyprctl dispatch dpms off
May 09 20:39:25 dectech-6af36c hypridle[2559]:       on-resume: hyprctl dispatch dpms on
May 09 20:39:25 dectech-6af36c hypridle[2559]:       ignore_inhibit: false
May 09 20:39:25 dectech-6af36c hypridle[2559]: [LOG] Registered timeout rule for 600s:
May 09 20:39:25 dectech-6af36c hypridle[2559]:       on-timeout: systemctl suspend
May 09 20:39:25 dectech-6af36c hypridle[2559]:       on-resume:
May 09 20:39:25 dectech-6af36c hypridle[2559]:       ignore_inhibit: false
May 09 20:39:25 dectech-6af36c hypridle[2559]: [LOG]   | got iface: wl_seat v9
May 09 20:39:25 dectech-6af36c hypridle[2559]: [LOG]    > Bound to wl_seat v9
May 09 20:39:25 dectech-6af36c hypridle[2559]: [LOG]   | got iface: wl_data_device_manager v3
May 09 20:39:25 dectech-6af36c hypridle[2559]: [LOG]   | got iface: wl_compositor v6
May 09 20:39:25 dectech-6af36c hypridle[2559]: [LOG]   | got iface: wl_subcompositor v1
May 09 20:39:25 dectech-6af36c hypridle[2559]: [LOG]   | got iface: wl_shm v2
May 09 20:39:25 dectech-6af36c hypridle[2559]: [LOG]   | got iface: wp_viewporter v1
May 09 20:39:25 dectech-6af36c hypridle[2559]: [LOG]   | got iface: wp_tearing_control_manager_v1 v1
May 09 20:39:25 dectech-6af36c hypridle[2559]: [LOG]   | got iface: wp_fractional_scale_manager_v1 v1
May 09 20:39:25 dectech-6af36c hypridle[2559]: [LOG]   | got iface: zxdg_output_manager_v1 v3
May 09 20:39:25 dectech-6af36c hypridle[2559]: [LOG]   | got iface: wp_cursor_shape_manager_v1 v2
May 09 20:39:25 dectech-6af36c hypridle[2559]: [LOG]   | got iface: zwp_idle_inhibit_manager_v1 v1
May 09 20:39:25 dectech-6af36c hypridle[2559]: [LOG]   | got iface: zwp_relative_pointer_manager_v1 v1
May 09 20:39:25 dectech-6af36c hypridle[2559]: [LOG]   | got iface: zxdg_decoration_manager_v1 v1
May 09 20:39:25 dectech-6af36c hypridle[2559]: [LOG]   | got iface: wp_alpha_modifier_v1 v1
May 09 20:39:25 dectech-6af36c hypridle[2559]: [LOG]   | got iface: zwlr_gamma_control_manager_v1 v1
May 09 20:39:25 dectech-6af36c hypridle[2559]: [LOG]   | got iface: ext_foreign_toplevel_list_v1 v1
May 09 20:39:25 dectech-6af36c hypridle[2559]: [LOG]   | got iface: zwp_pointer_gestures_v1 v3
May 09 20:39:25 dectech-6af36c hypridle[2559]: [LOG]   | got iface: zwlr_foreign_toplevel_manager_v1 v3
May 09 20:39:25 dectech-6af36c hypridle[2559]: [LOG]   | got iface: zwp_keyboard_shortcuts_inhibit_manager_v1 v1
May 09 20:39:25 dectech-6af36c hypridle[2559]: [LOG]   | got iface: zwp_text_input_manager_v1 v1
May 09 20:39:25 dectech-6af36c hypridle[2559]: [LOG]   | got iface: zwp_text_input_manager_v3 v1
May 09 20:39:25 dectech-6af36c hypridle[2559]: [LOG]   | got iface: zwp_pointer_constraints_v1 v1
May 09 20:39:25 dectech-6af36c hypridle[2559]: [LOG]   | got iface: zwlr_output_power_manager_v1 v1
May 09 20:39:25 dectech-6af36c hypridle[2559]: [LOG]   | got iface: xdg_activation_v1 v1
May 09 20:39:25 dectech-6af36c hypridle[2559]: [LOG]   | got iface: ext_idle_notifier_v1 v2
May 09 20:39:25 dectech-6af36c hypridle[2559]: [LOG]    > Bound to ext_idle_notifier_v1 v2
May 09 20:39:25 dectech-6af36c hypridle[2559]: [LOG]   | got iface: hyprland_lock_notifier_v1 v1
May 09 20:39:25 dectech-6af36c hypridle[2559]: [LOG]    > Bound to hyprland_lock_notifier_v1 v1
May 09 20:39:25 dectech-6af36c hypridle[2559]: [LOG]   | got iface: ext_session_lock_manager_v1 v1
May 09 20:39:25 dectech-6af36c hypridle[2559]: [LOG]   | got iface: zwp_input_method_manager_v2 v1
May 09 20:39:25 dectech-6af36c hypridle[2559]: [LOG]   | got iface: zwp_virtual_keyboard_manager_v1 v1
May 09 20:39:25 dectech-6af36c hypridle[2559]: [LOG]   | got iface: zwlr_virtual_pointer_manager_v1 v2
May 09 20:39:25 dectech-6af36c hypridle[2559]: [LOG]   | got iface: zwlr_output_manager_v1 v4
May 09 20:39:25 dectech-6af36c hypridle[2559]: [LOG]   | got iface: org_kde_kwin_server_decoration_manager v1
May 09 20:39:25 dectech-6af36c hypridle[2559]: [LOG]   | got iface: hyprland_focus_grab_manager_v1 v1
May 09 20:39:25 dectech-6af36c hypridle[2559]: [LOG]   | got iface: zwp_tablet_manager_v2 v1
May 09 20:39:25 dectech-6af36c hypridle[2559]: [LOG]   | got iface: zwlr_layer_shell_v1 v5
May 09 20:39:25 dectech-6af36c hypridle[2559]: [LOG]   | got iface: wp_presentation v2
May 09 20:39:25 dectech-6af36c hypridle[2559]: [LOG]   | got iface: xdg_wm_base v7
May 09 20:39:25 dectech-6af36c hypridle[2559]: [LOG]   | got iface: zwlr_data_control_manager_v1 v2
May 09 20:39:25 dectech-6af36c hypridle[2559]: [LOG]   | got iface: zwp_primary_selection_device_manager_v1 v1
May 09 20:39:25 dectech-6af36c hypridle[2559]: [LOG]   | got iface: xwayland_shell_v1 v1
May 09 20:39:25 dectech-6af36c hypridle[2559]: [LOG]   | got iface: hyprland_toplevel_mapping_manager_v1 v1
May 09 20:39:25 dectech-6af36c hypridle[2559]: [LOG]   | got iface: hyprland_global_shortcuts_manager_v1 v1
May 09 20:39:25 dectech-6af36c hypridle[2559]: [LOG]   | got iface: xdg_wm_dialog_v1 v1
May 09 20:39:25 dectech-6af36c hypridle[2559]: [LOG]   | got iface: wp_single_pixel_buffer_manager_v1 v1
May 09 20:39:25 dectech-6af36c hypridle[2559]: [LOG]   | got iface: wp_security_context_manager_v1 v1
May 09 20:39:25 dectech-6af36c hypridle[2559]: [LOG]   | got iface: hyprland_ctm_control_manager_v1 v2
May 09 20:39:25 dectech-6af36c hypridle[2559]: [LOG]   | got iface: hyprland_surface_manager_v1 v2
May 09 20:39:25 dectech-6af36c hypridle[2559]: [LOG]   | got iface: wp_content_type_manager_v1 v1
May 09 20:39:25 dectech-6af36c hypridle[2559]: [LOG]   | got iface: xdg_toplevel_tag_manager_v1 v1
May 09 20:39:25 dectech-6af36c hypridle[2559]: [LOG]   | got iface: xdg_system_bell_v1 v1
May 09 20:39:25 dectech-6af36c hypridle[2559]: [LOG]   | got iface: ext_workspace_manager_v1 v1
May 09 20:39:25 dectech-6af36c hypridle[2559]: [LOG]   | got iface: ext_data_control_manager_v1 v1
May 09 20:39:25 dectech-6af36c hypridle[2559]: [LOG]   | got iface: wp_pointer_warp_v1 v1
May 09 20:39:25 dectech-6af36c hypridle[2559]: [LOG]   | got iface: wp_fifo_manager_v1 v1
May 09 20:39:25 dectech-6af36c hypridle[2559]: [LOG]   | got iface: wp_commit_timing_manager_v1 v1
May 09 20:39:25 dectech-6af36c hypridle[2559]: [LOG]   | got iface: zwlr_screencopy_manager_v1 v3
May 09 20:39:25 dectech-6af36c hypridle[2559]: [LOG]   | got iface: hyprland_toplevel_export_manager_v1 v2
May 09 20:39:25 dectech-6af36c hypridle[2559]: [LOG]   | got iface: ext_output_image_capture_source_manager_v1 v1
May 09 20:39:25 dectech-6af36c hypridle[2559]: [LOG]   | got iface: ext_foreign_toplevel_image_capture_source_manager_v1 v1
May 09 20:39:25 dectech-6af36c hypridle[2559]: [LOG]   | got iface: ext_image_copy_capture_manager_v1 v1
May 09 20:39:25 dectech-6af36c hypridle[2559]: [LOG]   | got iface: wp_color_manager_v1 v1
May 09 20:39:25 dectech-6af36c hypridle[2559]: [LOG]   | got iface: wp_drm_lease_device_v1 v1
May 09 20:39:25 dectech-6af36c hypridle[2559]: [LOG]   | got iface: wp_linux_drm_syncobj_manager_v1 v1
May 09 20:39:25 dectech-6af36c hypridle[2559]: [LOG]   | got iface: wl_drm v2
May 09 20:39:25 dectech-6af36c hypridle[2559]: [LOG]   | got iface: zwp_linux_dmabuf_v1 v5
May 09 20:39:25 dectech-6af36c hypridle[2559]: [LOG]   | got iface: wl_output v4
May 09 20:39:25 dectech-6af36c hypridle[2559]: [LOG] found 3 rules
May 09 20:39:25 dectech-6af36c hypridle[2559]: [LOG] wayland done, registering dbus
May 09 20:39:25 dectech-6af36c hypridle[2559]: [LOG] Sleep inhibition enabled
May 09 20:39:25 dectech-6af36c hypridle[2559]: [LOG] Using dbus path /org/freedesktop/login1/session/_31
May 09 20:39:25 dectech-6af36c systemd[1]: Starting Authorization Manager...
May 09 20:39:25 dectech-6af36c bluetoothd[1501]: Battery Provider Manager created
May 09 20:39:25 dectech-6af36c kernel: Bluetooth: MGMT ver 1.23
May 09 20:39:25 dectech-6af36c kernel: NET: Registered PF_ALG protocol family
May 09 20:39:25 dectech-6af36c systemd[2417]: Starting sandboxed app permission store...
May 09 20:39:25 dectech-6af36c bluetoothd[1501]: Failed to set default system config for hci0
May 09 20:39:25 dectech-6af36c systemd-timesyncd[1049]: Network configuration changed, trying to establish connection.
May 09 20:39:25 dectech-6af36c kernel: r8169 0000:0a:00.0 enp10s0: Link is Up - 1Gbps/Full - flow control rx/tx
May 09 20:39:25 dectech-6af36c systemd[2417]: Starting Virtual filesystem service...
May 09 20:39:25 dectech-6af36c kernel: NET: Registered PF_PACKET protocol family
May 09 20:39:25 dectech-6af36c avahi-daemon[1500]: Joining mDNS multicast group on interface enp10s0.IPv6 with address fe80::5ad0:54ad:16e0:7c30.
May 09 20:39:25 dectech-6af36c avahi-daemon[1500]: New relevant interface enp10s0.IPv6 for mDNS.
May 09 20:39:25 dectech-6af36c avahi-daemon[1500]: Registering new address record for fe80::5ad0:54ad:16e0:7c30 on enp10s0.*.
May 09 20:39:25 dectech-6af36c systemd[2417]: Started sandboxed app permission store.
May 09 20:39:25 dectech-6af36c systemd[2417]: Starting flatpak document portal service...
May 09 20:39:25 dectech-6af36c systemd[2417]: Started flatpak document portal service.
May 09 20:39:25 dectech-6af36c systemd[2417]: Started Virtual filesystem service.
May 09 20:39:25 dectech-6af36c polkitd[2572]: Started polkitd version 127
May 09 20:39:25 dectech-6af36c systemd[1]: Started Authorization Manager.
May 09 20:39:25 dectech-6af36c systemd[1]: Starting RealtimeKit Scheduling Policy Service...
May 09 20:39:25 dectech-6af36c systemd-timesyncd[1049]: Network configuration changed, trying to establish connection.
May 09 20:39:25 dectech-6af36c systemd-timesyncd[1049]: Network configuration changed, trying to establish connection.
May 09 20:39:25 dectech-6af36c hypridle[2559]: [LOG] Inhibited sleep with fd 10
May 09 20:39:25 dectech-6af36c systemd[1]: Started RealtimeKit Scheduling Policy Service.
May 09 20:39:25 dectech-6af36c rtkit-daemon[2657]: Handling system-suspend using logind.
May 09 20:39:25 dectech-6af36c systemd[2417]: Starting Portal service (Hyprland implementation)...
May 09 20:39:25 dectech-6af36c systemd[2417]: Started Portal service (Hyprland implementation).
May 09 20:39:25 dectech-6af36c xdg-desktop-portal-hyprland[2678]: [LOG] Initializing xdph...
May 09 20:39:25 dectech-6af36c xdg-desktop-portal-hyprland[2678]: [LOG] XDG_CURRENT_DESKTOP set to Hyprland
May 09 20:39:25 dectech-6af36c xdg-desktop-portal-hyprland[2678]: [LOG] Gathering exported interfaces
May 09 20:39:25 dectech-6af36c xdg-desktop-portal-hyprland[2678]: [LOG]  | Got interface: wl_seat (ver 9)
May 09 20:39:25 dectech-6af36c xdg-desktop-portal-hyprland[2678]: [LOG]  | Got interface: wl_data_device_manager (ver 3)
May 09 20:39:25 dectech-6af36c xdg-desktop-portal-hyprland[2678]: [LOG]  | Got interface: wl_compositor (ver 6)
May 09 20:39:25 dectech-6af36c xdg-desktop-portal-hyprland[2678]: [LOG]  | Got interface: wl_subcompositor (ver 1)
May 09 20:39:25 dectech-6af36c xdg-desktop-portal-hyprland[2678]: [LOG]  | Got interface: wl_shm (ver 2)
May 09 20:39:25 dectech-6af36c xdg-desktop-portal-hyprland[2678]: [LOG]  | Got interface: wp_viewporter (ver 1)
May 09 20:39:25 dectech-6af36c xdg-desktop-portal-hyprland[2678]: [LOG]  | Got interface: wp_tearing_control_manager_v1 (ver 1)
May 09 20:39:25 dectech-6af36c xdg-desktop-portal-hyprland[2678]: [LOG]  | Got interface: wp_fractional_scale_manager_v1 (ver 1)
May 09 20:39:25 dectech-6af36c xdg-desktop-portal-hyprland[2678]: [LOG]  | Got interface: zxdg_output_manager_v1 (ver 3)
May 09 20:39:25 dectech-6af36c xdg-desktop-portal-hyprland[2678]: [LOG]  | Got interface: wp_cursor_shape_manager_v1 (ver 2)
May 09 20:39:25 dectech-6af36c xdg-desktop-portal-hyprland[2678]: [LOG]  | Got interface: zwp_idle_inhibit_manager_v1 (ver 1)
May 09 20:39:25 dectech-6af36c xdg-desktop-portal-hyprland[2678]: [LOG]  | Got interface: zwp_relative_pointer_manager_v1 (ver 1)
May 09 20:39:25 dectech-6af36c xdg-desktop-portal-hyprland[2678]: [LOG]  | Got interface: zxdg_decoration_manager_v1 (ver 1)
May 09 20:39:25 dectech-6af36c xdg-desktop-portal-hyprland[2678]: [LOG]  | Got interface: wp_alpha_modifier_v1 (ver 1)
May 09 20:39:25 dectech-6af36c xdg-desktop-portal-hyprland[2678]: [LOG]  | Got interface: zwlr_gamma_control_manager_v1 (ver 1)
May 09 20:39:25 dectech-6af36c xdg-desktop-portal-hyprland[2678]: [LOG]  | Got interface: ext_foreign_toplevel_list_v1 (ver 1)
May 09 20:39:25 dectech-6af36c xdg-desktop-portal-hyprland[2678]: [LOG]  | Got interface: zwp_pointer_gestures_v1 (ver 3)
May 09 20:39:25 dectech-6af36c xdg-desktop-portal-hyprland[2678]: [LOG]  | Got interface: zwlr_foreign_toplevel_manager_v1 (ver 3)
May 09 20:39:25 dectech-6af36c xdg-desktop-portal-hyprland[2678]: [LOG] [toplevel] (activate) locks: 1
May 09 20:39:25 dectech-6af36c xdg-desktop-portal-hyprland[2678]: [LOG]  | Got interface: zwp_keyboard_shortcuts_inhibit_manager_v1 (ver 1)
May 09 20:39:25 dectech-6af36c xdg-desktop-portal-hyprland[2678]: [LOG]  | Got interface: zwp_text_input_manager_v1 (ver 1)
May 09 20:39:25 dectech-6af36c xdg-desktop-portal-hyprland[2678]: [LOG]  | Got interface: zwp_text_input_manager_v3 (ver 1)
May 09 20:39:25 dectech-6af36c xdg-desktop-portal-hyprland[2678]: [LOG]  | Got interface: zwp_pointer_constraints_v1 (ver 1)
May 09 20:39:25 dectech-6af36c xdg-desktop-portal-hyprland[2678]: [LOG]  | Got interface: zwlr_output_power_manager_v1 (ver 1)
May 09 20:39:25 dectech-6af36c xdg-desktop-portal-hyprland[2678]: [LOG]  | Got interface: xdg_activation_v1 (ver 1)
May 09 20:39:25 dectech-6af36c xdg-desktop-portal-hyprland[2678]: [LOG]  | Got interface: ext_idle_notifier_v1 (ver 2)
May 09 20:39:25 dectech-6af36c xdg-desktop-portal-hyprland[2678]: [LOG]  | Got interface: hyprland_lock_notifier_v1 (ver 1)
May 09 20:39:25 dectech-6af36c xdg-desktop-portal-hyprland[2678]: [LOG]  | Got interface: ext_session_lock_manager_v1 (ver 1)
May 09 20:39:25 dectech-6af36c xdg-desktop-portal-hyprland[2678]: [LOG]  | Got interface: zwp_input_method_manager_v2 (ver 1)
May 09 20:39:25 dectech-6af36c xdg-desktop-portal-hyprland[2678]: [LOG]  | Got interface: zwp_virtual_keyboard_manager_v1 (ver 1)
May 09 20:39:25 dectech-6af36c xdg-desktop-portal-hyprland[2678]: [LOG]  | Got interface: zwlr_virtual_pointer_manager_v1 (ver 2)
May 09 20:39:25 dectech-6af36c xdg-desktop-portal-hyprland[2678]: [LOG]  | Got interface: zwlr_output_manager_v1 (ver 4)
May 09 20:39:25 dectech-6af36c xdg-desktop-portal-hyprland[2678]: [LOG]  | Got interface: org_kde_kwin_server_decoration_manager (ver 1)
May 09 20:39:25 dectech-6af36c xdg-desktop-portal-hyprland[2678]: [LOG]  | Got interface: hyprland_focus_grab_manager_v1 (ver 1)
May 09 20:39:25 dectech-6af36c xdg-desktop-portal-hyprland[2678]: [LOG]  | Got interface: zwp_tablet_manager_v2 (ver 1)
May 09 20:39:25 dectech-6af36c xdg-desktop-portal-hyprland[2678]: [LOG]  | Got interface: zwlr_layer_shell_v1 (ver 5)
May 09 20:39:25 dectech-6af36c xdg-desktop-portal-hyprland[2678]: [LOG]  | Got interface: wp_presentation (ver 2)
May 09 20:39:25 dectech-6af36c xdg-desktop-portal-hyprland[2678]: [LOG]  | Got interface: xdg_wm_base (ver 7)
May 09 20:39:25 dectech-6af36c xdg-desktop-portal-hyprland[2678]: [LOG]  | Got interface: zwlr_data_control_manager_v1 (ver 2)
May 09 20:39:25 dectech-6af36c xdg-desktop-portal-hyprland[2678]: [LOG]  | Got interface: zwp_primary_selection_device_manager_v1 (ver 1)
May 09 20:39:25 dectech-6af36c xdg-desktop-portal-hyprland[2678]: [LOG]  | Got interface: xwayland_shell_v1 (ver 1)
May 09 20:39:25 dectech-6af36c xdg-desktop-portal-hyprland[2678]: [LOG]  | Got interface: hyprland_toplevel_mapping_manager_v1 (ver 1)
May 09 20:39:25 dectech-6af36c xdg-desktop-portal-hyprland[2678]: [LOG] [toplevel mapping] registered manager
May 09 20:39:25 dectech-6af36c xdg-desktop-portal-hyprland[2678]: [LOG]  | Got interface: hyprland_global_shortcuts_manager_v1 (ver 1)
May 09 20:39:25 dectech-6af36c xdg-desktop-portal-hyprland[2678]: [LOG] [globalshortcuts] registered
May 09 20:39:25 dectech-6af36c xdg-desktop-portal-hyprland[2678]: [LOG]  | Got interface: xdg_wm_dialog_v1 (ver 1)
May 09 20:39:25 dectech-6af36c xdg-desktop-portal-hyprland[2678]: [LOG]  | Got interface: wp_single_pixel_buffer_manager_v1 (ver 1)
May 09 20:39:25 dectech-6af36c xdg-desktop-portal-hyprland[2678]: [LOG]  | Got interface: wp_security_context_manager_v1 (ver 1)
May 09 20:39:25 dectech-6af36c xdg-desktop-portal-hyprland[2678]: [LOG]  | Got interface: hyprland_ctm_control_manager_v1 (ver 2)
May 09 20:39:25 dectech-6af36c xdg-desktop-portal-hyprland[2678]: [LOG]  | Got interface: hyprland_surface_manager_v1 (ver 2)
May 09 20:39:25 dectech-6af36c xdg-desktop-portal-hyprland[2678]: [LOG]  | Got interface: wp_content_type_manager_v1 (ver 1)
May 09 20:39:25 dectech-6af36c xdg-desktop-portal-hyprland[2678]: [LOG]  | Got interface: xdg_toplevel_tag_manager_v1 (ver 1)
May 09 20:39:25 dectech-6af36c xdg-desktop-portal-hyprland[2678]: [LOG]  | Got interface: xdg_system_bell_v1 (ver 1)
May 09 20:39:25 dectech-6af36c xdg-desktop-portal-hyprland[2678]: [LOG]  | Got interface: ext_workspace_manager_v1 (ver 1)
May 09 20:39:25 dectech-6af36c xdg-desktop-portal-hyprland[2678]: [LOG]  | Got interface: ext_data_control_manager_v1 (ver 1)
May 09 20:39:25 dectech-6af36c xdg-desktop-portal-hyprland[2678]: [LOG]  | Got interface: wp_pointer_warp_v1 (ver 1)
May 09 20:39:25 dectech-6af36c xdg-desktop-portal-hyprland[2678]: [LOG]  | Got interface: wp_fifo_manager_v1 (ver 1)
May 09 20:39:25 dectech-6af36c xdg-desktop-portal-hyprland[2678]: [LOG]  | Got interface: wp_commit_timing_manager_v1 (ver 1)
May 09 20:39:25 dectech-6af36c xdg-desktop-portal-hyprland[2678]: [LOG]  | Got interface: zwlr_screencopy_manager_v1 (ver 3)
May 09 20:39:25 dectech-6af36c xdg-desktop-portal-hyprland[2678]: [LOG] [pipewire] connected
May 09 20:39:25 dectech-6af36c xdg-desktop-portal-hyprland[2678]: [LOG] [screencopy] init successful
May 09 20:39:25 dectech-6af36c xdg-desktop-portal-hyprland[2678]: [LOG]  | Got interface: hyprland_toplevel_export_manager_v1 (ver 2)
May 09 20:39:25 dectech-6af36c xdg-desktop-portal-hyprland[2678]: [LOG]  | Got interface: ext_output_image_capture_source_manager_v1 (ver 1)
May 09 20:39:25 dectech-6af36c xdg-desktop-portal-hyprland[2678]: [LOG]  | Got interface: ext_foreign_toplevel_image_capture_source_manager_v1 (ver 1)
May 09 20:39:25 dectech-6af36c xdg-desktop-portal-hyprland[2678]: [LOG]  | Got interface: ext_image_copy_capture_manager_v1 (ver 1)
May 09 20:39:25 dectech-6af36c xdg-desktop-portal-hyprland[2678]: [LOG]  | Got interface: wp_color_manager_v1 (ver 1)
May 09 20:39:25 dectech-6af36c xdg-desktop-portal-hyprland[2678]: [LOG]  | Got interface: wp_drm_lease_device_v1 (ver 1)
May 09 20:39:25 dectech-6af36c xdg-desktop-portal-hyprland[2678]: [LOG]  | Got interface: wp_linux_drm_syncobj_manager_v1 (ver 1)
May 09 20:39:25 dectech-6af36c xdg-desktop-portal-hyprland[2678]: [LOG]  | Got interface: wl_drm (ver 2)
May 09 20:39:25 dectech-6af36c xdg-desktop-portal-hyprland[2678]: [LOG]  | Got interface: zwp_linux_dmabuf_v1 (ver 5)
May 09 20:39:25 dectech-6af36c systemd[2417]: Started PipeWire Multimedia Service.
May 09 20:39:25 dectech-6af36c systemd[2417]: Started Multimedia Service Session Manager.
May 09 20:39:25 dectech-6af36c systemd[2417]: Started Portal service.
May 09 20:39:25 dectech-6af36c /nix/store/ih7w44bx3c8nh807h9dqlzcjcfwafbap-xdg-desktop-portal-1.20.4/libexec/xdg-desktop-portal[2563]: Realtime error: Could not get pidns for pid 2681: Could not fstatat ns/pid: Not a directory
May 09 20:39:25 dectech-6af36c /nix/store/ih7w44bx3c8nh807h9dqlzcjcfwafbap-xdg-desktop-portal-1.20.4/libexec/xdg-desktop-portal[2563]: Realtime error: Could not get pidns for pid 2681: Could not fstatat ns/pid: Not a directory
May 09 20:39:25 dectech-6af36c /nix/store/ih7w44bx3c8nh807h9dqlzcjcfwafbap-xdg-desktop-portal-1.20.4/libexec/xdg-desktop-portal[2563]: Realtime error: Could not get pidns for pid 2684: Could not fstatat ns/pid: Not a directory
May 09 20:39:25 dectech-6af36c /nix/store/ih7w44bx3c8nh807h9dqlzcjcfwafbap-xdg-desktop-portal-1.20.4/libexec/xdg-desktop-portal[2563]: Realtime error: Could not get pidns for pid 2684: Could not fstatat ns/pid: Not a directory
May 09 20:39:25 dectech-6af36c gjs[2561]: json_node_get_string: assertion 'JSON_NODE_IS_VALID (node)' failed
May 09 20:39:25 dectech-6af36c gjs[2561]: astal_hyprland_hyprland_get_client: assertion 'address != NULL' failed
May 09 20:39:25 dectech-6af36c wireplumber[2684]: default: Failed to get percentage from UPower: org.freedesktop.DBus.Error.NameHasNoOwner
May 09 20:39:25 dectech-6af36c kernel: Bluetooth: RFCOMM TTY layer initialized
May 09 20:39:25 dectech-6af36c kernel: Bluetooth: RFCOMM socket layer initialized
May 09 20:39:25 dectech-6af36c kernel: Bluetooth: RFCOMM ver 1.11
May 09 20:39:25 dectech-6af36c bluetoothd[1501]: Endpoint registered: sender=:1.33 path=/MediaEndpoint/A2DPSource/ldac
May 09 20:39:25 dectech-6af36c bluetoothd[1501]: Endpoint registered: sender=:1.33 path=/MediaEndpoint/A2DPSink/aptx_hd
May 09 20:39:25 dectech-6af36c bluetoothd[1501]: Endpoint registered: sender=:1.33 path=/MediaEndpoint/A2DPSource/aptx_hd
May 09 20:39:25 dectech-6af36c bluetoothd[1501]: Endpoint registered: sender=:1.33 path=/MediaEndpoint/A2DPSink/aptx
May 09 20:39:25 dectech-6af36c bluetoothd[1501]: Endpoint registered: sender=:1.33 path=/MediaEndpoint/A2DPSource/aptx
May 09 20:39:25 dectech-6af36c bluetoothd[1501]: Endpoint registered: sender=:1.33 path=/MediaEndpoint/A2DPSink/aac
May 09 20:39:25 dectech-6af36c bluetoothd[1501]: Endpoint registered: sender=:1.33 path=/MediaEndpoint/A2DPSource/aac
May 09 20:39:25 dectech-6af36c bluetoothd[1501]: Endpoint registered: sender=:1.33 path=/MediaEndpoint/A2DPSink/opus_g
May 09 20:39:25 dectech-6af36c bluetoothd[1501]: Endpoint registered: sender=:1.33 path=/MediaEndpoint/A2DPSource/opus_g
May 09 20:39:25 dectech-6af36c bluetoothd[1501]: Endpoint registered: sender=:1.33 path=/MediaEndpoint/A2DPSink/sbc
May 09 20:39:25 dectech-6af36c bluetoothd[1501]: Endpoint registered: sender=:1.33 path=/MediaEndpoint/A2DPSource/sbc
May 09 20:39:25 dectech-6af36c bluetoothd[1501]: Endpoint registered: sender=:1.33 path=/MediaEndpoint/A2DPSource/aptx_ll_1
May 09 20:39:25 dectech-6af36c bluetoothd[1501]: Endpoint registered: sender=:1.33 path=/MediaEndpoint/A2DPSource/aptx_ll_0
May 09 20:39:25 dectech-6af36c bluetoothd[1501]: Endpoint registered: sender=:1.33 path=/MediaEndpoint/A2DPSource/aptx_ll_duplex_1
May 09 20:39:25 dectech-6af36c bluetoothd[1501]: Endpoint registered: sender=:1.33 path=/MediaEndpoint/A2DPSource/aptx_ll_duplex_0
May 09 20:39:25 dectech-6af36c bluetoothd[1501]: Endpoint registered: sender=:1.33 path=/MediaEndpoint/A2DPSource/faststream
May 09 20:39:25 dectech-6af36c bluetoothd[1501]: Endpoint registered: sender=:1.33 path=/MediaEndpoint/A2DPSource/faststream_duplex
May 09 20:39:25 dectech-6af36c bluetoothd[1501]: Endpoint registered: sender=:1.33 path=/MediaEndpoint/A2DPSink/opus_05
May 09 20:39:25 dectech-6af36c bluetoothd[1501]: Endpoint registered: sender=:1.33 path=/MediaEndpoint/A2DPSource/opus_05
May 09 20:39:25 dectech-6af36c bluetoothd[1501]: Endpoint registered: sender=:1.33 path=/MediaEndpoint/A2DPSink/opus_05_duplex
May 09 20:39:25 dectech-6af36c bluetoothd[1501]: Endpoint registered: sender=:1.33 path=/MediaEndpoint/A2DPSource/opus_05_duplex
May 09 20:39:25 dectech-6af36c wireplumber[2684]: [0:00:23.018536260] [2684]  INFO IPAManager ipa_manager.cpp:147 libcamera is not installed. Adding '/nix/store/src/ipa' to the IPA search path
May 09 20:39:25 dectech-6af36c wireplumber[2684]: [0:00:23.020373730] [2684]  INFO Camera camera_manager.cpp:340 libcamera v0.7.0
May 09 20:39:25 dectech-6af36c dbus-broker-launch[1495]: Activation request for 'org.freedesktop.UPower' failed: The systemd unit 'upower.service' could not be found.
May 09 20:39:25 dectech-6af36c gjs[2561]: file.vala:46: Error opening file “/home/zozano/.config/hyprpanel/config.json”: Too many levels of symbolic links
May 09 20:39:25 dectech-6af36c .hyprpanel-wrap[2561]: No supported GPU monitoring tool found
May 09 20:39:25 dectech-6af36c gjs[2561]: file.vala:46: Error opening file “/home/zozano/.config/hyprpanel/config.json”: Too many levels of symbolic links
May 09 20:39:25 dectech-6af36c systemd[2417]: Starting Virtual filesystem metadata service...
May 09 20:39:25 dectech-6af36c systemd[2417]: Started Virtual filesystem metadata service.
May 09 20:39:25 dectech-6af36c .hyprpanel-wrap[2561]: Startup scripts: 5.2ms
May 09 20:39:25 dectech-6af36c .hyprpanel-wrap[2561]: Notifications: 7.6ms
May 09 20:39:25 dectech-6af36c .hyprpanel-wrap[2561]: OSD: 19.7ms
May 09 20:39:25 dectech-6af36c .hyprpanel-wrap[2561]: Bars: 30.8ms
May 09 20:39:26 dectech-6af36c .hyprpanel-wrap[2561]: Menus: 103.5ms
May 09 20:39:26 dectech-6af36c .hyprpanel-wrap[2561]: System behaviors: 0.9ms
May 09 20:39:26 dectech-6af36c .hyprpanel-wrap[2561]: Monitor handlers: 0.1ms
May 09 20:39:26 dectech-6af36c .hyprpanel-wrap[2561]: HyprPanel initialization: 169.4ms
May 09 20:39:26 dectech-6af36c systemd[2417]: Started app-signal-2533.scope.
May 09 20:39:26 dectech-6af36c .hyprpanel-wrap[2561]: Failed to fetch weather from WeatherAPI.com: Gio.ResolverError: Error resolving “api.weatherapi.com”: Name or service not known
May 09 20:39:26 dectech-6af36c systemd[1]: systemd-rfkill.service: Deactivated successfully.
May 09 20:39:27 dectech-6af36c avahi-daemon[1500]: Leaving mDNS multicast group on interface enp10s0.IPv6 with address fe80::5ad0:54ad:16e0:7c30.
May 09 20:39:27 dectech-6af36c avahi-daemon[1500]: Joining mDNS multicast group on interface enp10s0.IPv6 with address fd1f:c95:1acd:0:c56d:3ebf:f875:5f4b.
May 09 20:39:27 dectech-6af36c avahi-daemon[1500]: Registering new address record for fd1f:c95:1acd:0:c56d:3ebf:f875:5f4b on enp10s0.*.
May 09 20:39:27 dectech-6af36c avahi-daemon[1500]: Withdrawing address record for fe80::5ad0:54ad:16e0:7c30 on enp10s0.
May 09 20:39:27 dectech-6af36c dbus-broker-launch[1495]: Activation request for 'org.freedesktop.resolve1' failed: The systemd unit 'dbus-org.freedesktop.resolve1.service' could not be found.
May 09 20:39:27 dectech-6af36c systemd[1]: Stopped target Host and Network Name Lookups.
May 09 20:39:27 dectech-6af36c systemd[1]: Stopping Host and Network Name Lookups...
May 09 20:39:27 dectech-6af36c systemd[1]: Stopped target User and Group Name Lookups.
May 09 20:39:27 dectech-6af36c systemd[1]: Stopping User and Group Name Lookups...
May 09 20:39:27 dectech-6af36c systemd[1]: Stopping Name Service Cache Daemon (nsncd)...
May 09 20:39:27 dectech-6af36c systemd[1]: nscd.service: Deactivated successfully.
May 09 20:39:27 dectech-6af36c systemd[1]: Stopped Name Service Cache Daemon (nsncd).
May 09 20:39:27 dectech-6af36c systemd[1]: nscd.service: Consumed 111ms CPU time over 5.552s wall clock time, 4.4M memory peak, 6.1K outgoing IP traffic.
May 09 20:39:27 dectech-6af36c avahi-daemon[1500]: Got SIGHUP, reloading.
May 09 20:39:27 dectech-6af36c avahi-daemon[1500]: No service file found in /etc/avahi/services.
May 09 20:39:27 dectech-6af36c systemd[1]: Starting Name Service Cache Daemon (nsncd)...
May 09 20:39:27 dectech-6af36c avahi-daemon[1500]: Registering new address record for fd1f:c95:1acd::be3 on enp10s0.*.
May 09 20:39:27 dectech-6af36c nsncd[3412]: May 09 10:39:27.135 INFO started, config: Config { ignored_request_types: {}, worker_count: 8, handoff_timeout: 10s }, path: "/var/run/nscd/socket"
May 09 20:39:27 dectech-6af36c systemd[1]: Started Name Service Cache Daemon (nsncd).
May 09 20:39:27 dectech-6af36c systemd[1]: Reached target Host and Network Name Lookups.
May 09 20:39:27 dectech-6af36c systemd[1]: Reached target User and Group Name Lookups.
May 09 20:39:27 dectech-6af36c avahi-daemon[1500]: Joining mDNS multicast group on interface enp10s0.IPv4 with address 192.168.1.122.
May 09 20:39:27 dectech-6af36c avahi-daemon[1500]: New relevant interface enp10s0.IPv4 for mDNS.
May 09 20:39:27 dectech-6af36c avahi-daemon[1500]: Registering new address record for 192.168.1.122 on enp10s0.IPv4.
May 09 20:39:27 dectech-6af36c systemd[1]: Stopped target Host and Network Name Lookups.
May 09 20:39:27 dectech-6af36c systemd[1]: Stopping Host and Network Name Lookups...
May 09 20:39:27 dectech-6af36c systemd[1]: Stopped target User and Group Name Lookups.
May 09 20:39:27 dectech-6af36c systemd[1]: Stopping User and Group Name Lookups...
May 09 20:39:27 dectech-6af36c systemd[1]: Stopping Name Service Cache Daemon (nsncd)...
May 09 20:39:27 dectech-6af36c systemd[1]: nscd.service: Deactivated successfully.
May 09 20:39:27 dectech-6af36c systemd[1]: Stopped Name Service Cache Daemon (nsncd).
May 09 20:39:27 dectech-6af36c systemd[1]: nscd.service: Consumed 14ms CPU time over 203ms wall clock time, 3.4M memory peak, 404B incoming IP traffic, 184B outgoing IP traffic.
May 09 20:39:27 dectech-6af36c avahi-daemon[1500]: Got SIGHUP, reloading.
May 09 20:39:27 dectech-6af36c avahi-daemon[1500]: No service file found in /etc/avahi/services.
May 09 20:39:27 dectech-6af36c systemd[1]: Starting Name Service Cache Daemon (nsncd)...
May 09 20:39:27 dectech-6af36c nsncd[3488]: May 09 10:39:27.345 INFO started, config: Config { ignored_request_types: {}, worker_count: 8, handoff_timeout: 10s }, path: "/var/run/nscd/socket"
May 09 20:39:27 dectech-6af36c systemd[1]: Started Name Service Cache Daemon (nsncd).
May 09 20:39:27 dectech-6af36c systemd[1]: Reached target Host and Network Name Lookups.
May 09 20:39:27 dectech-6af36c systemd[1]: Reached target User and Group Name Lookups.
May 09 20:39:27 dectech-6af36c systemd[1]: Finished Network Manager Wait Online.
May 09 20:39:27 dectech-6af36c systemd[1]: Reached target Network is Online.
May 09 20:39:27 dectech-6af36c systemd[1]: Started ComfyUI - A powerful and modular diffusion model GUI.
May 09 20:39:27 dectech-6af36c systemd[1]: Starting podman-tdarr-node.service...
May 09 20:39:27 dectech-6af36c systemd[1]: Starting Tailscale node agent...
May 09 20:39:27 dectech-6af36c systemd[1]: Starting TeamViewer remote control daemon...
May 09 20:39:27 dectech-6af36c systemd[1]: Started TeamViewer remote control daemon.
May 09 20:39:27 dectech-6af36c systemd[1]: var-lib-containers-storage-overlay.mount: Deactivated successfully.
May 09 20:39:27 dectech-6af36c podman[3610]: 2026-05-09 20:39:27.513004217 +1000 AEST m=+0.019074495 image pull 1fe0c1d8c0a8e6afb7fe9d3f28e3a1b35d213a338d319a958ffed98ae6799f58 ghcr.io/haveagitgat/tdarr_node:latest
May 09 20:39:27 dectech-6af36c systemd[1]: Started Tailscale node agent.
May 09 20:39:27 dectech-6af36c systemd[1]: Mounting /data...
May 09 20:39:27 dectech-6af36c systemd[1]: Starting tailscaled-autoconnect.service...
May 09 20:39:27 dectech-6af36c kernel: tun: Universal TUN/TAP device driver, 1.6
May 09 20:39:27 dectech-6af36c tailscaled-autoconnect-start[3812]: Waiting for Tailscale State = Running or systemd timeout
May 09 20:39:27 dectech-6af36c tailscaled-autoconnect-start[3812]: State = NoState
May 09 20:39:27 dectech-6af36c systemd[2417]: Started PipeWire PulseAudio.
May 09 20:39:27 dectech-6af36c /nix/store/ih7w44bx3c8nh807h9dqlzcjcfwafbap-xdg-desktop-portal-1.20.4/libexec/xdg-desktop-portal[2563]: Realtime error: Could not get pidns for pid 3963: Could not fstatat ns/pid: Not a directory
May 09 20:39:27 dectech-6af36c /nix/store/ih7w44bx3c8nh807h9dqlzcjcfwafbap-xdg-desktop-portal-1.20.4/libexec/xdg-desktop-portal[2563]: Realtime error: Could not get pidns for pid 3963: Could not fstatat ns/pid: Not a directory
May 09 20:39:28 dectech-6af36c systemd[1]: Mounted /data.
May 09 20:39:28 dectech-6af36c systemd[1]: server.automount: Got automount request for /server, triggered by 4208 (bwrap)
May 09 20:39:28 dectech-6af36c systemd[2417]: Started Music Player Daemon.
May 09 20:39:28 dectech-6af36c systemd[2417]: Started MPRIS bridge for MPD.
May 09 20:39:28 dectech-6af36c systemd[2417]: Reached target Main User Target.
May 09 20:39:28 dectech-6af36c systemd[2417]: Startup finished in 4.472s.
May 09 20:39:28 dectech-6af36c podman[3610]: 2026-05-09 20:39:28.160518491 +1000 AEST m=+0.666588769 container create 8623fe2e8f0981f57cdb7563bb1e85a7a8f07b82e6b9dfef7e546d1edc30418a (image=ghcr.io/haveagitgat/tdarr_node:latest, name=tdarr-node, org.opencontainers.image.created=2026-04-16T06:13:23.193Z, org.opencontainers.image.source=https://github.com/HaveAGitGat/tdarr_express_be, maintainer=TheLamer, org.opencontainers.image.authors=linuxserver.io, PODMAN_SYSTEMD_UNIT=podman-tdarr-node.service, build_version=Linuxserver.io version:- 36b6b93c-ls52 Build-date:- 2025-10-21T23:31:51+00:00, org.opencontainers.image.licenses=, org.opencontainers.image.vendor=linuxserver.io, org.opencontainers.image.version=dev_2.69.01_2026_04_16T05_54_14z, io.containers.autoupdate=registry, org.opencontainers.image.documentation=https://docs.linuxserver.io/images/docker-baseimage-ubuntu, org.opencontainers.image.revision=b3d708db5da67c5c2722628f8b8a648ed6e678d0, org.opencontainers.image.ref.name=a5dcbdd127821573f2ae517aa5aa2d86618165d9, org.opencontainers.image.title=tdarr_express_be, org.opencontainers.image.url=https://github.com/HaveAGitGat/tdarr_express_be, org.opencontainers.image.description=)
May 09 20:39:28 dectech-6af36c mpdris2-rs[4216]:  INFO [mpdris2_rs] Connecting to default MPD server: localhost:6600
May 09 20:39:28 dectech-6af36c kernel: bridge: filtering via arp/ip/ip6tables is no longer available by default. Update your scripts to load br_netfilter if you need this.
May 09 20:39:28 dectech-6af36c avahi-daemon[1500]: Joining mDNS multicast group on interface podman1.IPv4 with address 10.89.0.1.
May 09 20:39:28 dectech-6af36c avahi-daemon[1500]: New relevant interface podman1.IPv4 for mDNS.
May 09 20:39:28 dectech-6af36c avahi-daemon[1500]: Registering new address record for 10.89.0.1 on podman1.IPv4.
May 09 20:39:28 dectech-6af36c kernel: podman1: port 1(veth0) entered blocking state
May 09 20:39:28 dectech-6af36c kernel: podman1: port 1(veth0) entered disabled state
May 09 20:39:28 dectech-6af36c kernel: veth0: entered allmulticast mode
May 09 20:39:28 dectech-6af36c kernel: veth0: entered promiscuous mode
May 09 20:39:28 dectech-6af36c kernel: podman1: port 1(veth0) entered blocking state
May 09 20:39:28 dectech-6af36c kernel: podman1: port 1(veth0) entered forwarding state
May 09 20:39:28 dectech-6af36c kernel: podman1: port 1(veth0) entered disabled state
May 09 20:39:28 dectech-6af36c kernel: podman1: port 1(veth0) entered blocking state
May 09 20:39:28 dectech-6af36c kernel: podman1: port 1(veth0) entered forwarding state
May 09 20:39:28 dectech-6af36c systemd[1]: Started [systemd-run] /nix/store/1y9yqcgynsi97sb17was2rfw53048nf7-podman-5.8.2/libexec/podman/aardvark-dns --config /run/containers/networks/aardvark-dns -p 53 run.
May 09 20:39:28 dectech-6af36c kernel: logitech-hidpp-device 0003:046D:4086.0009: HID++ 4.2 device connected.
May 09 20:39:28 dectech-6af36c systemd[1]: Created slice Virtual Machine and Container Slice.
May 09 20:39:28 dectech-6af36c systemd[1]: Started libcrun container.
May 09 20:39:28 dectech-6af36c systemd[1]: Stopped target Host and Network Name Lookups.
May 09 20:39:28 dectech-6af36c systemd[1]: Stopping Host and Network Name Lookups...
May 09 20:39:28 dectech-6af36c systemd[1]: Stopped target User and Group Name Lookups.
May 09 20:39:28 dectech-6af36c systemd[1]: Stopping User and Group Name Lookups...
May 09 20:39:28 dectech-6af36c systemd[1]: Stopping Name Service Cache Daemon (nsncd)...
May 09 20:39:28 dectech-6af36c systemd[1]: nscd.service: Deactivated successfully.
May 09 20:39:28 dectech-6af36c systemd[1]: Stopped Name Service Cache Daemon (nsncd).
May 09 20:39:28 dectech-6af36c systemd[1]: nscd.service: Consumed 19ms CPU time over 1.131s wall clock time, 3.6M memory peak, 16K read from disk, 364B incoming IP traffic, 144B outgoing IP traffic.
May 09 20:39:28 dectech-6af36c avahi-daemon[1500]: Got SIGHUP, reloading.
May 09 20:39:28 dectech-6af36c avahi-daemon[1500]: No service file found in /etc/avahi/services.
May 09 20:39:28 dectech-6af36c systemd[1]: Starting Name Service Cache Daemon (nsncd)...
May 09 20:39:28 dectech-6af36c systemd[1]: Mounting /server...
May 09 20:39:28 dectech-6af36c nsncd[4626]: May 09 10:39:28.480 INFO started, config: Config { ignored_request_types: {}, worker_count: 8, handoff_timeout: 10s }, path: "/var/run/nscd/socket"
May 09 20:39:28 dectech-6af36c systemd[1]: Started Name Service Cache Daemon (nsncd).
May 09 20:39:28 dectech-6af36c systemd[1]: Reached target Host and Network Name Lookups.
May 09 20:39:28 dectech-6af36c systemd[1]: Reached target User and Group Name Lookups.
May 09 20:39:28 dectech-6af36c podman[3610]: 2026-05-09 20:39:28.62913117 +1000 AEST m=+1.135201448 container init 8623fe2e8f0981f57cdb7563bb1e85a7a8f07b82e6b9dfef7e546d1edc30418a (image=ghcr.io/haveagitgat/tdarr_node:latest, name=tdarr-node, build_version=Linuxserver.io version:- 36b6b93c-ls52 Build-date:- 2025-10-21T23:31:51+00:00, org.opencontainers.image.ref.name=a5dcbdd127821573f2ae517aa5aa2d86618165d9, org.opencontainers.image.url=https://github.com/HaveAGitGat/tdarr_express_be, org.opencontainers.image.authors=linuxserver.io, org.opencontainers.image.description=, org.opencontainers.image.revision=b3d708db5da67c5c2722628f8b8a648ed6e678d0, org.opencontainers.image.source=https://github.com/HaveAGitGat/tdarr_express_be, org.opencontainers.image.licenses=, org.opencontainers.image.title=tdarr_express_be, io.containers.autoupdate=registry, PODMAN_SYSTEMD_UNIT=podman-tdarr-node.service, org.opencontainers.image.vendor=linuxserver.io, org.opencontainers.image.created=2026-04-16T06:13:23.193Z, maintainer=TheLamer, org.opencontainers.image.version=dev_2.69.01_2026_04_16T05_54_14z, org.opencontainers.image.documentation=https://docs.linuxserver.io/images/docker-baseimage-ubuntu)
May 09 20:39:28 dectech-6af36c podman[3610]: 2026-05-09 20:39:28.63116566 +1000 AEST m=+1.137235928 container start 8623fe2e8f0981f57cdb7563bb1e85a7a8f07b82e6b9dfef7e546d1edc30418a (image=ghcr.io/haveagitgat/tdarr_node:latest, name=tdarr-node, org.opencontainers.image.revision=b3d708db5da67c5c2722628f8b8a648ed6e678d0, build_version=Linuxserver.io version:- 36b6b93c-ls52 Build-date:- 2025-10-21T23:31:51+00:00, org.opencontainers.image.ref.name=a5dcbdd127821573f2ae517aa5aa2d86618165d9, PODMAN_SYSTEMD_UNIT=podman-tdarr-node.service, org.opencontainers.image.created=2026-04-16T06:13:23.193Z, maintainer=TheLamer, org.opencontainers.image.version=dev_2.69.01_2026_04_16T05_54_14z, io.containers.autoupdate=registry, org.opencontainers.image.url=https://github.com/HaveAGitGat/tdarr_express_be, org.opencontainers.image.vendor=linuxserver.io, org.opencontainers.image.licenses=, org.opencontainers.image.source=https://github.com/HaveAGitGat/tdarr_express_be, org.opencontainers.image.title=tdarr_express_be, org.opencontainers.image.authors=linuxserver.io, org.opencontainers.image.documentation=https://docs.linuxserver.io/images/docker-baseimage-ubuntu, org.opencontainers.image.description=)
May 09 20:39:28 dectech-6af36c systemd[1]: Started podman-tdarr-node.service.
May 09 20:39:28 dectech-6af36c systemd[1]: Reached target Root target generated by compose2nix..
May 09 20:39:28 dectech-6af36c podman-tdarr-node-start[3610]: 8623fe2e8f0981f57cdb7563bb1e85a7a8f07b82e6b9dfef7e546d1edc30418a
May 09 20:39:28 dectech-6af36c systemd[1]: Mounted /server.
May 09 20:39:28 dectech-6af36c tailscaled-autoconnect-start[3812]: Waiting for Tailscale State = Running or systemd timeout
May 09 20:39:28 dectech-6af36c tailscaled-autoconnect-start[3812]: State = Starting
May 09 20:39:28 dectech-6af36c avahi-daemon[1500]: Registering new address record for fd1f:c95:1acd:0:cc51:8746:8d39:9173 on enp10s0.*.
May 09 20:39:29 dectech-6af36c systemd[1]: Starting Time & Date Service...
May 09 20:39:29 dectech-6af36c systemd[1]: Started Time & Date Service.
May 09 20:39:29 dectech-6af36c steam-runtime-steam-remote[5118]: steam-runtime-steam-remote: Steam is not running: No such device or address
May 09 20:39:29 dectech-6af36c steam[5147]: steam.sh[4208]: Running Steam on nixos 26.05 64-bit
May 09 20:39:29 dectech-6af36c steam[5147]: steam.sh[4208]: STEAM_RUNTIME is enabled automatically
May 09 20:39:29 dectech-6af36c steam[5147]: setup.sh[5209]: Steam runtime environment up-to-date!
May 09 20:39:29 dectech-6af36c rtkit-daemon[2657]: Successfully made thread 5217 of process 4666 owned by '1000' RT at priority 10.
May 09 20:39:29 dectech-6af36c avahi-daemon[1500]: Joining mDNS multicast group on interface veth0.IPv6 with address fe80::24f8:aeff:fe80:38a5.
May 09 20:39:29 dectech-6af36c avahi-daemon[1500]: New relevant interface veth0.IPv6 for mDNS.
May 09 20:39:29 dectech-6af36c avahi-daemon[1500]: Registering new address record for fe80::24f8:aeff:fe80:38a5 on veth0.*.
May 09 20:39:29 dectech-6af36c steam[5147]: steam.sh[4208]: Log already open
May 09 20:39:29 dectech-6af36c steam[5147]: steam.sh[4208]: Steam client's requirements are satisfied
May 09 20:39:29 dectech-6af36c steam[5147]: CProcessEnvironmentManager is ready, 6 preallocated environment variables.
May 09 20:39:29 dectech-6af36c steam[5147]: [2026-05-09 20:39:29] Startup - updater built May  8 2026 22:40:27
May 09 20:39:29 dectech-6af36c steam[5147]: [2026-05-09 20:39:29] Startup - Steam Client launched with: '/home/zozano/.local/share/Steam/ubuntu12_32/steam' '-srt-logger-opened' '-silent'
May 09 20:39:30 dectech-6af36c steam[5147]: 05/09 20:39:30 minidumps folder is set to /tmp/dumps
May 09 20:39:30 dectech-6af36c steam[5147]: 05/09 20:39:30 Init: Installing breakpad exception handler for appid(steam)/version(1778281814)/tid(5327)
May 09 20:39:30 dectech-6af36c steam[5147]: Looks like steam didn't shutdown cleanly, scheduling immediate update check
May 09 20:39:30 dectech-6af36c steam[5147]: CProcessEnvironmentManager is ready, 6 preallocated environment variables.
May 09 20:39:30 dectech-6af36c steam[5147]: [2026-05-09 20:39:30] Process started with command-line: '/home/zozano/.local/share/Steam/ubuntu12_32/steam' '-child-update-ui' '-child-update-ui-socket' '13' '-srt-logger-opened' '-silent'
May 09 20:39:30 dectech-6af36c steam[5147]: 05/09 20:39:30 minidumps folder is set to /tmp/dumps
May 09 20:39:30 dectech-6af36c avahi-daemon[1500]: Joining mDNS multicast group on interface podman1.IPv6 with address fe80::3c00:28ff:fe8d:24c.
May 09 20:39:30 dectech-6af36c avahi-daemon[1500]: New relevant interface podman1.IPv6 for mDNS.
May 09 20:39:30 dectech-6af36c avahi-daemon[1500]: Registering new address record for fe80::3c00:28ff:fe8d:24c on podman1.*.
May 09 20:39:30 dectech-6af36c steam[5147]: [2026-05-09 20:39:30] Loading cached metrics from disk (/home/zozano/.local/share/Steam/package/steam_client_metrics.bin)
May 09 20:39:30 dectech-6af36c steam[5147]: [2026-05-09 20:39:30] Using the following download hosts for Public, Realm steamglobal
May 09 20:39:30 dectech-6af36c steam[5147]: [2026-05-09 20:39:30] 1. https://client-update.fastly.steamstatic.com, /, Realm 'steamglobal', weight was 900, source = 'update_hosts_cached.vdf'
May 09 20:39:30 dectech-6af36c steam[5147]: [2026-05-09 20:39:30] 2. https://client-update.akamai.steamstatic.com, /, Realm 'steamglobal', weight was 400, source = 'update_hosts_cached.vdf'
May 09 20:39:30 dectech-6af36c steam[5147]: [2026-05-09 20:39:30] 3. https://client-update.steamstatic.com, /, Realm 'steamglobal', weight was 1, source = 'baked in'
May 09 20:39:30 dectech-6af36c steam[5147]: [2026-05-09 20:39:30] Checking for update on startup
May 09 20:39:30 dectech-6af36c steam[5147]: [2026-05-09 20:39:30] Checking for available updates...
May 09 20:39:30 dectech-6af36c steam[5147]: [2026-05-09 20:39:30] Downloading manifest: https://client-update.fastly.steamstatic.com/steam_client_ubuntu12
May 09 20:39:30 dectech-6af36c steam[5147]: [2026-05-09 20:39:30] Manifest download: send request
May 09 20:39:30 dectech-6af36c steam[5147]: [2026-05-09 20:39:30] Using update UI: xwin
May 09 20:39:30 dectech-6af36c steam[5147]: 05/09 20:39:30 Init: Installing breakpad exception handler for appid(steam)/version(0)/tid(5352)
May 09 20:39:30 dectech-6af36c steam[5147]: [2026-05-09 20:39:30] Create window
May 09 20:39:30 dectech-6af36c steam[5147]: [2026-05-09 20:39:30] Set percent complete: 0
May 09 20:39:30 dectech-6af36c steam[5147]: [2026-05-09 20:39:30] Set status message: Checking for available updates...
May 09 20:39:30 dectech-6af36c steam[5147]: [2026-05-09 20:39:30] Set percent complete: -1
May 09 20:39:30 dectech-6af36c tailscaled-autoconnect-start[3812]: Tailscale is running
May 09 20:39:30 dectech-6af36c systemd[1]: Started tailscaled-autoconnect.service.
May 09 20:39:30 dectech-6af36c systemd[1]: Reached target Multi-User System.
May 09 20:39:30 dectech-6af36c systemd[1]: Starting Export current boot journal to /home/zozano/.dotfiles/boot.log...
May 09 20:39:30 dectech-6af36c systemd[1]: Starting Export full session journal to /home/zozano/.dotfiles/shutdown.log on shutdown...
May 09 20:39:30 dectech-6af36c systemd[1]: Starting flatpak-managed-install.service...
May 09 20:39:30 dectech-6af36c systemd[1]: tailscaled-autoconnect.service: Deactivated successfully.
May 09 20:39:30 dectech-6af36c systemd[1]: Finished Export full session journal to /home/zozano/.dotfiles/shutdown.log on shutdown.
May 09 20:39:30 dectech-6af36c systemd[1]: flatpak-managed-install.service: Deactivated successfully.
May 09 20:39:30 dectech-6af36c systemd[1]: Finished flatpak-managed-install.service.
May 09 20:39:30 dectech-6af36c systemd[1]: Reached target Graphical Interface.
May 09 20:39:30 dectech-6af36c steam[5147]: [2026-05-09 20:39:30] Manifest download: waiting for download to finish
May 09 20:39:30 dectech-6af36c steam[5147]: [2026-05-09 20:39:30] Manifest download: finished
May 09 20:39:30 dectech-6af36c steam[5147]: [2026-05-09 20:39:30] Download skipped: /steam_client_ubuntu12 version 1778281814, installed version 1778281814, existing pending version 0
May 09 20:39:30 dectech-6af36c steam[5147]: [2026-05-09 20:39:30] Nothing to do
May 09 20:39:30 dectech-6af36c steam[5147]: [2026-05-09 20:39:30] Verifying installation...
May 09 20:39:30 dectech-6af36c steam[5147]: [2026-05-09 20:39:30] Verifying all executable checksums
May 09 20:39:30 dectech-6af36c steam[5147]: [2026-05-09 20:39:30] Set percent complete: -1
May 09 20:39:30 dectech-6af36c steam[5147]: [2026-05-09 20:39:30] Set status message: Verifying installation...
May 09 20:39:30 dectech-6af36c systemd[1]: export-boot-log.service: Deactivated successfully.
May 09 20:39:30 dectech-6af36c systemd[1]: Finished Export current boot journal to /home/zozano/.dotfiles/boot.log.
May 09 20:39:30 dectech-6af36c systemd[1]: Startup finished in 8.917s (firmware) + 5.481s (loader) + 506ms (kernel) + 16.238s (initrd) + 11.063s (userspace) = 42.206s.
May 09 20:39:30 dectech-6af36c systemd[1]: export-boot-log.service: Consumed 65ms CPU time over 134ms wall clock time, 34.9M memory peak, 23.3M read from disk, 96K written to disk.
May 09 20:39:31 dectech-6af36c kernel: xone-dongle 3-4:1.0: xone_dongle_fw_load: init radio failed: -110
May 09 20:39:32 dectech-6af36c kernel: .openrgb-wrappe[2551]: segfault at 4 ip 0000560dbc7622da sp 0000738278ffe4c0 error 4 in .openrgb-wrapped[48f2da,560dbc374000+6fe000] likely on CPU 2 (core 2, socket 0)
May 09 20:39:32 dectech-6af36c kernel: Code: 4c 01 00 00 48 85 db 0f 84 7f 01 00 00 48 8b 47 30 41 0f b6 d4 66 81 f9 70 80 b9 30 00 00 00 66 0f ef c0 c6 85 60 ff ff ff 11 <8b> 54 d0 04 b8 10 00 00 00 0f 11 85 64 ff ff ff 0f 44 c1 41 0f b7
May 09 20:39:32 dectech-6af36c systemd-coredump[5522]: Process 2538 (.openrgb-wrappe) of user 1000 terminated abnormally with signal 11/SEGV, processing...
May 09 20:39:32 dectech-6af36c systemd[1]: Created slice Slice /system/systemd-coredump.
May 09 20:39:32 dectech-6af36c systemd[1]: Started Process Core Dump (PID 5522/UID 0).
May 09 20:39:32 dectech-6af36c mpdris2-rs[4216]:  INFO [mpdris2_rs] Notification disabled.
May 09 20:39:32 dectech-6af36c mpdris2-rs[4216]:  INFO [mpdris2_rs] Service started.
May 09 20:39:32 dectech-6af36c systemd-timesyncd[1049]: Network configuration changed, trying to establish connection.
May 09 20:39:32 dectech-6af36c steam[5147]: [2026-05-09 20:39:32] Show window
May 09 20:39:32 dectech-6af36c systemd-coredump[5523]: Process 2538 (.openrgb-wrappe) of user 1000 dumped core.
                                                       
                                                       Module /nix/store/z61lq0y43n9pfifrh37n19z9ca0z1y5g-openrgb-1.0rc2/bin/.openrgb-wrapped without build-id.
                                                       Module libhidapi-libusb.so without build-id.
                                                       Module libjpeg.so.62 without build-id.
                                                       Module libxcb-keysyms.so.1 without build-id.
                                                       Module libXfixes.so.3 without build-id.
                                                       Module libxcb-res.so.0 without build-id.
                                                       Module libkvantum.so without build-id.
                                                       Module libqt6ct-style.so without build-id.
                                                       Module libqt6ct-common.so.0.11 without build-id.
                                                       Module libqt6ct.so without build-id.
                                                       Module libffi.so.8 without build-id.
                                                       Module libXdmcp.so.6 without build-id.
                                                       Module libXau.so.6 without build-id.
                                                       Module libbrotlicommon.so.1 without build-id.
                                                       Module libgomp.so.1 without build-id.
                                                       Module libgraphite2.so.3 without build-id.
                                                       Module libpcre2-8.so.0 without build-id.
                                                       Module libxcb.so.1 without build-id.
                                                       Module libexpat.so.1 without build-id.
                                                       Module libbrotlidec.so.1 without build-id.
                                                       Module libbz2.so.1 without build-id.
                                                       Module libGLdispatch.so.0 without build-id.
                                                       Module libXext.so.6 without build-id.
                                                       Module libzstd.so.1 without build-id.
                                                       Module libpcre2-16.so.0 without build-id.
                                                       Module libb2.so.1 without build-id.
                                                       Module libdouble-conversion.so.3 without build-id.
                                                       Module libicudata.so.76 without build-id.
                                                       Module libicuuc.so.76 without build-id.
                                                       Module libicui18n.so.76 without build-id.
                                                       Module libz.so.1 without build-id.
                                                       Module libfreetype.so.6 without build-id.
                                                       Module libmd4c.so.0 without build-id.
                                                       Module libharfbuzz.so.0 without build-id.
                                                       Module libpng16.so.16 without build-id.
                                                       Module libX11.so.6 without build-id.
                                                       Module libfontconfig.so.1 without build-id.
                                                       Module libEGL.so.1 without build-id.
                                                       Module libvulkan.so without build-id.
                                                       Module libxkbcommon.so.0 without build-id.
                                                       Module libgcc_s.so.1 without build-id.
                                                       Module libstdc++.so.6 without build-id.
                                                       Module libOpenGL.so.0 without build-id.
                                                       Module libGLX.so.0 without build-id.
                                                       Module libhidapi-hidraw.so.0 without build-id.
                                                       Module libusb-1.0.so.0 without build-id.
                                                       Module libmbedcrypto.so.16 without build-id.
                                                       Module libmbedtls.so.21 without build-id.
                                                       Module libmbedx509.so.7 without build-id.
                                                       Stack trace of thread 2551:
                                                       #0  0x0000560dbc7622da n/a (/nix/store/z61lq0y43n9pfifrh37n19z9ca0z1y5g-openrgb-1.0rc2/bin/.openrgb-wrapped + 0x48f2da)
                                                       #1  0x0000560dbc90ea97 n/a (/nix/store/z61lq0y43n9pfifrh37n19z9ca0z1y5g-openrgb-1.0rc2/bin/.openrgb-wrapped + 0x63ba97)
                                                       #2  0x0000560dbc90ebfc n/a (/nix/store/z61lq0y43n9pfifrh37n19z9ca0z1y5g-openrgb-1.0rc2/bin/.openrgb-wrapped + 0x63bbfc)
                                                       #3  0x0000560dbca115d1 n/a (/nix/store/z61lq0y43n9pfifrh37n19z9ca0z1y5g-openrgb-1.0rc2/bin/.openrgb-wrapped + 0x73e5d1)
                                                       #4  0x0000560dbca14b29 n/a (/nix/store/z61lq0y43n9pfifrh37n19z9ca0z1y5g-openrgb-1.0rc2/bin/.openrgb-wrapped + 0x741b29)
                                                       #5  0x0000560dbca1728b n/a (/nix/store/z61lq0y43n9pfifrh37n19z9ca0z1y5g-openrgb-1.0rc2/bin/.openrgb-wrapped + 0x74428b)
                                                       #6  0x0000560dbca3a5c4 n/a (/nix/store/z61lq0y43n9pfifrh37n19z9ca0z1y5g-openrgb-1.0rc2/bin/.openrgb-wrapped + 0x7675c4)
                                                       #7  0x0000560dbca3081d n/a (/nix/store/z61lq0y43n9pfifrh37n19z9ca0z1y5g-openrgb-1.0rc2/bin/.openrgb-wrapped + 0x75d81d)
                                                       #8  0x0000738284af2fa4 execute_native_thread_routine (libstdc++.so.6 + 0xf2fa4)
                                                       #9  0x000073828469dd53 start_thread (libc.so.6 + 0x9dd53)
                                                       #10 0x000073828472563c __clone3 (libc.so.6 + 0x12563c)
                                                       
                                                       Stack trace of thread 2552:
                                                       #0  0x00007382846a6922 __syscall_cancel_arch (libc.so.6 + 0xa6922)
                                                       #1  0x000073828469a00c __internal_syscall_cancel (libc.so.6 + 0x9a00c)
                                                       #2  0x00007382846ecbe2 clock_nanosleep@GLIBC_2.2.5 (libc.so.6 + 0xecbe2)
                                                       #3  0x00007382846f9307 __nanosleep (libc.so.6 + 0xf9307)
                                                       #4  0x0000560dbca52969 n/a (/nix/store/z61lq0y43n9pfifrh37n19z9ca0z1y5g-openrgb-1.0rc2/bin/.openrgb-wrapped + 0x77f969)
                                                       #5  0x0000738284af2fa4 execute_native_thread_routine (libstdc++.so.6 + 0xf2fa4)
                                                       #6  0x000073828469dd53 start_thread (libc.so.6 + 0x9dd53)
                                                       #7  0x000073828472563c __clone3 (libc.so.6 + 0x12563c)
                                                       
                                                       Stack trace of thread 2538:
                                                       #0  0x00007382846a6922 __syscall_cancel_arch (libc.so.6 + 0xa6922)
                                                       #1  0x000073828469a00c __internal_syscall_cancel (libc.so.6 + 0x9a00c)
                                                       #2  0x000073828469a084 __syscall_cancel (libc.so.6 + 0x9a084)
                                                       #3  0x0000738284717d36 ppoll (libc.so.6 + 0x117d36)
                                                       #4  0x0000738284324278 g_main_context_iterate_unlocked.isra.0 (libglib-2.0.so.0 + 0x66278)
                                                       #5  0x0000738284324a2f g_main_context_iteration (libglib-2.0.so.0 + 0x66a2f)
                                                       #6  0x0000738285312d0d _ZN20QEventDispatcherGlib13processEventsE6QFlagsIN10QEventLoop17ProcessEventsFlagEE (libQt6Core.so.6 + 0x512d0d)
                                                       #7  0x0000738284fc99ab _ZN10QEventLoop4execE6QFlagsINS_17ProcessEventsFlagEE (libQt6Core.so.6 + 0x1c99ab)
                                                       #8  0x0000738284fc4d79 _ZN16QCoreApplication4execEv (libQt6Core.so.6 + 0x1c4d79)
                                                       #9  0x0000560dbca0e7d5 n/a (/nix/store/z61lq0y43n9pfifrh37n19z9ca0z1y5g-openrgb-1.0rc2/bin/.openrgb-wrapped + 0x73b7d5)
                                                       #10 0x0000560dbc5a935d n/a (/nix/store/z61lq0y43n9pfifrh37n19z9ca0z1y5g-openrgb-1.0rc2/bin/.openrgb-wrapped + 0x2d635d)
                                                       #11 0x000073828462b285 __libc_start_call_main (libc.so.6 + 0x2b285)
                                                       #12 0x000073828462b338 __libc_start_main@@GLIBC_2.34 (libc.so.6 + 0x2b338)
                                                       #13 0x0000560dbc5a9455 n/a (/nix/store/z61lq0y43n9pfifrh37n19z9ca0z1y5g-openrgb-1.0rc2/bin/.openrgb-wrapped + 0x2d6455)
                                                       
                                                       Stack trace of thread 2553:
                                                       #0  0x00007382846a6922 __syscall_cancel_arch (libc.so.6 + 0xa6922)
                                                       #1  0x000073828469a00c __internal_syscall_cancel (libc.so.6 + 0x9a00c)
                                                       #2  0x00007382846ecbe2 clock_nanosleep@GLIBC_2.2.5 (libc.so.6 + 0xecbe2)
                                                       #3  0x00007382846f9307 __nanosleep (libc.so.6 + 0xf9307)
                                                       #4  0x0000560dbca52969 n/a (/nix/store/z61lq0y43n9pfifrh37n19z9ca0z1y5g-openrgb-1.0rc2/bin/.openrgb-wrapped + 0x77f969)
                                                       #5  0x0000738284af2fa4 execute_native_thread_routine (libstdc++.so.6 + 0xf2fa4)
                                                       #6  0x000073828469dd53 start_thread (libc.so.6 + 0x9dd53)
                                                       #7  0x000073828472563c __clone3 (libc.so.6 + 0x12563c)
                                                       
                                                       Stack trace of thread 2554:
                                                       #0  0x00007382846a6922 __syscall_cancel_arch (libc.so.6 + 0xa6922)
                                                       #1  0x000073828469a00c __internal_syscall_cancel (libc.so.6 + 0x9a00c)
                                                       #2  0x00007382846ecbe2 clock_nanosleep@GLIBC_2.2.5 (libc.so.6 + 0xecbe2)
                                                       #3  0x00007382846f9307 __nanosleep (libc.so.6 + 0xf9307)
                                                       #4  0x0000560dbca52969 n/a (/nix/store/z61lq0y43n9pfifrh37n19z9ca0z1y5g-openrgb-1.0rc2/bin/.openrgb-wrapped + 0x77f969)
                                                       #5  0x0000738284af2fa4 execute_native_thread_routine (libstdc++.so.6 + 0xf2fa4)
                                                       #6  0x000073828469dd53 start_thread (libc.so.6 + 0x9dd53)
                                                       #7  0x000073828472563c __clone3 (libc.so.6 + 0x12563c)
                                                       
                                                       Stack trace of thread 2555:
                                                       #0  0x00007382846a6922 __syscall_cancel_arch (libc.so.6 + 0xa6922)
                                                       #1  0x000073828469a00c __internal_syscall_cancel (libc.so.6 + 0x9a00c)
                                                       #2  0x00007382846ecbe2 clock_nanosleep@GLIBC_2.2.5 (libc.so.6 + 0xecbe2)
                                                       #3  0x00007382846f9307 __nanosleep (libc.so.6 + 0xf9307)
                                                       #4  0x0000560dbca52969 n/a (/nix/store/z61lq0y43n9pfifrh37n19z9ca0z1y5g-openrgb-1.0rc2/bin/.openrgb-wrapped + 0x77f969)
                                                       #5  0x0000738284af2fa4 execute_native_thread_routine (libstdc++.so.6 + 0xf2fa4)
                                                       #6  0x000073828469dd53 start_thread (libc.so.6 + 0x9dd53)
                                                       #7  0x000073828472563c __clone3 (libc.so.6 + 0x12563c)
                                                       
                                                       Stack trace of thread 2558:
                                                       #0  0x00007382846a6922 __syscall_cancel_arch (libc.so.6 + 0xa6922)
                                                       #1  0x000073828469a00c __internal_syscall_cancel (libc.so.6 + 0x9a00c)
                                                       #2  0x000073828469a084 __syscall_cancel (libc.so.6 + 0x9a084)
                                                       #3  0x0000738284717d36 ppoll (libc.so.6 + 0x117d36)
                                                       #4  0x0000738284324278 g_main_context_iterate_unlocked.isra.0 (libglib-2.0.so.0 + 0x66278)
                                                       #5  0x0000738284324a2f g_main_context_iteration (libglib-2.0.so.0 + 0x66a2f)
                                                       #6  0x0000738285312d0d _ZN20QEventDispatcherGlib13processEventsE6QFlagsIN10QEventLoop17ProcessEventsFlagEE (libQt6Core.so.6 + 0x512d0d)
                                                       #7  0x0000738284fc99ab _ZN10QEventLoop4execE6QFlagsINS_17ProcessEventsFlagEE (libQt6Core.so.6 + 0x1c99ab)
                                                       #8  0x00007382850fa375 _ZN7QThread4execEv (libQt6Core.so.6 + 0x2fa375)
                                                       #9  0x000073828555fbc1 _ZN22QDBusConnectionManager3runEv (libQt6DBus.so.6 + 0x45bc1)
                                                       #10 0x00007382851b9188 _ZN14QThreadPrivate5startEPv (libQt6Core.so.6 + 0x3b9188)
                                                       #11 0x000073828469dd53 start_thread (libc.so.6 + 0x9dd53)
                                                       #12 0x000073828472563c __clone3 (libc.so.6 + 0x12563c)
                                                       
                                                       Stack trace of thread 2566:
                                                       #0  0x00007382846a6922 __syscall_cancel_arch (libc.so.6 + 0xa6922)
                                                       #1  0x000073828469a00c __internal_syscall_cancel (libc.so.6 + 0x9a00c)
                                                       #2  0x000073828469a084 __syscall_cancel (libc.so.6 + 0x9a084)
                                                       #3  0x000073828471778e __poll (libc.so.6 + 0x11778e)
                                                       #4  0x00007382812c8e7e _ZN15QtWaylandClient11EventThread3runEv (libQt6WaylandClient.so.6 + 0xa1e7e)
                                                       #5  0x00007382851b9188 _ZN14QThreadPrivate5startEPv (libQt6Core.so.6 + 0x3b9188)
                                                       #6  0x000073828469dd53 start_thread (libc.so.6 + 0x9dd53)
                                                       #7  0x000073828472563c __clone3 (libc.so.6 + 0x12563c)
                                                       
                                                       Stack trace of thread 2583:
                                                       #0  0x00007382846a6922 __syscall_cancel_arch (libc.so.6 + 0xa6922)
                                                       #1  0x000073828469a00c __internal_syscall_cancel (libc.so.6 + 0x9a00c)
                                                       #2  0x000073828469a78c __futex_abstimed_wait_common (libc.so.6 + 0x9a78c)
                                                       #3  0x000073828469d1ee pthread_cond_wait@@GLIBC_2.3.2 (libc.so.6 + 0x9d1ee)
                                                       #4  0x0000560dbca4853c n/a (/nix/store/z61lq0y43n9pfifrh37n19z9ca0z1y5g-openrgb-1.0rc2/bin/.openrgb-wrapped + 0x77553c)
                                                       #5  0x0000738284af2fa4 execute_native_thread_routine (libstdc++.so.6 + 0xf2fa4)
                                                       #6  0x000073828469dd53 start_thread (libc.so.6 + 0x9dd53)
                                                       #7  0x000073828472563c __clone3 (libc.so.6 + 0x12563c)
                                                       
                                                       Stack trace of thread 2565:
                                                       #0  0x00007382846a6922 __syscall_cancel_arch (libc.so.6 + 0xa6922)
                                                       #1  0x000073828469a00c __internal_syscall_cancel (libc.so.6 + 0x9a00c)
                                                       #2  0x000073828469a084 __syscall_cancel (libc.so.6 + 0x9a084)
                                                       #3  0x000073828471778e __poll (libc.so.6 + 0x11778e)
                                                       #4  0x00007382812c8e7e _ZN15QtWaylandClient11EventThread3runEv (libQt6WaylandClient.so.6 + 0xa1e7e)
                                                       #5  0x00007382851b9188 _ZN14QThreadPrivate5startEPv (libQt6Core.so.6 + 0x3b9188)
                                                       #6  0x000073828469dd53 start_thread (libc.so.6 + 0x9dd53)
                                                       #7  0x000073828472563c __clone3 (libc.so.6 + 0x12563c)
                                                       
                                                       Stack trace of thread 2577:
                                                       #0  0x00007382846a6922 __syscall_cancel_arch (libc.so.6 + 0xa6922)
                                                       #1  0x000073828469a00c __internal_syscall_cancel (libc.so.6 + 0x9a00c)
                                                       #2  0x000073828469a78c __futex_abstimed_wait_common (libc.so.6 + 0x9a78c)
                                                       #3  0x000073828469d1ee pthread_cond_wait@@GLIBC_2.3.2 (libc.so.6 + 0x9d1ee)
                                                       #4  0x0000560dbca4853c n/a (/nix/store/z61lq0y43n9pfifrh37n19z9ca0z1y5g-openrgb-1.0rc2/bin/.openrgb-wrapped + 0x77553c)
                                                       #5  0x0000738284af2fa4 execute_native_thread_routine (libstdc++.so.6 + 0xf2fa4)
                                                       #6  0x000073828469dd53 start_thread (libc.so.6 + 0x9dd53)
                                                       #7  0x000073828472563c __clone3 (libc.so.6 + 0x12563c)
                                                       
                                                       Stack trace of thread 3864:
                                                       #0  0x00007382846a6922 __syscall_cancel_arch (libc.so.6 + 0xa6922)
                                                       #1  0x000073828469a00c __internal_syscall_cancel (libc.so.6 + 0x9a00c)
                                                       #2  0x00007382846ecbe2 clock_nanosleep@GLIBC_2.2.5 (libc.so.6 + 0xecbe2)
                                                       #3  0x00007382846f9307 __nanosleep (libc.so.6 + 0xf9307)
                                                       #4  0x0000560dbca52969 n/a (/nix/store/z61lq0y43n9pfifrh37n19z9ca0z1y5g-openrgb-1.0rc2/bin/.openrgb-wrapped + 0x77f969)
                                                       #5  0x0000738284af2fa4 execute_native_thread_routine (libstdc++.so.6 + 0xf2fa4)
                                                       #6  0x000073828469dd53 start_thread (libc.so.6 + 0x9dd53)
                                                       #7  0x000073828472563c __clone3 (libc.so.6 + 0x12563c)
                                                       
                                                       Stack trace of thread 2578:
                                                       #0  0x00007382846a6922 __syscall_cancel_arch (libc.so.6 + 0xa6922)
                                                       #1  0x000073828469a00c __internal_syscall_cancel (libc.so.6 + 0x9a00c)
                                                       #2  0x000073828469a78c __futex_abstimed_wait_common (libc.so.6 + 0x9a78c)
                                                       #3  0x000073828469d1ee pthread_cond_wait@@GLIBC_2.3.2 (libc.so.6 + 0x9d1ee)
                                                       #4  0x0000560dbca4853c n/a (/nix/store/z61lq0y43n9pfifrh37n19z9ca0z1y5g-openrgb-1.0rc2/bin/.openrgb-wrapped + 0x77553c)
                                                       #5  0x0000738284af2fa4 execute_native_thread_routine (libstdc++.so.6 + 0xf2fa4)
                                                       #6  0x000073828469dd53 start_thread (libc.so.6 + 0x9dd53)
                                                       #7  0x000073828472563c __clone3 (libc.so.6 + 0x12563c)
                                                       
                                                       Stack trace of thread 2576:
                                                       #0  0x00007382846a6922 __syscall_cancel_arch (libc.so.6 + 0xa6922)
                                                       #1  0x000073828469a00c __internal_syscall_cancel (libc.so.6 + 0x9a00c)
                                                       #2  0x000073828469a78c __futex_abstimed_wait_common (libc.so.6 + 0x9a78c)
                                                       #3  0x000073828469d1ee pthread_cond_wait@@GLIBC_2.3.2 (libc.so.6 + 0x9d1ee)
                                                       #4  0x0000560dbca4853c n/a (/nix/store/z61lq0y43n9pfifrh37n19z9ca0z1y5g-openrgb-1.0rc2/bin/.openrgb-wrapped + 0x77553c)
                                                       #5  0x0000738284af2fa4 execute_native_thread_routine (libstdc++.so.6 + 0xf2fa4)
                                                       #6  0x000073828469dd53 start_thread (libc.so.6 + 0x9dd53)
                                                       #7  0x000073828472563c __clone3 (libc.so.6 + 0x12563c)
                                                       
                                                       Stack trace of thread 2581:
                                                       #0  0x00007382846a6922 __syscall_cancel_arch (libc.so.6 + 0xa6922)
                                                       #1  0x000073828469a00c __internal_syscall_cancel (libc.so.6 + 0x9a00c)
                                                       #2  0x000073828469a78c __futex_abstimed_wait_common (libc.so.6 + 0x9a78c)
                                                       #3  0x000073828469d1ee pthread_cond_wait@@GLIBC_2.3.2 (libc.so.6 + 0x9d1ee)
                                                       #4  0x0000560dbca4853c n/a (/nix/store/z61lq0y43n9pfifrh37n19z9ca0z1y5g-openrgb-1.0rc2/bin/.openrgb-wrapped + 0x77553c)
                                                       #5  0x0000738284af2fa4 execute_native_thread_routine (libstdc++.so.6 + 0xf2fa4)
                                                       #6  0x000073828469dd53 start_thread (libc.so.6 + 0x9dd53)
                                                       #7  0x000073828472563c __clone3 (libc.so.6 + 0x12563c)
                                                       
                                                       Stack trace of thread 2580:
                                                       #0  0x00007382846a6922 __syscall_cancel_arch (libc.so.6 + 0xa6922)
                                                       #1  0x000073828469a00c __internal_syscall_cancel (libc.so.6 + 0x9a00c)
                                                       #2  0x000073828469a78c __futex_abstimed_wait_common (libc.so.6 + 0x9a78c)
                                                       #3  0x000073828469d1ee pthread_cond_wait@@GLIBC_2.3.2 (libc.so.6 + 0x9d1ee)
                                                       #4  0x0000560dbca4853c n/a (/nix/store/z61lq0y43n9pfifrh37n19z9ca0z1y5g-openrgb-1.0rc2/bin/.openrgb-wrapped + 0x77553c)
                                                       #5  0x0000738284af2fa4 execute_native_thread_routine (libstdc++.so.6 + 0xf2fa4)
                                                       #6  0x000073828469dd53 start_thread (libc.so.6 + 0x9dd53)
                                                       #7  0x000073828472563c __clone3 (libc.so.6 + 0x12563c)
                                                       
                                                       Stack trace of thread 2582:
                                                       #0  0x00007382846a6922 __syscall_cancel_arch (libc.so.6 + 0xa6922)
                                                       #1  0x000073828469a00c __internal_syscall_cancel (libc.so.6 + 0x9a00c)
                                                       #2  0x000073828469a78c __futex_abstimed_wait_common (libc.so.6 + 0x9a78c)
                                                       #3  0x000073828469d1ee pthread_cond_wait@@GLIBC_2.3.2 (libc.so.6 + 0x9d1ee)
                                                       #4  0x0000560dbca4853c n/a (/nix/store/z61lq0y43n9pfifrh37n19z9ca0z1y5g-openrgb-1.0rc2/bin/.openrgb-wrapped + 0x77553c)
                                                       #5  0x0000738284af2fa4 execute_native_thread_routine (libstdc++.so.6 + 0xf2fa4)
                                                       #6  0x000073828469dd53 start_thread (libc.so.6 + 0x9dd53)
                                                       #7  0x000073828472563c __clone3 (libc.so.6 + 0x12563c)
                                                       
                                                       Stack trace of thread 5513:
                                                       #0  0x00007382846a6922 __syscall_cancel_arch (libc.so.6 + 0xa6922)
                                                       #1  0x000073828469a00c __internal_syscall_cancel (libc.so.6 + 0x9a00c)
                                                       #2  0x00007382846ecbe2 clock_nanosleep@GLIBC_2.2.5 (libc.so.6 + 0xecbe2)
                                                       #3  0x00007382846f9307 __nanosleep (libc.so.6 + 0xf9307)
                                                       #4  0x0000560dbca52969 n/a (/nix/store/z61lq0y43n9pfifrh37n19z9ca0z1y5g-openrgb-1.0rc2/bin/.openrgb-wrapped + 0x77f969)
                                                       #5  0x0000738284af2fa4 execute_native_thread_routine (libstdc++.so.6 + 0xf2fa4)
                                                       #6  0x000073828469dd53 start_thread (libc.so.6 + 0x9dd53)
                                                       #7  0x000073828472563c __clone3 (libc.so.6 + 0x12563c)
                                                       
                                                       Stack trace of thread 2579:
                                                       #0  0x00007382846a6922 __syscall_cancel_arch (libc.so.6 + 0xa6922)
                                                       #1  0x000073828469a00c __internal_syscall_cancel (libc.so.6 + 0x9a00c)
                                                       #2  0x000073828469a78c __futex_abstimed_wait_common (libc.so.6 + 0x9a78c)
                                                       #3  0x000073828469d1ee pthread_cond_wait@@GLIBC_2.3.2 (libc.so.6 + 0x9d1ee)
                                                       #4  0x0000560dbca4853c n/a (/nix/store/z61lq0y43n9pfifrh37n19z9ca0z1y5g-openrgb-1.0rc2/bin/.openrgb-wrapped + 0x77553c)
                                                       #5  0x0000738284af2fa4 execute_native_thread_routine (libstdc++.so.6 + 0xf2fa4)
                                                       #6  0x000073828469dd53 start_thread (libc.so.6 + 0x9dd53)
                                                       #7  0x000073828472563c __clone3 (libc.so.6 + 0x12563c)
                                                       
                                                       Stack trace of thread 3656:
                                                       #0  0x00007382846a6922 __syscall_cancel_arch (libc.so.6 + 0xa6922)
                                                       #1  0x000073828469a00c __internal_syscall_cancel (libc.so.6 + 0x9a00c)
                                                       #2  0x00007382846ecbe2 clock_nanosleep@GLIBC_2.2.5 (libc.so.6 + 0xecbe2)
                                                       #3  0x00007382846f9307 __nanosleep (libc.so.6 + 0xf9307)
                                                       #4  0x0000560dbca52969 n/a (/nix/store/z61lq0y43n9pfifrh37n19z9ca0z1y5g-openrgb-1.0rc2/bin/.openrgb-wrapped + 0x77f969)
                                                       #5  0x0000738284af2fa4 execute_native_thread_routine (libstdc++.so.6 + 0xf2fa4)
                                                       #6  0x000073828469dd53 start_thread (libc.so.6 + 0x9dd53)
                                                       #7  0x000073828472563c __clone3 (libc.so.6 + 0x12563c)
                                                       
                                                       Stack trace of thread 5512:
                                                       #0  0x00007382846a6922 __syscall_cancel_arch (libc.so.6 + 0xa6922)
                                                       #1  0x000073828469a00c __internal_syscall_cancel (libc.so.6 + 0x9a00c)
                                                       #2  0x00007382846ecbe2 clock_nanosleep@GLIBC_2.2.5 (libc.so.6 + 0xecbe2)
                                                       #3  0x00007382846f9307 __nanosleep (libc.so.6 + 0xf9307)
                                                       #4  0x0000560dbca52969 n/a (/nix/store/z61lq0y43n9pfifrh37n19z9ca0z1y5g-openrgb-1.0rc2/bin/.openrgb-wrapped + 0x77f969)
                                                       #5  0x0000738284af2fa4 execute_native_thread_routine (libstdc++.so.6 + 0xf2fa4)
                                                       #6  0x000073828469dd53 start_thread (libc.so.6 + 0x9dd53)
                                                       #7  0x000073828472563c __clone3 (libc.so.6 + 0x12563c)
                                                       
                                                       Stack trace of thread 5514:
                                                       #0  0x00007382846a6922 __syscall_cancel_arch (libc.so.6 + 0xa6922)
                                                       #1  0x000073828469a00c __internal_syscall_cancel (libc.so.6 + 0x9a00c)
                                                       #2  0x000073828469a084 __syscall_cancel (libc.so.6 + 0x9a084)
                                                       #3  0x000073828471778e __poll (libc.so.6 + 0x11778e)
                                                       #4  0x0000738286b2b695 linux_udev_event_thread_main (libusb-1.0.so.0 + 0x15695)
                                                       #5  0x000073828469dd53 start_thread (libc.so.6 + 0x9dd53)
                                                       #6  0x000073828472563c __clone3 (libc.so.6 + 0x12563c)
                                                       
                                                       Stack trace of thread 2584:
                                                       #0  0x00007382846a6922 __syscall_cancel_arch (libc.so.6 + 0xa6922)
                                                       #1  0x000073828469a00c __internal_syscall_cancel (libc.so.6 + 0x9a00c)
                                                       #2  0x000073828469a78c __futex_abstimed_wait_common (libc.so.6 + 0x9a78c)
                                                       #3  0x000073828469d1ee pthread_cond_wait@@GLIBC_2.3.2 (libc.so.6 + 0x9d1ee)
                                                       #4  0x0000560dbca4853c n/a (/nix/store/z61lq0y43n9pfifrh37n19z9ca0z1y5g-openrgb-1.0rc2/bin/.openrgb-wrapped + 0x77553c)
                                                       #5  0x0000738284af2fa4 execute_native_thread_routine (libstdc++.so.6 + 0xf2fa4)
                                                       #6  0x000073828469dd53 start_thread (libc.so.6 + 0x9dd53)
                                                       #7  0x000073828472563c __clone3 (libc.so.6 + 0x12563c)
                                                       ELF object binary architecture: AMD x86-64
May 09 20:39:32 dectech-6af36c systemd[1]: systemd-coredump@0-1-5522_29011-0.service: Deactivated successfully.
May 09 20:39:32 dectech-6af36c systemd[1]: systemd-coredump@0-1-5522_29011-0.service: Consumed 511ms CPU time over 549ms wall clock time, 252.4M memory peak, 4.9M read from disk, 3.4M written to disk.
May 09 20:39:32 dectech-6af36c systemd-timesyncd[1049]: Contacted time server 162.159.200.1:123 (2.nixos.pool.ntp.org).
May 09 20:39:32 dectech-6af36c systemd-timesyncd[1049]: Initial clock synchronization to Sat 2026-05-09 20:39:32.630212 AEST.
May 09 20:39:33 dectech-6af36c steam[5147]: [2026-05-09 20:39:33] Verification complete
May 09 20:39:33 dectech-6af36c steam[5147]: UpdateUI: skip show logo
May 09 20:39:33 dectech-6af36c steam[5147]: [2026-05-09 20:39:33] Destroy window
May 09 20:39:33 dectech-6af36c steam[5147]: [2026-05-09 20:39:33] Shutdown
May 09 20:39:33 dectech-6af36c steam[5147]: Steam logging initialized: directory: /home/zozano/.local/share/Steam/logs
May 09 20:39:33 dectech-6af36c steam[5147]: XOpenIM() failed, LANG = en_AU.UTF-8
May 09 20:39:33 dectech-6af36c steam[5147]: XOpenIM() failed, LANG = en_AU.UTF-8XRRGetOutputInfo Workaround: initialized with override: 0 real: 0xec5be840
May 09 20:39:33 dectech-6af36c steam[5147]: XRRGetCrtcInfo Workaround: initialized with override: 0 real: 0xec5bd040
May 09 20:39:33 dectech-6af36c steam[5147]: 05/09 20:39:33 minidumps folder is set to /tmp/dumps
May 09 20:39:33 dectech-6af36c steam[5147]: 05/09 20:39:33 Init: Installing breakpad exception handler for appid(steamsysinfo)/version(1778281814)/tid(5562)
May 09 20:39:33 dectech-6af36c steam[5147]: Running query: 1 - GpuTopology
May 09 20:39:33 dectech-6af36c steam[5147]: Response: gpu_topology {
May 09 20:39:33 dectech-6af36c steam[5147]:   gpus {
May 09 20:39:33 dectech-6af36c steam[5147]:     id: 1
May 09 20:39:33 dectech-6af36c steam[5147]:     name: "NVIDIA GeForce RTX 2080 SUPER"
May 09 20:39:33 dectech-6af36c steam[5147]:     vram_size_bytes: 8847884288
May 09 20:39:33 dectech-6af36c steam[5147]:     driver_id: k_EGpuDriverId_NvidiaProprietary
May 09 20:39:33 dectech-6af36c steam[5147]:     driver_version_major: 595
May 09 20:39:33 dectech-6af36c steam[5147]:     driver_version_minor: 71
May 09 20:39:33 dectech-6af36c steam[5147]:     driver_version_patch: 5
May 09 20:39:33 dectech-6af36c steam[5147]:     luid: 0
May 09 20:39:33 dectech-6af36c steam[5147]:   }
May 09 20:39:33 dectech-6af36c steam[5147]:   gpus {
May 09 20:39:33 dectech-6af36c steam[5147]:     id: 2
May 09 20:39:33 dectech-6af36c steam[5147]:     name: "llvmpipe (LLVM 21.1.8, 256 bits)"
May 09 20:39:33 dectech-6af36c steam[5147]:     vram_size_bytes: 3221225472
May 09 20:39:33 dectech-6af36c steam[5147]:     driver_id: k_EGpuDriverId_MesaLLVMPipe
May 09 20:39:33 dectech-6af36c steam[5147]:     driver_version_major: 26
May 09 20:39:33 dectech-6af36c steam[5147]:     driver_version_minor: 0
May 09 20:39:33 dectech-6af36c steam[5147]:     driver_version_patch: 6
May 09 20:39:33 dectech-6af36c steam[5147]:     luid: 0
May 09 20:39:33 dectech-6af36c steam[5147]:   }
May 09 20:39:33 dectech-6af36c steam[5147]:   gpus {
May 09 20:39:33 dectech-6af36c steam[5147]:     id: 3
May 09 20:39:33 dectech-6af36c steam[5147]:     name: "llvmpipe (LLVM 21.1.8, 256 bits)"
May 09 20:39:33 dectech-6af36c steam[5147]:     vram_size_bytes: 3221225472
May 09 20:39:33 dectech-6af36c steam[5147]:     driver_id: k_EGpuDriverId_MesaLLVMPipe
May 09 20:39:33 dectech-6af36c steam[5147]:     driver_version_major: 26
May 09 20:39:33 dectech-6af36c steam[5147]:     driver_version_minor: 0
May 09 20:39:33 dectech-6af36c steam[5147]:     driver_version_patch: 6
May 09 20:39:33 dectech-6af36c steam[5147]:     luid: 0
May 09 20:39:33 dectech-6af36c steam[5147]:   }
May 09 20:39:33 dectech-6af36c steam[5147]:   default_gpu_id: 1
May 09 20:39:33 dectech-6af36c steam[5147]: }
May 09 20:39:33 dectech-6af36c steam[5147]: Exit code: 0
May 09 20:39:33 dectech-6af36c steam[5147]: Saving response to: /tmp/steamKfkjHf - 165 bytes
May 09 20:39:33 dectech-6af36c steam[5147]: Fontconfig warning: line 5: unknown element "description"
May 09 20:39:33 dectech-6af36c steam[5147]: Fontconfig warning: "/etc/fonts/conf.d/10-hinting-slight.conf", line 4: unknown element "description"
May 09 20:39:33 dectech-6af36c steam[5147]: Fontconfig warning: "/etc/fonts/conf.d/10-scale-bitmap-fonts.conf", line 4: unknown element "description"
May 09 20:39:33 dectech-6af36c steam[5147]: Fontconfig error: "/etc/fonts/conf.d/10-scale-bitmap-fonts.conf", line 72: non-double matrix element
May 09 20:39:33 dectech-6af36c steam[5147]: Fontconfig error: "/etc/fonts/conf.d/10-scale-bitmap-fonts.conf", line 72: non-double matrix element
May 09 20:39:33 dectech-6af36c steam[5147]: Fontconfig warning: "/etc/fonts/conf.d/10-scale-bitmap-fonts.conf", line 80: saw unknown, expected number
May 09 20:39:33 dectech-6af36c steam[5147]: Fontconfig warning: "/etc/fonts/conf.d/10-sub-pixel-none.conf", line 4: unknown element "description"
May 09 20:39:33 dectech-6af36c steam[5147]: Fontconfig warning: "/etc/fonts/conf.d/10-yes-antialias.conf", line 4: unknown element "description"
May 09 20:39:33 dectech-6af36c steam[5147]: Fontconfig warning: "/etc/fonts/conf.d/11-lcdfilter-default.conf", line 4: unknown element "description"
May 09 20:39:33 dectech-6af36c steam[5147]: Fontconfig warning: "/etc/fonts/conf.d/20-unhint-small-vera.conf", line 4: unknown element "description"
May 09 20:39:33 dectech-6af36c steam[5147]: Fontconfig warning: "/etc/fonts/conf.d/30-metric-aliases.conf", line 4: unknown element "description"
May 09 20:39:33 dectech-6af36c steam[5147]: Fontconfig warning: "/etc/fonts/conf.d/40-nonlatin.conf", line 4: unknown element "description"
May 09 20:39:33 dectech-6af36c steam[5147]: Fontconfig warning: "/etc/fonts/conf.d/45-generic.conf", line 4: unknown element "description"
May 09 20:39:33 dectech-6af36c steam[5147]: Fontconfig warning: "/etc/fonts/conf.d/45-latin.conf", line 4: unknown element "description"
May 09 20:39:33 dectech-6af36c steam[5147]: Fontconfig warning: "/etc/fonts/conf.d/48-spacing.conf", line 4: unknown element "description"
May 09 20:39:33 dectech-6af36c steam[5147]: Fontconfig warning: "/etc/fonts/conf.d/49-sansserif.conf", line 4: unknown element "description"
May 09 20:39:33 dectech-6af36c steam[5147]: Fontconfig warning: "/etc/fonts/conf.d/50-user.conf", line 4: unknown element "description"
May 09 20:39:33 dectech-6af36c steam[5147]: Fontconfig warning: "/etc/fonts/conf.d/51-local.conf", line 4: unknown element "description"
May 09 20:39:33 dectech-6af36c steam[5147]: Fontconfig warning: "/etc/fonts/conf.d/60-generic.conf", line 4: unknown element "description"
May 09 20:39:33 dectech-6af36c steam[5147]: Fontconfig warning: "/etc/fonts/conf.d/60-latin.conf", line 4: unknown element "description"
May 09 20:39:33 dectech-6af36c steam[5147]: Fontconfig warning: "/etc/fonts/conf.d/65-nonlatin.conf", line 4: unknown element "description"
May 09 20:39:33 dectech-6af36c steam[5147]: Fontconfig warning: "/etc/fonts/conf.d/70-no-bitmaps-except-emoji.conf", line 4: unknown element "description"
May 09 20:39:33 dectech-6af36c rtkit-daemon[2657]: Successfully made thread 5594 of process 5457 owned by '1000' RT at priority 10.
May 09 20:39:33 dectech-6af36c steamwebhelper[5607]: steamwebhelper.sh[5589]: Starting steamwebhelper under bootstrap steamrt steam runtime via: /home/zozano/.local/share/Steam/steamrt64/pv-runtime/steam-runtime-steamrt/_v2-entry-point
May 09 20:39:33 dectech-6af36c steamwebhelper[5607]: steamwebhelper.sh[5589]: Starting steamwebhelper with steamrt steam runtime at /home/zozano/.local/share/Steam/steamrt64/pv-runtime/steam-runtime-steamrt/_v2-entry-point
May 09 20:39:34 dectech-6af36c /nix/store/ih7w44bx3c8nh807h9dqlzcjcfwafbap-xdg-desktop-portal-1.20.4/libexec/xdg-desktop-portal[2563]: Realtime error: Could not get pidns for pid 5327: Could not fstatat ns/pid: Not a directory
May 09 20:39:34 dectech-6af36c steam[5147]: Steam Runtime Launch Service: starting steam-runtime-launcher-service
May 09 20:39:34 dectech-6af36c steam[5147]: Steam Runtime Launch Service: steam-runtime-launcher-service is running pid 5691
May 09 20:39:34 dectech-6af36c steam[5147]: bus_name=com.steampowered.PressureVessel.LaunchAlongsideSteam
May 09 20:39:34 dectech-6af36c /nix/store/ih7w44bx3c8nh807h9dqlzcjcfwafbap-xdg-desktop-portal-1.20.4/libexec/xdg-desktop-portal[2563]: Realtime error: Could not get pidns for pid 5327: Could not fstatat ns/pid: Not a directory
May 09 20:39:35 dectech-6af36c steamwebhelper[5607]: pressure-vessel-wrap[5589]: W: "/run/current-system/sw/bin/getent" is unlikely to appear in "/run/host"
May 09 20:39:35 dectech-6af36c steamwebhelper[5607]: pressure-vessel-wrap[5589]: W: Unable to determine architecture of provider / ldconfig: Error reading "(null)" ELF header: invalid `Elf' handle
May 09 20:39:35 dectech-6af36c steamwebhelper[5607]: pressure-vessel-wrap[5589]: W: "run/opengl-driver/share/drirc.d" is unlikely to appear in "/run/host"
May 09 20:39:35 dectech-6af36c steamwebhelper[5607]: pressure-vessel-wrap[5589]: W: "run/opengl-driver-32/share/drirc.d" is unlikely to appear in "/run/host"
May 09 20:39:36 dectech-6af36c steamwebhelper[5607]: exec ./steamwebhelper -nocrashdialog -lang=en_US -cachedir=/home/zozano/.local/share/Steam/config/htmlcache -steampid=5327 -buildid=1778281814 -steamid=0 -logdir=/home/zozano/.local/share/Steam/logs -uimode=7 -startcount=0 -steamuniverse=Public -realm=Global -clientui=/home/zozano/.local/share/Steam/clientui -steampath=/home/zozano/.local/share/Steam/ubuntu12_32/steam -launcher=0 -use_xcomposite_workaround --valve-enable-site-isolation --enable-smooth-scrolling --password-store=basic --log-file=/home/zozano/.local/share/Steam/logs/cef_log.txt --disable-quick-menu --disable-component-update --gaia-url=http://disabled.invalid --enable-features=PlatformHEVCDecoderSupport --disable-features=WinRetrieveSuggestionsOnlyOnDemand,SpareRendererForSitePerProcess,DcheckIsFatal,BlockPromptsIfIgnoredOften,ValveFFmpegAllowLowDelayHEVC
May 09 20:39:38 dectech-6af36c systemd[1]: NetworkManager-dispatcher.service: Deactivated successfully.
May 09 20:39:38 dectech-6af36c systemd[1]: NetworkManager-dispatcher.service: Consumed 56ms CPU time over 17.096s wall clock time, 16.5M memory peak, 11M read from disk.
May 09 20:39:38 dectech-6af36c systemd[1]: Starting Disk Manager...
May 09 20:39:38 dectech-6af36c kernel: nvme nvme0: using unchecked data buffer
May 09 20:39:38 dectech-6af36c systemd[1]: Started Disk Manager.
May 09 20:39:41 dectech-6af36c steam[5147]: Desktop state changed: desktop: { pos:    0,   0 size: 2560,1440 } primary: { pos:    0,   0 size: 2560,1440 }
May 09 20:39:41 dectech-6af36c steam[5147]: Caching cursor image for , size 24x24, serial 2, cache size = 0
May 09 20:39:43 dectech-6af36c steam[5147]: pressure-vessel-wrap[6141]: W: "/run/current-system/sw/bin/getent" is unlikely to appear in "/run/host"
May 09 20:39:43 dectech-6af36c steam[5147]: pressure-vessel-wrap[6141]: W: Unable to determine architecture of provider / ldconfig: Error reading "(null)" ELF header: invalid `Elf' handle
May 09 20:39:43 dectech-6af36c steam[5147]: pressure-vessel-wrap[6141]: W: "run/opengl-driver/share/drirc.d" is unlikely to appear in "/run/host"
May 09 20:39:43 dectech-6af36c steam[5147]: pressure-vessel-wrap[6141]: W: "run/opengl-driver-32/share/drirc.d" is unlikely to appear in "/run/host"
May 09 20:39:44 dectech-6af36c steam[5147]: ProtonFixes[6394] WARN: Skipping fix execution. We are probably running a unit test.
May 09 20:39:44 dectech-6af36c steam[5147]: fsync: up and running.
May 09 20:39:44 dectech-6af36c kernel: warning: `wine_sechost_se' uses wireless extensions which will stop working for Wi-Fi 7 hardware; use nl80211
May 09 20:39:46 dectech-6af36c steam[5147]: Fossilize INFO: Overriding serialization path: "/home/zozano/.local/share/Steam/shader_cache_temp_dir_d3d11_64/fozpipelinesv6/steamapprun_pipeline_cache".
May 09 20:39:46 dectech-6af36c systemd[2417]: Starting User preferences database...
May 09 20:39:46 dectech-6af36c systemd[2417]: Started User preferences database.
May 09 20:39:47 dectech-6af36c steam[5147]: reaping pid: 5352 -- steam
May 09 20:39:49 dectech-6af36c steam[5147]: pressure-vessel-wrap[6552]: W: "/run/current-system/sw/bin/getent" is unlikely to appear in "/run/host"
May 09 20:39:49 dectech-6af36c steam[5147]: pressure-vessel-wrap[6552]: W: Unable to determine architecture of provider / ldconfig: Error reading "(null)" ELF header: invalid `Elf' handle
May 09 20:39:49 dectech-6af36c steam[5147]: pressure-vessel-wrap[6552]: W: "run/opengl-driver/share/drirc.d" is unlikely to appear in "/run/host"
May 09 20:39:49 dectech-6af36c steam[5147]: pressure-vessel-wrap[6552]: W: "run/opengl-driver-32/share/drirc.d" is unlikely to appear in "/run/host"
May 09 20:39:49 dectech-6af36c steam[5147]: ProtonFixes[6769] WARN: Skipping fix execution. We are probably running a unit test.
May 09 20:39:49 dectech-6af36c steam[5147]: fsync: up and running.
May 09 20:39:51 dectech-6af36c systemd[1]: systemd-hostnamed.service: Deactivated successfully.
May 09 20:39:52 dectech-6af36c steam[5147]: Fossilize INFO: Overriding serialization path: "/home/zozano/.local/share/Steam/shader_cache_temp_dir_d3d12_64/fozpipelinesv6/steamapprun_pipeline_cache".
May 09 20:39:59 dectech-6af36c systemd[1]: systemd-timedated.service: Deactivated successfully.
May 09 20:40:25 dectech-6af36c syncthing[1847]: 2026-05-09 20:40:25 INF Relay listener starting (id=dynamic+https://relays.syncthing.net/endpoint log.pkg=connections)
May 09 20:40:52 dectech-6af36c syncthing[1847]: 2026-05-09 20:40:52 INF Joined relay (uri=relay://193.177.221.9:22067 log.pkg=relay/client)
May 09 20:41:34 dectech-6af36c steam[5147]: [2026-05-09 20:41:34] Background update loop checking for update. . .
May 09 20:41:34 dectech-6af36c steam[5147]: [2026-05-09 20:41:34] Checking for available updates...
May 09 20:41:34 dectech-6af36c steam[5147]: [2026-05-09 20:41:34] Downloading manifest: https://client-update.fastly.steamstatic.com/steam_client_ubuntu12
May 09 20:41:34 dectech-6af36c steam[5147]: [2026-05-09 20:41:34] Manifest download: send request
May 09 20:41:34 dectech-6af36c steam[5147]: [2026-05-09 20:41:34] Manifest download: waiting for download to finish
May 09 20:41:35 dectech-6af36c steam[5147]: [2026-05-09 20:41:35] Manifest download: finished
May 09 20:41:35 dectech-6af36c steam[5147]: [2026-05-09 20:41:35] Download skipped by HTTP 304 Not Modified
May 09 20:41:35 dectech-6af36c steam[5147]: [2026-05-09 20:41:35] Nothing to do
May 09 20:44:30 dectech-6af36c systemd[2417]: Created slice User Background Tasks Slice.
May 09 20:44:30 dectech-6af36c systemd[2417]: Starting Cleanup of User's Temporary Files and Directories...
May 09 20:44:30 dectech-6af36c systemd[2417]: Finished Cleanup of User's Temporary Files and Directories.
May 09 20:45:00 dectech-6af36c syncthing[1847]: 2026-05-09 20:45:00 INF Detected NAT type (uri=quic://0.0.0.0:22000 type="Port restricted NAT" log.pkg=connections)
May 09 20:45:00 dectech-6af36c syncthing[1847]: 2026-05-09 20:45:00 INF Resolved external address (uri=quic://0.0.0.0:22000 address=quic://103.214.222.123:22000 via=stun.miwifi.com:3478 log.pkg=connections)
May 09 20:54:04 dectech-6af36c systemd[1]: Starting Cleanup of Temporary Directories...
May 09 20:54:04 dectech-6af36c systemd[1]: systemd-tmpfiles-clean.service: Deactivated successfully.
May 09 20:54:04 dectech-6af36c systemd[1]: Finished Cleanup of Temporary Directories.
May 09 21:00:00 dectech-6af36c systemd[1]: Starting Logrotate Service...
May 09 21:00:00 dectech-6af36c systemd[1]: logrotate.service: Deactivated successfully.
May 09 21:00:00 dectech-6af36c systemd[1]: Finished Logrotate Service.
May 09 21:09:50 dectech-6af36c syncthing[1847]: 2026-05-09 21:09:50 WRN Failed to acquire open port (mapping="[::]:22000/TCP" id=NAT-PMP@192.168.1.1 error="getting new lease on NAT-PMP@192.168.1.1 (external port 20885 -> internal port 22000): read udp 192.168.1.122:45600->192.168.1.1:5351: recvfrom: connection refused" log.pkg=nat)
May 09 21:10:00 dectech-6af36c syncthing[1847]: 2026-05-09 21:10:00 WRN Failed to acquire open port (mapping=0.0.0.0:22000/UDP id=NAT-PMP@192.168.1.1 error="getting new lease on NAT-PMP@192.168.1.1 (external port 20885 -> internal port 22000): read udp 192.168.1.122:45624->192.168.1.1:5351: recvfrom: connection refused" log.pkg=nat)
May 09 21:29:23 dectech-6af36c hypridle[2559]: [LOG] ScreenSaver inhibit: true dbus message from firefox (owner: :1.35) with content Playing video
May 09 21:29:23 dectech-6af36c hypridle[2559]: [LOG] Inhibit locks: 1
May 09 21:29:23 dectech-6af36c hypridle[2559]: [LOG] Cookie 1337 sent
May 09 21:29:24 dectech-6af36c rtkit-daemon[2657]: Successfully made thread 27393 of process 7274 owned by '1000' RT at priority 10.
May 09 21:29:26 dectech-6af36c hypridle[2559]: [LOG] ScreenSaver inhibit: false dbus message from firefox (owner: :1.35) with content Playing video
May 09 21:29:26 dectech-6af36c hypridle[2559]: [LOG] Inhibit locks: 0
May 09 21:31:34 dectech-6af36c hypridle[2559]: [LOG] ScreenSaver inhibit: true dbus message from firefox (owner: :1.35) with content Playing video
May 09 21:31:34 dectech-6af36c hypridle[2559]: [LOG] Inhibit locks: 1
May 09 21:31:34 dectech-6af36c hypridle[2559]: [LOG] Cookie 1338 sent
May 09 21:31:35 dectech-6af36c hypridle[2559]: [LOG] ScreenSaver inhibit: false dbus message from firefox (owner: :1.35) with content Playing video
May 09 21:31:35 dectech-6af36c hypridle[2559]: [LOG] Inhibit locks: 0
May 09 21:31:36 dectech-6af36c hypridle[2559]: [LOG] ScreenSaver inhibit: true dbus message from firefox (owner: :1.35) with content Playing video
May 09 21:31:36 dectech-6af36c hypridle[2559]: [LOG] Inhibit locks: 1
May 09 21:31:36 dectech-6af36c hypridle[2559]: [LOG] Cookie 1339 sent
May 09 21:31:37 dectech-6af36c hypridle[2559]: [LOG] ScreenSaver inhibit: false dbus message from firefox (owner: :1.35) with content Playing video
May 09 21:31:37 dectech-6af36c hypridle[2559]: [LOG] Inhibit locks: 0
May 09 21:31:38 dectech-6af36c hypridle[2559]: [LOG] ScreenSaver inhibit: true dbus message from firefox (owner: :1.35) with content Playing video
May 09 21:31:38 dectech-6af36c hypridle[2559]: [LOG] Inhibit locks: 1
May 09 21:31:38 dectech-6af36c hypridle[2559]: [LOG] Cookie 1340 sent
May 09 21:31:38 dectech-6af36c hypridle[2559]: [LOG] ScreenSaver inhibit: true dbus message from firefox (owner: :1.35) with content Playing audio
May 09 21:31:38 dectech-6af36c hypridle[2559]: [LOG] Inhibit locks: 2
May 09 21:31:38 dectech-6af36c hypridle[2559]: [LOG] Cookie 1341 sent
May 09 21:31:40 dectech-6af36c hypridle[2559]: [LOG] ScreenSaver inhibit: false dbus message from firefox (owner: :1.35) with content Playing video
May 09 21:31:40 dectech-6af36c hypridle[2559]: [LOG] Inhibit locks: 1
May 09 21:31:48 dectech-6af36c hypridle[2559]: [LOG] ScreenSaver inhibit: true dbus message from firefox (owner: :1.35) with content Playing video
May 09 21:31:48 dectech-6af36c hypridle[2559]: [LOG] Inhibit locks: 2
May 09 21:31:48 dectech-6af36c hypridle[2559]: [LOG] Cookie 1342 sent
May 09 21:31:50 dectech-6af36c hypridle[2559]: [LOG] ScreenSaver inhibit: false dbus message from firefox (owner: :1.35) with content Playing video
May 09 21:31:50 dectech-6af36c hypridle[2559]: [LOG] Inhibit locks: 1
May 09 21:32:00 dectech-6af36c hypridle[2559]: [LOG] ScreenSaver inhibit: false dbus message from firefox (owner: :1.35) with content Playing audio
May 09 21:32:00 dectech-6af36c hypridle[2559]: [LOG] Inhibit locks: 0
May 09 21:32:12 dectech-6af36c hypridle[2559]: [LOG] ScreenSaver inhibit: true dbus message from firefox (owner: :1.35) with content Playing audio
May 09 21:32:12 dectech-6af36c hypridle[2559]: [LOG] Inhibit locks: 1
May 09 21:32:12 dectech-6af36c hypridle[2559]: [LOG] Cookie 1343 sent
May 09 21:32:12 dectech-6af36c hypridle[2559]: [LOG] ScreenSaver inhibit: true dbus message from firefox (owner: :1.35) with content Playing video
May 09 21:32:12 dectech-6af36c hypridle[2559]: [LOG] Inhibit locks: 2
May 09 21:32:12 dectech-6af36c hypridle[2559]: [LOG] Cookie 1344 sent
May 09 21:32:19 dectech-6af36c hypridle[2559]: [LOG] ScreenSaver inhibit: false dbus message from firefox (owner: :1.35) with content Playing video
May 09 21:32:19 dectech-6af36c hypridle[2559]: [LOG] Inhibit locks: 1
May 09 21:32:29 dectech-6af36c hypridle[2559]: [LOG] ScreenSaver inhibit: false dbus message from firefox (owner: :1.35) with content Playing audio
May 09 21:32:29 dectech-6af36c hypridle[2559]: [LOG] Inhibit locks: 0
May 09 21:37:42 dectech-6af36c hypridle[2559]: [LOG] ScreenSaver inhibit: true dbus message from firefox (owner: :1.35) with content Playing video
May 09 21:37:42 dectech-6af36c hypridle[2559]: [LOG] Inhibit locks: 1
May 09 21:37:42 dectech-6af36c hypridle[2559]: [LOG] Cookie 1345 sent
May 09 21:38:45 dectech-6af36c hypridle[2559]: [LOG] ScreenSaver inhibit: false dbus message from firefox (owner: :1.35) with content Playing video
May 09 21:38:45 dectech-6af36c hypridle[2559]: [LOG] Inhibit locks: 0
May 09 21:40:28 dectech-6af36c syncthing[1847]: 2026-05-09 21:40:28 WRN Failed to acquire open port (mapping="[::]:22000/TCP" id=NAT-PMP@192.168.1.1 error="getting new lease on NAT-PMP@192.168.1.1 (external port 20885 -> internal port 22000): read udp 192.168.1.122:36777->192.168.1.1:5351: recvfrom: connection refused" log.pkg=nat)
May 09 21:40:38 dectech-6af36c syncthing[1847]: 2026-05-09 21:40:38 WRN Failed to acquire open port (mapping=0.0.0.0:22000/UDP id=NAT-PMP@192.168.1.1 error="getting new lease on NAT-PMP@192.168.1.1 (external port 20885 -> internal port 22000): read udp 192.168.1.122:59321->192.168.1.1:5351: recvfrom: connection refused" log.pkg=nat)
May 09 21:42:46 dectech-6af36c systemd[1]: Starting Time & Date Service...
May 09 21:42:46 dectech-6af36c systemd[1]: Started Time & Date Service.
May 09 21:43:16 dectech-6af36c systemd[1]: systemd-timedated.service: Deactivated successfully.
May 09 22:00:00 dectech-6af36c systemd[1]: Starting Logrotate Service...
May 09 22:00:00 dectech-6af36c systemd[1]: logrotate.service: Deactivated successfully.
May 09 22:00:00 dectech-6af36c systemd[1]: Finished Logrotate Service.
May 09 22:00:12 dectech-6af36c systemd[1]: Starting Time & Date Service...
May 09 22:00:12 dectech-6af36c systemd[1]: Started Time & Date Service.
May 09 22:00:12 dectech-6af36c rtkit-daemon[2657]: Successfully made thread 40268 of process 40127 owned by '1000' RT at priority 10.
May 09 22:00:42 dectech-6af36c systemd[1]: systemd-timedated.service: Deactivated successfully.
May 09 22:01:08 dectech-6af36c steam[5147]: [41426, Main Thread] WARNING: Failed to read portal settings: GDBus.Error:org.freedesktop.DBus.Error.UnknownMethod: No such interface “org.freedesktop.portal.Settings” on object at path /org/freedesktop/portal/desktop: 'glib warning', file /build/firefox-150.0.1/toolkit/xre/nsSigHandlers.cpp:201
May 09 22:01:08 dectech-6af36c steam[5147]: (librewolf:41426): Gdk-WARNING **: 22:01:08.757: Failed to read portal settings: GDBus.Error:org.freedesktop.DBus.Error.UnknownMethod: No such interface “org.freedesktop.portal.Settings” on object at path /org/freedesktop/portal/desktop
May 09 22:01:08 dectech-6af36c steam[5147]: [Parent 41426, Main Thread] WARNING: Loading IM context type 'xim' failed: 'glib warning', file /build/firefox-150.0.1/toolkit/xre/nsSigHandlers.cpp:201
May 09 22:01:08 dectech-6af36c steam[5147]: (librewolf:41426): Gtk-WARNING **: 22:01:08.850: Loading IM context type 'xim' failed
May 09 22:01:08 dectech-6af36c steam[5147]: [Parent 41426, Main Thread] WARNING: Loading IM context type 'xim' failed: 'glib warning', file /build/firefox-150.0.1/toolkit/xre/nsSigHandlers.cpp:201
May 09 22:01:08 dectech-6af36c steam[5147]: (librewolf:41426): Gtk-WARNING **: 22:01:08.918: Loading IM context type 'xim' failed
May 09 22:01:09 dectech-6af36c systemd[1]: Starting Time & Date Service...
May 09 22:01:09 dectech-6af36c systemd[1]: Started Time & Date Service.
May 09 22:01:09 dectech-6af36c steam[5147]: [Parent 41426, Main Thread] WARNING: Loading IM context type 'xim' failed: 'glib warning', file /build/firefox-150.0.1/toolkit/xre/nsSigHandlers.cpp:201
May 09 22:01:09 dectech-6af36c steam[5147]: (librewolf:41426): Gtk-WARNING **: 22:01:09.383: Loading IM context type 'xim' failed
May 09 22:01:09 dectech-6af36c steam[5147]: [Parent 41426, Main Thread] WARNING: Loading IM context type 'xim' failed: 'glib warning', file /build/firefox-150.0.1/toolkit/xre/nsSigHandlers.cpp:201
May 09 22:01:09 dectech-6af36c steam[5147]: (librewolf:41426): Gtk-WARNING **: 22:01:09.384: Loading IM context type 'xim' failed
May 09 22:01:09 dectech-6af36c rtkit-daemon[2657]: Successfully made thread 41570 of process 41426 owned by '1000' RT at priority 10.
May 09 22:01:39 dectech-6af36c systemd[1]: systemd-timedated.service: Deactivated successfully.
May 09 22:11:02 dectech-6af36c syncthing[1847]: 2026-05-09 22:11:02 WRN Failed to acquire open port (mapping="[::]:22000/TCP" id=NAT-PMP@192.168.1.1 error="getting new lease on NAT-PMP@192.168.1.1 (external port 20885 -> internal port 22000): read udp 192.168.1.122:53060->192.168.1.1:5351: recvfrom: connection refused" log.pkg=nat)
May 09 22:11:12 dectech-6af36c syncthing[1847]: 2026-05-09 22:11:12 WRN Failed to acquire open port (mapping=0.0.0.0:22000/UDP id=NAT-PMP@192.168.1.1 error="getting new lease on NAT-PMP@192.168.1.1 (external port 20885 -> internal port 22000): read udp 192.168.1.122:40647->192.168.1.1:5351: recvfrom: connection refused" log.pkg=nat)
May 09 22:17:02 dectech-6af36c systemd[2417]: Started kitty child process: 48425 launched by: 48421.
May 09 22:17:02 dectech-6af36c nix-daemon[1726]: accepted connection from pid 48443, user zozano
May 09 22:17:02 dectech-6af36c nix-daemon[1726]: accepted connection from pid 48458, user zozano
May 09 22:17:02 dectech-6af36c nix-daemon[1726]: accepted connection from pid 48473, user zozano
May 09 22:17:02 dectech-6af36c nix-daemon[1726]: accepted connection from pid 48488, user zozano
May 09 22:17:40 dectech-6af36c systemd[1]: Starting Time & Date Service...
May 09 22:17:40 dectech-6af36c systemd[1]: Started Time & Date Service.
May 09 22:17:40 dectech-6af36c rtkit-daemon[2657]: Successfully made thread 48883 of process 48745 owned by '1000' RT at priority 10.
May 09 22:17:53 dectech-6af36c hypridle[2559]: [LOG] ScreenSaver inhibit: true dbus message from firefox (owner: :1.93) with content Playing video
May 09 22:17:53 dectech-6af36c hypridle[2559]: [LOG] Inhibit locks: 1
May 09 22:17:53 dectech-6af36c hypridle[2559]: [LOG] Cookie 1346 sent
May 09 22:17:53 dectech-6af36c rtkit-daemon[2657]: Successfully made thread 49449 of process 48984 owned by '1000' RT at priority 10.
May 09 22:17:59 dectech-6af36c hypridle[2559]: [LOG] ScreenSaver inhibit: false dbus message from firefox (owner: :1.93) with content Playing video
May 09 22:17:59 dectech-6af36c hypridle[2559]: [LOG] Inhibit locks: 0
May 09 22:18:01 dectech-6af36c hypridle[2559]: [LOG] ScreenSaver inhibit: true dbus message from firefox (owner: :1.93) with content Playing video
May 09 22:18:01 dectech-6af36c hypridle[2559]: [LOG] Inhibit locks: 1
May 09 22:18:01 dectech-6af36c hypridle[2559]: [LOG] Cookie 1347 sent
May 09 22:18:02 dectech-6af36c hypridle[2559]: [LOG] ScreenSaver inhibit: false dbus message from firefox (owner: :1.93) with content Playing video
May 09 22:18:02 dectech-6af36c hypridle[2559]: [LOG] Inhibit locks: 0
May 09 22:18:03 dectech-6af36c hypridle[2559]: [LOG] ScreenSaver inhibit: true dbus message from firefox (owner: :1.93) with content Playing video
May 09 22:18:03 dectech-6af36c hypridle[2559]: [LOG] Inhibit locks: 1
May 09 22:18:03 dectech-6af36c hypridle[2559]: [LOG] Cookie 1348 sent
May 09 22:18:03 dectech-6af36c hypridle[2559]: [LOG] ScreenSaver inhibit: false dbus message from firefox (owner: :1.93) with content Playing video
May 09 22:18:03 dectech-6af36c hypridle[2559]: [LOG] Inhibit locks: 0
May 09 22:18:04 dectech-6af36c hypridle[2559]: [LOG] ScreenSaver inhibit: true dbus message from firefox (owner: :1.93) with content Playing video
May 09 22:18:04 dectech-6af36c hypridle[2559]: [LOG] Inhibit locks: 1
May 09 22:18:04 dectech-6af36c hypridle[2559]: [LOG] Cookie 1349 sent
May 09 22:18:04 dectech-6af36c hypridle[2559]: [LOG] ScreenSaver inhibit: false dbus message from firefox (owner: :1.93) with content Playing video
May 09 22:18:04 dectech-6af36c hypridle[2559]: [LOG] Inhibit locks: 0
May 09 22:18:05 dectech-6af36c hypridle[2559]: [LOG] ScreenSaver inhibit: true dbus message from firefox (owner: :1.93) with content Playing video
May 09 22:18:05 dectech-6af36c hypridle[2559]: [LOG] Inhibit locks: 1
May 09 22:18:05 dectech-6af36c hypridle[2559]: [LOG] Cookie 1350 sent
May 09 22:18:05 dectech-6af36c hypridle[2559]: [LOG] ScreenSaver inhibit: false dbus message from firefox (owner: :1.93) with content Playing video
May 09 22:18:05 dectech-6af36c hypridle[2559]: [LOG] Inhibit locks: 0
May 09 22:18:09 dectech-6af36c rtkit-daemon[2657]: Successfully made thread 49826 of process 49092 owned by '1000' RT at priority 10.
May 09 22:18:10 dectech-6af36c systemd[1]: systemd-timedated.service: Deactivated successfully.
May 09 22:19:01 dectech-6af36c systemd[1]: Starting Time & Date Service...
May 09 22:19:01 dectech-6af36c systemd[1]: Started Time & Date Service.
May 09 22:19:20 dectech-6af36c rtkit-daemon[2657]: Successfully made thread 50549 of process 50410 owned by '1000' RT at priority 10.
May 09 22:19:29 dectech-6af36c hypridle[2559]: [LOG] ScreenSaver inhibit: true dbus message from firefox (owner: :1.96) with content Playing video
May 09 22:19:29 dectech-6af36c hypridle[2559]: [LOG] Inhibit locks: 1
May 09 22:19:29 dectech-6af36c hypridle[2559]: [LOG] Cookie 1351 sent
May 09 22:19:29 dectech-6af36c rtkit-daemon[2657]: Successfully made thread 51095 of process 50666 owned by '1000' RT at priority 10.
May 09 22:19:31 dectech-6af36c hypridle[2559]: [LOG] ScreenSaver inhibit: false dbus message from firefox (owner: :1.96) with content Playing video
May 09 22:19:31 dectech-6af36c hypridle[2559]: [LOG] Inhibit locks: 0
May 09 22:19:38 dectech-6af36c hypridle[2559]: [LOG] ScreenSaver inhibit: true dbus message from firefox (owner: :1.96) with content Playing video
May 09 22:19:38 dectech-6af36c hypridle[2559]: [LOG] Inhibit locks: 1
May 09 22:19:38 dectech-6af36c hypridle[2559]: [LOG] Cookie 1352 sent
May 09 22:19:39 dectech-6af36c hypridle[2559]: [LOG] ScreenSaver inhibit: false dbus message from firefox (owner: :1.96) with content Playing video
May 09 22:19:39 dectech-6af36c hypridle[2559]: [LOG] Inhibit locks: 0
May 09 22:19:41 dectech-6af36c hypridle[2559]: [LOG] ScreenSaver inhibit: true dbus message from firefox (owner: :1.96) with content Playing video
May 09 22:19:41 dectech-6af36c hypridle[2559]: [LOG] Inhibit locks: 1
May 09 22:19:41 dectech-6af36c hypridle[2559]: [LOG] Cookie 1353 sent
May 09 22:19:41 dectech-6af36c hypridle[2559]: [LOG] ScreenSaver inhibit: true dbus message from firefox (owner: :1.96) with content Playing audio
May 09 22:19:41 dectech-6af36c hypridle[2559]: [LOG] Inhibit locks: 2
May 09 22:19:41 dectech-6af36c hypridle[2559]: [LOG] Cookie 1354 sent
May 09 22:19:50 dectech-6af36c systemd[1]: systemd-timedated.service: Deactivated successfully.
May 09 22:20:06 dectech-6af36c hypridle[2559]: [LOG] ScreenSaver inhibit: false dbus message from firefox (owner: :1.96) with content Playing video
May 09 22:20:06 dectech-6af36c hypridle[2559]: [LOG] Inhibit locks: 1
May 09 22:20:16 dectech-6af36c hypridle[2559]: [LOG] ScreenSaver inhibit: false dbus message from firefox (owner: :1.96) with content Playing audio
May 09 22:20:16 dectech-6af36c hypridle[2559]: [LOG] Inhibit locks: 0
May 09 22:20:25 dectech-6af36c hypridle[2559]: [LOG] ScreenSaver inhibit: true dbus message from firefox (owner: :1.96) with content Playing audio
May 09 22:20:25 dectech-6af36c hypridle[2559]: [LOG] Inhibit locks: 1
May 09 22:20:25 dectech-6af36c hypridle[2559]: [LOG] Cookie 1355 sent
May 09 22:20:25 dectech-6af36c hypridle[2559]: [LOG] ScreenSaver inhibit: true dbus message from firefox (owner: :1.96) with content Playing video
May 09 22:20:25 dectech-6af36c hypridle[2559]: [LOG] Inhibit locks: 2
May 09 22:20:25 dectech-6af36c hypridle[2559]: [LOG] Cookie 1356 sent
May 09 22:20:29 dectech-6af36c hypridle[2559]: [LOG] ScreenSaver inhibit: false dbus message from firefox (owner: :1.96) with content Playing video
May 09 22:20:29 dectech-6af36c hypridle[2559]: [LOG] Inhibit locks: 1
May 09 22:20:37 dectech-6af36c hypridle[2559]: [LOG] ScreenSaver inhibit: true dbus message from firefox (owner: :1.96) with content Playing video
May 09 22:20:37 dectech-6af36c hypridle[2559]: [LOG] Inhibit locks: 2
May 09 22:20:37 dectech-6af36c hypridle[2559]: [LOG] Cookie 1357 sent
May 09 22:21:04 dectech-6af36c hypridle[2559]: [LOG] ScreenSaver inhibit: false dbus message from firefox (owner: :1.96) with content Playing video
May 09 22:21:04 dectech-6af36c hypridle[2559]: [LOG] Inhibit locks: 1
May 09 22:21:06 dectech-6af36c hypridle[2559]: [LOG] ScreenSaver inhibit: true dbus message from firefox (owner: :1.96) with content Playing video
May 09 22:21:06 dectech-6af36c hypridle[2559]: [LOG] Inhibit locks: 2
May 09 22:21:06 dectech-6af36c hypridle[2559]: [LOG] Cookie 1358 sent
May 09 22:21:16 dectech-6af36c hypridle[2559]: [LOG] ScreenSaver inhibit: false dbus message from firefox (owner: :1.96) with content Playing video
May 09 22:21:16 dectech-6af36c hypridle[2559]: [LOG] Inhibit locks: 1
May 09 22:21:22 dectech-6af36c hypridle[2559]: [LOG] ScreenSaver inhibit: false dbus message from firefox (owner: :1.96) with content Playing audio
May 09 22:21:22 dectech-6af36c hypridle[2559]: [LOG] Inhibit locks: 0
May 09 22:22:15 dectech-6af36c rtkit-daemon[2657]: Successfully made thread 52784 of process 52253 owned by '1000' RT at priority 10.
May 09 22:24:33 dectech-6af36c systemd[1]: Starting Time & Date Service...
May 09 22:24:33 dectech-6af36c systemd[1]: Started Time & Date Service.
May 09 22:25:03 dectech-6af36c systemd[1]: systemd-timedated.service: Deactivated successfully.
May 09 22:25:22 dectech-6af36c systemd[1]: Starting Time & Date Service...
May 09 22:25:22 dectech-6af36c systemd[1]: Started Time & Date Service.
May 09 22:25:22 dectech-6af36c rtkit-daemon[2657]: Successfully made thread 54361 of process 54223 owned by '1000' RT at priority 10.
May 09 22:25:52 dectech-6af36c systemd[1]: systemd-timedated.service: Deactivated successfully.
May 09 22:28:18 dectech-6af36c systemd[1]: Starting Time & Date Service...
May 09 22:28:18 dectech-6af36c systemd[1]: Started Time & Date Service.
May 09 22:28:18 dectech-6af36c rtkit-daemon[2657]: Successfully made thread 56219 of process 56077 owned by '1000' RT at priority 10.
May 09 22:28:22 dectech-6af36c rtkit-daemon[2657]: Successfully made thread 56549 of process 56335 owned by '1000' RT at priority 10.
May 09 22:28:48 dectech-6af36c systemd[1]: systemd-timedated.service: Deactivated successfully.
May 09 22:30:19 dectech-6af36c hypridle[2559]: [LOG] ScreenSaver inhibit: true dbus message from firefox (owner: :1.108) with content Playing video
May 09 22:30:19 dectech-6af36c hypridle[2559]: [LOG] Inhibit locks: 1
May 09 22:30:19 dectech-6af36c hypridle[2559]: [LOG] Cookie 1359 sent
May 09 22:30:19 dectech-6af36c rtkit-daemon[2657]: Successfully made thread 57950 of process 56935 owned by '1000' RT at priority 10.
May 09 22:30:19 dectech-6af36c hypridle[2559]: [LOG] ScreenSaver inhibit: true dbus message from firefox (owner: :1.108) with content Playing audio
May 09 22:30:19 dectech-6af36c hypridle[2559]: [LOG] Inhibit locks: 2
May 09 22:30:19 dectech-6af36c hypridle[2559]: [LOG] Cookie 1360 sent
May 09 22:31:52 dectech-6af36c hypridle[2559]: [LOG] ScreenSaver inhibit: false dbus message from firefox (owner: :1.108) with content Playing video
May 09 22:31:52 dectech-6af36c hypridle[2559]: [LOG] Inhibit locks: 1
May 09 22:31:52 dectech-6af36c hypridle[2559]: [LOG] ScreenSaver inhibit: true dbus message from firefox (owner: :1.108) with content Playing video
May 09 22:31:52 dectech-6af36c hypridle[2559]: [LOG] Inhibit locks: 2
May 09 22:31:52 dectech-6af36c hypridle[2559]: [LOG] Cookie 1361 sent
May 09 22:31:58 dectech-6af36c hypridle[2559]: [LOG] ScreenSaver inhibit: false dbus message from firefox (owner: :1.108) with content Playing video
May 09 22:31:58 dectech-6af36c hypridle[2559]: [LOG] Inhibit locks: 1
May 09 22:32:08 dectech-6af36c hypridle[2559]: [LOG] ScreenSaver inhibit: false dbus message from firefox (owner: :1.108) with content Playing audio
May 09 22:32:08 dectech-6af36c hypridle[2559]: [LOG] Inhibit locks: 0
May 09 22:34:27 dectech-6af36c hypridle[2559]: [LOG] ScreenSaver inhibit: true dbus message from firefox (owner: :1.108) with content Playing audio
May 09 22:34:27 dectech-6af36c hypridle[2559]: [LOG] Inhibit locks: 1
May 09 22:34:27 dectech-6af36c hypridle[2559]: [LOG] Cookie 1362 sent
May 09 22:34:27 dectech-6af36c hypridle[2559]: [LOG] ScreenSaver inhibit: true dbus message from firefox (owner: :1.108) with content Playing video
May 09 22:34:27 dectech-6af36c hypridle[2559]: [LOG] Inhibit locks: 2
May 09 22:34:27 dectech-6af36c hypridle[2559]: [LOG] Cookie 1363 sent
May 09 22:35:11 dectech-6af36c hypridle[2559]: [LOG] ScreenSaver inhibit: false dbus message from firefox (owner: :1.108) with content Playing video
May 09 22:35:11 dectech-6af36c hypridle[2559]: [LOG] Inhibit locks: 1
May 09 22:35:11 dectech-6af36c hypridle[2559]: [LOG] ScreenSaver inhibit: true dbus message from firefox (owner: :1.108) with content Playing video
May 09 22:35:11 dectech-6af36c hypridle[2559]: [LOG] Inhibit locks: 2
May 09 22:35:11 dectech-6af36c hypridle[2559]: [LOG] Cookie 1364 sent
May 09 22:35:12 dectech-6af36c hypridle[2559]: [LOG] ScreenSaver inhibit: false dbus message from firefox (owner: :1.108) with content Playing video
May 09 22:35:12 dectech-6af36c hypridle[2559]: [LOG] Inhibit locks: 1
May 09 22:35:12 dectech-6af36c hypridle[2559]: [LOG] ScreenSaver inhibit: true dbus message from firefox (owner: :1.108) with content Playing video
May 09 22:35:12 dectech-6af36c hypridle[2559]: [LOG] Inhibit locks: 2
May 09 22:35:12 dectech-6af36c hypridle[2559]: [LOG] Cookie 1365 sent
May 09 22:40:19 dectech-6af36c hypridle[2559]: [LOG] Idled: rule 63d5681b30f0
May 09 22:40:19 dectech-6af36c hypridle[2559]: [LOG] Ignoring from onIdled(), inhibit locks: 2
May 09 22:41:19 dectech-6af36c hypridle[2559]: [LOG] Idled: rule 63d5681b3148
May 09 22:41:19 dectech-6af36c hypridle[2559]: [LOG] Ignoring from onIdled(), inhibit locks: 2
May 09 22:41:24 dectech-6af36c hypridle[2559]: [LOG] Resumed: rule 63d5681b30f0
May 09 22:41:24 dectech-6af36c hypridle[2559]: [LOG] Ignoring from onResumed(), inhibit locks: 2
May 09 22:41:24 dectech-6af36c hypridle[2559]: [LOG] Resumed: rule 63d5681b3148
May 09 22:41:24 dectech-6af36c hypridle[2559]: [LOG] Ignoring from onResumed(), inhibit locks: 2
May 09 22:41:25 dectech-6af36c hypridle[2559]: [LOG] ScreenSaver inhibit: false dbus message from firefox (owner: :1.108) with content Playing video
May 09 22:41:25 dectech-6af36c hypridle[2559]: [LOG] Inhibit locks: 1
May 09 22:41:35 dectech-6af36c hypridle[2559]: [LOG] ScreenSaver inhibit: false dbus message from firefox (owner: :1.108) with content Playing audio
May 09 22:41:35 dectech-6af36c hypridle[2559]: [LOG] Inhibit locks: 0
May 09 22:41:38 dectech-6af36c syncthing[1847]: 2026-05-09 22:41:38 WRN Failed to acquire open port (mapping="[::]:22000/TCP" id=NAT-PMP@192.168.1.1 error="getting new lease on NAT-PMP@192.168.1.1 (external port 20885 -> internal port 22000): read udp 192.168.1.122:37890->192.168.1.1:5351: recvfrom: connection refused" log.pkg=nat)
May 09 22:41:48 dectech-6af36c syncthing[1847]: 2026-05-09 22:41:48 WRN Failed to acquire open port (mapping=0.0.0.0:22000/UDP id=NAT-PMP@192.168.1.1 error="getting new lease on NAT-PMP@192.168.1.1 (external port 20885 -> internal port 22000): read udp 192.168.1.122:44684->192.168.1.1:5351: recvfrom: connection refused" log.pkg=nat)
May 09 22:44:34 dectech-6af36c systemd[1]: Starting Time & Date Service...
May 09 22:44:34 dectech-6af36c systemd[1]: Started Time & Date Service.
May 09 22:44:36 dectech-6af36c rtkit-daemon[2657]: Successfully made thread 64305 of process 64167 owned by '1000' RT at priority 10.
May 09 22:45:05 dectech-6af36c systemd[1]: systemd-timedated.service: Deactivated successfully.
May 09 22:46:29 dectech-6af36c systemd[1]: Starting Time & Date Service...
May 09 22:46:29 dectech-6af36c systemd[1]: Started Time & Date Service.
May 09 22:46:29 dectech-6af36c rtkit-daemon[2657]: Successfully made thread 65498 of process 65363 owned by '1000' RT at priority 10.
May 09 22:46:32 dectech-6af36c rtkit-daemon[2657]: Successfully made thread 65851 of process 65712 owned by '1000' RT at priority 10.
May 09 22:47:02 dectech-6af36c systemd[1]: systemd-timedated.service: Deactivated successfully.
May 09 23:00:00 dectech-6af36c systemd[1]: Starting Logrotate Service...
May 09 23:00:00 dectech-6af36c systemd[1]: logrotate.service: Deactivated successfully.
May 09 23:00:00 dectech-6af36c systemd[1]: Finished Logrotate Service.
May 09 23:12:16 dectech-6af36c syncthing[1847]: 2026-05-09 23:12:16 WRN Failed to acquire open port (mapping="[::]:22000/TCP" id=NAT-PMP@192.168.1.1 error="getting new lease on NAT-PMP@192.168.1.1 (external port 20885 -> internal port 22000): read udp 192.168.1.122:55341->192.168.1.1:5351: recvfrom: connection refused" log.pkg=nat)
May 09 23:12:26 dectech-6af36c syncthing[1847]: 2026-05-09 23:12:26 WRN Failed to acquire open port (mapping=0.0.0.0:22000/UDP id=NAT-PMP@192.168.1.1 error="getting new lease on NAT-PMP@192.168.1.1 (external port 20885 -> internal port 22000): read udp 192.168.1.122:55981->192.168.1.1:5351: recvfrom: connection refused" log.pkg=nat)
May 09 23:28:50 dectech-6af36c systemd[2417]: Started kitty child process: 83417 launched by: 83410.
May 09 23:28:50 dectech-6af36c nix-daemon[1726]: accepted connection from pid 83431, user zozano
May 09 23:28:50 dectech-6af36c nix-daemon[1726]: accepted connection from pid 83446, user zozano
May 09 23:28:50 dectech-6af36c nix-daemon[1726]: accepted connection from pid 83461, user zozano
May 09 23:28:50 dectech-6af36c nix-daemon[1726]: accepted connection from pid 83476, user zozano
May 09 23:33:15 dectech-6af36c systemd[2417]: Starting Virtual filesystem service - disk device monitor...
May 09 23:33:15 dectech-6af36c systemd[2417]: Started Virtual filesystem service - disk device monitor.
May 09 23:33:15 dectech-6af36c systemd[2417]: Starting Virtual filesystem service - digital camera monitor...
May 09 23:33:15 dectech-6af36c systemd[2417]: Started Virtual filesystem service - digital camera monitor.
May 09 23:33:15 dectech-6af36c systemd[2417]: Starting Virtual filesystem service - Apple File Conduit monitor...
May 09 23:33:15 dectech-6af36c systemd[2417]: Started Virtual filesystem service - Apple File Conduit monitor.
May 09 23:33:15 dectech-6af36c systemd[2417]: Starting Virtual filesystem service - GNOME Online Accounts monitor...
May 09 23:33:15 dectech-6af36c systemd[2417]: Started Virtual filesystem service - GNOME Online Accounts monitor.
May 09 23:33:15 dectech-6af36c systemd[2417]: Starting Virtual filesystem service - Media Transfer Protocol monitor...
May 09 23:33:15 dectech-6af36c systemd[2417]: Started Virtual filesystem service - Media Transfer Protocol monitor.
May 09 23:33:15 dectech-6af36c systemd[1]: Starting Hostname Service...
May 09 23:33:16 dectech-6af36c .gvfsd-wsdd-wra[85322]: Failed to spawn the wsdd daemon: Failed to execute child process “wsdd” (No such file or directory)
May 09 23:33:16 dectech-6af36c .gvfsd-network-[85310]: Couldn't create directory monitor on wsdd:///. Error: Automount failed: Failed to spawn the underlying wsdd daemon.
May 09 23:33:16 dectech-6af36c systemd[1]: Started Hostname Service.
May 09 23:33:46 dectech-6af36c systemd[1]: systemd-hostnamed.service: Deactivated successfully.
May 09 23:34:42 dectech-6af36c hypridle[2559]: [LOG] ScreenSaver inhibit: true dbus message from vlc (owner: :1.147) with content Playing some media.
May 09 23:34:42 dectech-6af36c hypridle[2559]: [LOG] Inhibit locks: 1
May 09 23:34:42 dectech-6af36c hypridle[2559]: [LOG] Cookie 1366 sent
May 09 23:34:43 dectech-6af36c hypridle[2559]: [LOG] ScreenSaver inhibit: false dbus message from vlc (owner: :1.147) with content Playing some media.
May 09 23:34:43 dectech-6af36c hypridle[2559]: [LOG] Inhibit locks: 0
May 09 23:34:43 dectech-6af36c hypridle[2559]: [LOG] ScreenSaver inhibit: true dbus message from vlc (owner: :1.148) with content Playing some media.
May 09 23:34:43 dectech-6af36c hypridle[2559]: [LOG] Inhibit locks: 1
May 09 23:34:43 dectech-6af36c hypridle[2559]: [LOG] Cookie 1367 sent
May 09 23:34:43 dectech-6af36c hypridle[2559]: [LOG] ScreenSaver inhibit: false dbus message from vlc (owner: :1.148) with content Playing some media.
May 09 23:34:43 dectech-6af36c hypridle[2559]: [LOG] Inhibit locks: 0
May 09 23:34:43 dectech-6af36c hypridle[2559]: [LOG] ScreenSaver inhibit: true dbus message from vlc (owner: :1.149) with content Playing some media.
May 09 23:34:43 dectech-6af36c hypridle[2559]: [LOG] Inhibit locks: 1
May 09 23:34:43 dectech-6af36c hypridle[2559]: [LOG] Cookie 1368 sent
May 09 23:34:48 dectech-6af36c hypridle[2559]: [LOG] ScreenSaver inhibit: false dbus message from vlc (owner: :1.149) with content Playing some media.
May 09 23:34:48 dectech-6af36c hypridle[2559]: [LOG] Inhibit locks: 0
May 09 23:34:50 dectech-6af36c hypridle[2559]: [LOG] ScreenSaver inhibit: true dbus message from vlc (owner: :1.154) with content Playing some media.
May 09 23:34:50 dectech-6af36c hypridle[2559]: [LOG] Inhibit locks: 1
May 09 23:34:50 dectech-6af36c hypridle[2559]: [LOG] Cookie 1369 sent
May 09 23:34:50 dectech-6af36c hypridle[2559]: [LOG] ScreenSaver inhibit: false dbus message from vlc (owner: :1.154) with content Playing some media.
May 09 23:34:50 dectech-6af36c hypridle[2559]: [LOG] Inhibit locks: 0
May 09 23:34:50 dectech-6af36c hypridle[2559]: [LOG] ScreenSaver inhibit: true dbus message from vlc (owner: :1.155) with content Playing some media.
May 09 23:34:50 dectech-6af36c hypridle[2559]: [LOG] Inhibit locks: 1
May 09 23:34:50 dectech-6af36c hypridle[2559]: [LOG] Cookie 1370 sent
May 09 23:34:50 dectech-6af36c hypridle[2559]: [LOG] ScreenSaver inhibit: false dbus message from vlc (owner: :1.155) with content Playing some media.
May 09 23:34:50 dectech-6af36c hypridle[2559]: [LOG] Inhibit locks: 0
May 09 23:34:50 dectech-6af36c hypridle[2559]: [LOG] ScreenSaver inhibit: true dbus message from vlc (owner: :1.156) with content Playing some media.
May 09 23:34:50 dectech-6af36c hypridle[2559]: [LOG] Inhibit locks: 1
May 09 23:34:50 dectech-6af36c hypridle[2559]: [LOG] Cookie 1371 sent
May 09 23:34:53 dectech-6af36c hypridle[2559]: [LOG] ScreenSaver inhibit: false dbus message from vlc (owner: :1.156) with content Playing some media.
May 09 23:34:53 dectech-6af36c hypridle[2559]: [LOG] Inhibit locks: 0
May 09 23:34:53 dectech-6af36c hypridle[2559]: [LOG] ScreenSaver inhibit: true dbus message from vlc (owner: :1.159) with content Playing some media.
May 09 23:34:53 dectech-6af36c hypridle[2559]: [LOG] Inhibit locks: 1
May 09 23:34:53 dectech-6af36c hypridle[2559]: [LOG] Cookie 1372 sent
May 09 23:34:53 dectech-6af36c hypridle[2559]: [LOG] ScreenSaver inhibit: false dbus message from vlc (owner: :1.159) with content Playing some media.
May 09 23:34:53 dectech-6af36c hypridle[2559]: [LOG] Inhibit locks: 0
May 09 23:34:53 dectech-6af36c hypridle[2559]: [LOG] ScreenSaver inhibit: true dbus message from vlc (owner: :1.160) with content Playing some media.
May 09 23:34:53 dectech-6af36c hypridle[2559]: [LOG] Inhibit locks: 1
May 09 23:34:53 dectech-6af36c hypridle[2559]: [LOG] Cookie 1373 sent
May 09 23:34:53 dectech-6af36c hypridle[2559]: [LOG] ScreenSaver inhibit: false dbus message from vlc (owner: :1.160) with content Playing some media.
May 09 23:34:53 dectech-6af36c hypridle[2559]: [LOG] Inhibit locks: 0
May 09 23:34:53 dectech-6af36c hypridle[2559]: [LOG] ScreenSaver inhibit: true dbus message from vlc (owner: :1.161) with content Playing some media.
May 09 23:34:53 dectech-6af36c hypridle[2559]: [LOG] Inhibit locks: 1
May 09 23:34:53 dectech-6af36c hypridle[2559]: [LOG] Cookie 1374 sent
May 09 23:34:56 dectech-6af36c hypridle[2559]: [LOG] ScreenSaver inhibit: false dbus message from vlc (owner: :1.161) with content Playing some media.
May 09 23:34:56 dectech-6af36c hypridle[2559]: [LOG] Inhibit locks: 0
May 09 23:34:56 dectech-6af36c hypridle[2559]: [LOG] ScreenSaver inhibit: true dbus message from vlc (owner: :1.164) with content Playing some media.
May 09 23:34:56 dectech-6af36c hypridle[2559]: [LOG] Inhibit locks: 1
May 09 23:34:56 dectech-6af36c hypridle[2559]: [LOG] Cookie 1375 sent
May 09 23:34:56 dectech-6af36c hypridle[2559]: [LOG] ScreenSaver inhibit: false dbus message from vlc (owner: :1.164) with content Playing some media.
May 09 23:34:56 dectech-6af36c hypridle[2559]: [LOG] Inhibit locks: 0
May 09 23:34:56 dectech-6af36c hypridle[2559]: [LOG] ScreenSaver inhibit: true dbus message from vlc (owner: :1.165) with content Playing some media.
May 09 23:34:56 dectech-6af36c hypridle[2559]: [LOG] Inhibit locks: 1
May 09 23:34:56 dectech-6af36c hypridle[2559]: [LOG] Cookie 1376 sent
May 09 23:34:58 dectech-6af36c hypridle[2559]: [LOG] ScreenSaver inhibit: false dbus message from vlc (owner: :1.165) with content Playing some media.
May 09 23:34:58 dectech-6af36c hypridle[2559]: [LOG] Inhibit locks: 0
May 09 23:34:58 dectech-6af36c hypridle[2559]: [LOG] ScreenSaver inhibit: true dbus message from vlc (owner: :1.168) with content Playing some media.
May 09 23:34:58 dectech-6af36c hypridle[2559]: [LOG] Inhibit locks: 1
May 09 23:34:58 dectech-6af36c hypridle[2559]: [LOG] Cookie 1377 sent
May 09 23:34:58 dectech-6af36c hypridle[2559]: [LOG] ScreenSaver inhibit: false dbus message from vlc (owner: :1.168) with content Playing some media.
May 09 23:34:58 dectech-6af36c hypridle[2559]: [LOG] Inhibit locks: 0
May 09 23:34:58 dectech-6af36c hypridle[2559]: [LOG] ScreenSaver inhibit: true dbus message from vlc (owner: :1.169) with content Playing some media.
May 09 23:34:58 dectech-6af36c hypridle[2559]: [LOG] Inhibit locks: 1
May 09 23:34:58 dectech-6af36c hypridle[2559]: [LOG] Cookie 1378 sent
May 09 23:34:58 dectech-6af36c hypridle[2559]: [LOG] ScreenSaver inhibit: false dbus message from vlc (owner: :1.169) with content Playing some media.
May 09 23:34:58 dectech-6af36c hypridle[2559]: [LOG] Inhibit locks: 0
May 09 23:34:58 dectech-6af36c hypridle[2559]: [LOG] ScreenSaver inhibit: true dbus message from vlc (owner: :1.170) with content Playing some media.
May 09 23:34:58 dectech-6af36c hypridle[2559]: [LOG] Inhibit locks: 1
May 09 23:34:58 dectech-6af36c hypridle[2559]: [LOG] Cookie 1379 sent
May 09 23:35:47 dectech-6af36c gjs[2561]: player.vala:768: GDBus.Error:org.freedesktop.DBus.Error.NoReply: Remote peer disconnected
May 09 23:35:48 dectech-6af36c hypridle[2559]: [LOG] ScreenSaver inhibit: false dbus message from vlc (owner: :1.170) with content Playing some media.
May 09 23:35:48 dectech-6af36c hypridle[2559]: [LOG] Inhibit locks: 0
May 09 23:35:48 dectech-6af36c hypridle[2559]: [LOG] ScreenSaver inhibit: true dbus message from vlc (owner: :1.175) with content Playing some media.
May 09 23:35:48 dectech-6af36c hypridle[2559]: [LOG] Inhibit locks: 1
May 09 23:35:48 dectech-6af36c hypridle[2559]: [LOG] Cookie 1380 sent
May 09 23:35:48 dectech-6af36c hypridle[2559]: [LOG] ScreenSaver inhibit: false dbus message from vlc (owner: :1.175) with content Playing some media.
May 09 23:35:48 dectech-6af36c hypridle[2559]: [LOG] Inhibit locks: 0
May 09 23:35:48 dectech-6af36c hypridle[2559]: [LOG] ScreenSaver inhibit: true dbus message from vlc (owner: :1.176) with content Playing some media.
May 09 23:35:48 dectech-6af36c hypridle[2559]: [LOG] Inhibit locks: 1
May 09 23:35:48 dectech-6af36c hypridle[2559]: [LOG] Cookie 1381 sent
May 09 23:35:48 dectech-6af36c hypridle[2559]: [LOG] ScreenSaver inhibit: false dbus message from vlc (owner: :1.176) with content Playing some media.
May 09 23:35:48 dectech-6af36c hypridle[2559]: [LOG] Inhibit locks: 0
May 09 23:35:48 dectech-6af36c hypridle[2559]: [LOG] ScreenSaver inhibit: true dbus message from vlc (owner: :1.177) with content Playing some media.
May 09 23:35:48 dectech-6af36c hypridle[2559]: [LOG] Inhibit locks: 1
May 09 23:35:48 dectech-6af36c hypridle[2559]: [LOG] Cookie 1382 sent
May 09 23:35:49 dectech-6af36c hypridle[2559]: [LOG] ScreenSaver inhibit: false dbus message from vlc (owner: :1.177) with content Playing some media.
May 09 23:35:49 dectech-6af36c hypridle[2559]: [LOG] Inhibit locks: 0
May 09 23:35:49 dectech-6af36c hypridle[2559]: [LOG] ScreenSaver inhibit: true dbus message from vlc (owner: :1.178) with content Playing some media.
May 09 23:35:49 dectech-6af36c hypridle[2559]: [LOG] Inhibit locks: 1
May 09 23:35:49 dectech-6af36c hypridle[2559]: [LOG] Cookie 1383 sent
May 09 23:35:49 dectech-6af36c hypridle[2559]: [LOG] ScreenSaver inhibit: false dbus message from vlc (owner: :1.178) with content Playing some media.
May 09 23:35:49 dectech-6af36c hypridle[2559]: [LOG] Inhibit locks: 0
May 09 23:35:49 dectech-6af36c hypridle[2559]: [LOG] ScreenSaver inhibit: true dbus message from vlc (owner: :1.179) with content Playing some media.
May 09 23:35:49 dectech-6af36c hypridle[2559]: [LOG] Inhibit locks: 1
May 09 23:35:49 dectech-6af36c hypridle[2559]: [LOG] Cookie 1384 sent
May 09 23:35:49 dectech-6af36c hypridle[2559]: [LOG] ScreenSaver inhibit: false dbus message from vlc (owner: :1.179) with content Playing some media.
May 09 23:35:49 dectech-6af36c hypridle[2559]: [LOG] Inhibit locks: 0
May 09 23:35:49 dectech-6af36c hypridle[2559]: [LOG] ScreenSaver inhibit: true dbus message from vlc (owner: :1.180) with content Playing some media.
May 09 23:35:49 dectech-6af36c hypridle[2559]: [LOG] Inhibit locks: 1
May 09 23:35:49 dectech-6af36c hypridle[2559]: [LOG] Cookie 1385 sent
May 09 23:35:51 dectech-6af36c hypridle[2559]: [LOG] ScreenSaver inhibit: false dbus message from vlc (owner: :1.180) with content Playing some media.
May 09 23:35:51 dectech-6af36c hypridle[2559]: [LOG] Inhibit locks: 0
May 09 23:35:51 dectech-6af36c hypridle[2559]: [LOG] ScreenSaver inhibit: true dbus message from vlc (owner: :1.183) with content Playing some media.
May 09 23:35:51 dectech-6af36c hypridle[2559]: [LOG] Inhibit locks: 1
May 09 23:35:51 dectech-6af36c hypridle[2559]: [LOG] Cookie 1386 sent
May 09 23:35:51 dectech-6af36c hypridle[2559]: [LOG] ScreenSaver inhibit: false dbus message from vlc (owner: :1.183) with content Playing some media.
May 09 23:35:51 dectech-6af36c hypridle[2559]: [LOG] Inhibit locks: 0
May 09 23:35:51 dectech-6af36c hypridle[2559]: [LOG] ScreenSaver inhibit: true dbus message from vlc (owner: :1.184) with content Playing some media.
May 09 23:35:51 dectech-6af36c hypridle[2559]: [LOG] Inhibit locks: 1
May 09 23:35:51 dectech-6af36c hypridle[2559]: [LOG] Cookie 1387 sent
May 09 23:35:51 dectech-6af36c hypridle[2559]: [LOG] ScreenSaver inhibit: false dbus message from vlc (owner: :1.184) with content Playing some media.
May 09 23:35:51 dectech-6af36c hypridle[2559]: [LOG] Inhibit locks: 0
May 09 23:35:51 dectech-6af36c hypridle[2559]: [LOG] ScreenSaver inhibit: true dbus message from vlc (owner: :1.185) with content Playing some media.
May 09 23:35:51 dectech-6af36c hypridle[2559]: [LOG] Inhibit locks: 1
May 09 23:35:51 dectech-6af36c hypridle[2559]: [LOG] Cookie 1388 sent
May 09 23:35:58 dectech-6af36c hypridle[2559]: [LOG] ScreenSaver inhibit: false dbus message from vlc (owner: :1.185) with content Playing some media.
May 09 23:35:58 dectech-6af36c hypridle[2559]: [LOG] Inhibit locks: 0
May 09 23:35:58 dectech-6af36c hypridle[2559]: [LOG] ScreenSaver inhibit: true dbus message from vlc (owner: :1.188) with content Playing some media.
May 09 23:35:58 dectech-6af36c hypridle[2559]: [LOG] Inhibit locks: 1
May 09 23:35:58 dectech-6af36c hypridle[2559]: [LOG] Cookie 1389 sent
May 09 23:35:58 dectech-6af36c hypridle[2559]: [LOG] ScreenSaver inhibit: false dbus message from vlc (owner: :1.188) with content Playing some media.
May 09 23:35:58 dectech-6af36c hypridle[2559]: [LOG] Inhibit locks: 0
May 09 23:35:58 dectech-6af36c hypridle[2559]: [LOG] ScreenSaver inhibit: true dbus message from vlc (owner: :1.189) with content Playing some media.
May 09 23:35:58 dectech-6af36c hypridle[2559]: [LOG] Inhibit locks: 1
May 09 23:35:58 dectech-6af36c hypridle[2559]: [LOG] Cookie 1390 sent
May 09 23:35:58 dectech-6af36c hypridle[2559]: [LOG] ScreenSaver inhibit: false dbus message from vlc (owner: :1.189) with content Playing some media.
May 09 23:35:58 dectech-6af36c hypridle[2559]: [LOG] Inhibit locks: 0
May 09 23:35:58 dectech-6af36c hypridle[2559]: [LOG] ScreenSaver inhibit: true dbus message from vlc (owner: :1.190) with content Playing some media.
May 09 23:35:58 dectech-6af36c hypridle[2559]: [LOG] Inhibit locks: 1
May 09 23:35:58 dectech-6af36c hypridle[2559]: [LOG] Cookie 1391 sent
May 09 23:36:10 dectech-6af36c hypridle[2559]: [LOG] ScreenSaver inhibit: false dbus message from vlc (owner: :1.190) with content Playing some media.
May 09 23:36:10 dectech-6af36c hypridle[2559]: [LOG] Inhibit locks: 0
May 09 23:36:10 dectech-6af36c hypridle[2559]: [LOG] ScreenSaver inhibit: true dbus message from vlc (owner: :1.192) with content Playing some media.
May 09 23:36:10 dectech-6af36c hypridle[2559]: [LOG] Inhibit locks: 1
May 09 23:36:10 dectech-6af36c hypridle[2559]: [LOG] Cookie 1392 sent
May 09 23:36:10 dectech-6af36c hypridle[2559]: [LOG] ScreenSaver inhibit: false dbus message from vlc (owner: :1.192) with content Playing some media.
May 09 23:36:10 dectech-6af36c hypridle[2559]: [LOG] Inhibit locks: 0
May 09 23:36:10 dectech-6af36c hypridle[2559]: [LOG] ScreenSaver inhibit: true dbus message from vlc (owner: :1.193) with content Playing some media.
May 09 23:36:10 dectech-6af36c hypridle[2559]: [LOG] Inhibit locks: 1
May 09 23:36:10 dectech-6af36c hypridle[2559]: [LOG] Cookie 1393 sent
May 09 23:36:10 dectech-6af36c hypridle[2559]: [LOG] ScreenSaver inhibit: false dbus message from vlc (owner: :1.193) with content Playing some media.
May 09 23:36:10 dectech-6af36c hypridle[2559]: [LOG] Inhibit locks: 0
May 09 23:36:11 dectech-6af36c hypridle[2559]: [LOG] ScreenSaver inhibit: true dbus message from vlc (owner: :1.194) with content Playing some media.
May 09 23:36:11 dectech-6af36c hypridle[2559]: [LOG] Inhibit locks: 1
May 09 23:36:11 dectech-6af36c hypridle[2559]: [LOG] Cookie 1394 sent
May 09 23:36:13 dectech-6af36c hypridle[2559]: [LOG] ScreenSaver inhibit: false dbus message from vlc (owner: :1.194) with content Playing some media.
May 09 23:36:13 dectech-6af36c hypridle[2559]: [LOG] Inhibit locks: 0
May 09 23:36:13 dectech-6af36c hypridle[2559]: [LOG] ScreenSaver inhibit: true dbus message from vlc (owner: :1.197) with content Playing some media.
May 09 23:36:13 dectech-6af36c hypridle[2559]: [LOG] Inhibit locks: 1
May 09 23:36:13 dectech-6af36c hypridle[2559]: [LOG] Cookie 1395 sent
May 09 23:36:14 dectech-6af36c hypridle[2559]: [LOG] ScreenSaver inhibit: false dbus message from vlc (owner: :1.197) with content Playing some media.
May 09 23:36:14 dectech-6af36c hypridle[2559]: [LOG] Inhibit locks: 0
May 09 23:36:14 dectech-6af36c hypridle[2559]: [LOG] ScreenSaver inhibit: true dbus message from vlc (owner: :1.198) with content Playing some media.
May 09 23:36:14 dectech-6af36c hypridle[2559]: [LOG] Inhibit locks: 1
May 09 23:36:14 dectech-6af36c hypridle[2559]: [LOG] Cookie 1396 sent
May 09 23:36:14 dectech-6af36c hypridle[2559]: [LOG] ScreenSaver inhibit: false dbus message from vlc (owner: :1.198) with content Playing some media.
May 09 23:36:14 dectech-6af36c hypridle[2559]: [LOG] Inhibit locks: 0
May 09 23:36:14 dectech-6af36c hypridle[2559]: [LOG] ScreenSaver inhibit: true dbus message from vlc (owner: :1.199) with content Playing some media.
May 09 23:36:14 dectech-6af36c hypridle[2559]: [LOG] Inhibit locks: 1
May 09 23:36:14 dectech-6af36c hypridle[2559]: [LOG] Cookie 1397 sent
May 09 23:36:16 dectech-6af36c hypridle[2559]: [LOG] ScreenSaver inhibit: false dbus message from vlc (owner: :1.199) with content Playing some media.
May 09 23:36:16 dectech-6af36c hypridle[2559]: [LOG] Inhibit locks: 0
May 09 23:36:16 dectech-6af36c hypridle[2559]: [LOG] ScreenSaver inhibit: true dbus message from vlc (owner: :1.202) with content Playing some media.
May 09 23:36:16 dectech-6af36c hypridle[2559]: [LOG] Inhibit locks: 1
May 09 23:36:16 dectech-6af36c hypridle[2559]: [LOG] Cookie 1398 sent
May 09 23:36:16 dectech-6af36c hypridle[2559]: [LOG] ScreenSaver inhibit: false dbus message from vlc (owner: :1.202) with content Playing some media.
May 09 23:36:16 dectech-6af36c hypridle[2559]: [LOG] Inhibit locks: 0
May 09 23:36:16 dectech-6af36c hypridle[2559]: [LOG] ScreenSaver inhibit: true dbus message from vlc (owner: :1.203) with content Playing some media.
May 09 23:36:16 dectech-6af36c hypridle[2559]: [LOG] Inhibit locks: 1
May 09 23:36:16 dectech-6af36c hypridle[2559]: [LOG] Cookie 1399 sent
May 09 23:36:16 dectech-6af36c hypridle[2559]: [LOG] ScreenSaver inhibit: false dbus message from vlc (owner: :1.203) with content Playing some media.
May 09 23:36:16 dectech-6af36c hypridle[2559]: [LOG] Inhibit locks: 0
May 09 23:36:16 dectech-6af36c hypridle[2559]: [LOG] ScreenSaver inhibit: true dbus message from vlc (owner: :1.204) with content Playing some media.
May 09 23:36:16 dectech-6af36c hypridle[2559]: [LOG] Inhibit locks: 1
May 09 23:36:16 dectech-6af36c hypridle[2559]: [LOG] Cookie 1400 sent
May 09 23:36:18 dectech-6af36c hypridle[2559]: [LOG] ScreenSaver inhibit: false dbus message from vlc (owner: :1.204) with content Playing some media.
May 09 23:36:18 dectech-6af36c hypridle[2559]: [LOG] Inhibit locks: 0
May 09 23:36:18 dectech-6af36c hypridle[2559]: [LOG] ScreenSaver inhibit: true dbus message from vlc (owner: :1.207) with content Playing some media.
May 09 23:36:18 dectech-6af36c hypridle[2559]: [LOG] Inhibit locks: 1
May 09 23:36:18 dectech-6af36c hypridle[2559]: [LOG] Cookie 1401 sent
May 09 23:36:18 dectech-6af36c hypridle[2559]: [LOG] ScreenSaver inhibit: false dbus message from vlc (owner: :1.207) with content Playing some media.
May 09 23:36:18 dectech-6af36c hypridle[2559]: [LOG] Inhibit locks: 0
May 09 23:36:18 dectech-6af36c hypridle[2559]: [LOG] ScreenSaver inhibit: true dbus message from vlc (owner: :1.208) with content Playing some media.
May 09 23:36:18 dectech-6af36c hypridle[2559]: [LOG] Inhibit locks: 1
May 09 23:36:18 dectech-6af36c hypridle[2559]: [LOG] Cookie 1402 sent
May 09 23:36:18 dectech-6af36c hypridle[2559]: [LOG] ScreenSaver inhibit: false dbus message from vlc (owner: :1.208) with content Playing some media.
May 09 23:36:18 dectech-6af36c hypridle[2559]: [LOG] Inhibit locks: 0
May 09 23:36:18 dectech-6af36c hypridle[2559]: [LOG] ScreenSaver inhibit: true dbus message from vlc (owner: :1.209) with content Playing some media.
May 09 23:36:18 dectech-6af36c hypridle[2559]: [LOG] Inhibit locks: 1
May 09 23:36:18 dectech-6af36c hypridle[2559]: [LOG] Cookie 1403 sent
May 09 23:36:21 dectech-6af36c hypridle[2559]: [LOG] ScreenSaver inhibit: false dbus message from vlc (owner: :1.209) with content Playing some media.
May 09 23:36:21 dectech-6af36c hypridle[2559]: [LOG] Inhibit locks: 0
May 09 23:36:21 dectech-6af36c hypridle[2559]: [LOG] ScreenSaver inhibit: true dbus message from vlc (owner: :1.212) with content Playing some media.
May 09 23:36:21 dectech-6af36c hypridle[2559]: [LOG] Inhibit locks: 1
May 09 23:36:21 dectech-6af36c hypridle[2559]: [LOG] Cookie 1404 sent
May 09 23:36:21 dectech-6af36c hypridle[2559]: [LOG] ScreenSaver inhibit: false dbus message from vlc (owner: :1.212) with content Playing some media.
May 09 23:36:21 dectech-6af36c hypridle[2559]: [LOG] Inhibit locks: 0
May 09 23:36:21 dectech-6af36c hypridle[2559]: [LOG] ScreenSaver inhibit: true dbus message from vlc (owner: :1.213) with content Playing some media.
May 09 23:36:21 dectech-6af36c hypridle[2559]: [LOG] Inhibit locks: 1
May 09 23:36:21 dectech-6af36c hypridle[2559]: [LOG] Cookie 1405 sent
May 09 23:36:24 dectech-6af36c hypridle[2559]: [LOG] ScreenSaver inhibit: false dbus message from vlc (owner: :1.213) with content Playing some media.
May 09 23:36:24 dectech-6af36c hypridle[2559]: [LOG] Inhibit locks: 0
May 09 23:36:24 dectech-6af36c hypridle[2559]: [LOG] ScreenSaver inhibit: true dbus message from vlc (owner: :1.216) with content Playing some media.
May 09 23:36:24 dectech-6af36c hypridle[2559]: [LOG] Inhibit locks: 1
May 09 23:36:24 dectech-6af36c hypridle[2559]: [LOG] Cookie 1406 sent
May 09 23:36:24 dectech-6af36c hypridle[2559]: [LOG] ScreenSaver inhibit: false dbus message from vlc (owner: :1.216) with content Playing some media.
May 09 23:36:24 dectech-6af36c hypridle[2559]: [LOG] Inhibit locks: 0
May 09 23:36:24 dectech-6af36c hypridle[2559]: [LOG] ScreenSaver inhibit: true dbus message from vlc (owner: :1.217) with content Playing some media.
May 09 23:36:24 dectech-6af36c hypridle[2559]: [LOG] Inhibit locks: 1
May 09 23:36:24 dectech-6af36c hypridle[2559]: [LOG] Cookie 1407 sent
May 09 23:36:24 dectech-6af36c hypridle[2559]: [LOG] ScreenSaver inhibit: false dbus message from vlc (owner: :1.217) with content Playing some media.
May 09 23:36:24 dectech-6af36c hypridle[2559]: [LOG] Inhibit locks: 0
May 09 23:36:24 dectech-6af36c hypridle[2559]: [LOG] ScreenSaver inhibit: true dbus message from vlc (owner: :1.218) with content Playing some media.
May 09 23:36:24 dectech-6af36c hypridle[2559]: [LOG] Inhibit locks: 1
May 09 23:36:24 dectech-6af36c hypridle[2559]: [LOG] Cookie 1408 sent
May 09 23:36:25 dectech-6af36c hypridle[2559]: [LOG] ScreenSaver inhibit: false dbus message from vlc (owner: :1.218) with content Playing some media.
May 09 23:36:25 dectech-6af36c hypridle[2559]: [LOG] Inhibit locks: 0
May 09 23:36:25 dectech-6af36c hypridle[2559]: [LOG] ScreenSaver inhibit: true dbus message from vlc (owner: :1.221) with content Playing some media.
May 09 23:36:25 dectech-6af36c hypridle[2559]: [LOG] Inhibit locks: 1
May 09 23:36:25 dectech-6af36c hypridle[2559]: [LOG] Cookie 1409 sent
May 09 23:36:26 dectech-6af36c hypridle[2559]: [LOG] ScreenSaver inhibit: false dbus message from vlc (owner: :1.221) with content Playing some media.
May 09 23:36:26 dectech-6af36c hypridle[2559]: [LOG] Inhibit locks: 0
May 09 23:36:26 dectech-6af36c hypridle[2559]: [LOG] ScreenSaver inhibit: true dbus message from vlc (owner: :1.222) with content Playing some media.
May 09 23:36:26 dectech-6af36c hypridle[2559]: [LOG] Inhibit locks: 1
May 09 23:36:26 dectech-6af36c hypridle[2559]: [LOG] Cookie 1410 sent
May 09 23:36:26 dectech-6af36c hypridle[2559]: [LOG] ScreenSaver inhibit: false dbus message from vlc (owner: :1.222) with content Playing some media.
May 09 23:36:26 dectech-6af36c hypridle[2559]: [LOG] Inhibit locks: 0
May 09 23:36:26 dectech-6af36c hypridle[2559]: [LOG] ScreenSaver inhibit: true dbus message from vlc (owner: :1.223) with content Playing some media.
May 09 23:36:26 dectech-6af36c hypridle[2559]: [LOG] Inhibit locks: 1
May 09 23:36:26 dectech-6af36c hypridle[2559]: [LOG] Cookie 1411 sent
May 09 23:36:27 dectech-6af36c hypridle[2559]: [LOG] ScreenSaver inhibit: false dbus message from vlc (owner: :1.223) with content Playing some media.
May 09 23:36:27 dectech-6af36c hypridle[2559]: [LOG] Inhibit locks: 0
May 09 23:36:27 dectech-6af36c hypridle[2559]: [LOG] ScreenSaver inhibit: true dbus message from vlc (owner: :1.226) with content Playing some media.
May 09 23:36:27 dectech-6af36c hypridle[2559]: [LOG] Inhibit locks: 1
May 09 23:36:27 dectech-6af36c hypridle[2559]: [LOG] Cookie 1412 sent
May 09 23:36:27 dectech-6af36c hypridle[2559]: [LOG] ScreenSaver inhibit: false dbus message from vlc (owner: :1.226) with content Playing some media.
May 09 23:36:27 dectech-6af36c hypridle[2559]: [LOG] Inhibit locks: 0
May 09 23:36:27 dectech-6af36c hypridle[2559]: [LOG] ScreenSaver inhibit: true dbus message from vlc (owner: :1.227) with content Playing some media.
May 09 23:36:27 dectech-6af36c hypridle[2559]: [LOG] Inhibit locks: 1
May 09 23:36:27 dectech-6af36c hypridle[2559]: [LOG] Cookie 1413 sent
May 09 23:36:27 dectech-6af36c hypridle[2559]: [LOG] ScreenSaver inhibit: false dbus message from vlc (owner: :1.227) with content Playing some media.
May 09 23:36:27 dectech-6af36c hypridle[2559]: [LOG] Inhibit locks: 0
May 09 23:36:27 dectech-6af36c hypridle[2559]: [LOG] ScreenSaver inhibit: true dbus message from vlc (owner: :1.228) with content Playing some media.
May 09 23:36:27 dectech-6af36c hypridle[2559]: [LOG] Inhibit locks: 1
May 09 23:36:27 dectech-6af36c hypridle[2559]: [LOG] Cookie 1414 sent
May 09 23:36:28 dectech-6af36c hypridle[2559]: [LOG] ScreenSaver inhibit: false dbus message from vlc (owner: :1.228) with content Playing some media.
May 09 23:36:28 dectech-6af36c hypridle[2559]: [LOG] Inhibit locks: 0
May 09 23:36:28 dectech-6af36c hypridle[2559]: [LOG] ScreenSaver inhibit: true dbus message from vlc (owner: :1.231) with content Playing some media.
May 09 23:36:28 dectech-6af36c hypridle[2559]: [LOG] Inhibit locks: 1
May 09 23:36:28 dectech-6af36c hypridle[2559]: [LOG] Cookie 1415 sent
May 09 23:36:29 dectech-6af36c hypridle[2559]: [LOG] ScreenSaver inhibit: false dbus message from vlc (owner: :1.231) with content Playing some media.
May 09 23:36:29 dectech-6af36c hypridle[2559]: [LOG] Inhibit locks: 0
May 09 23:36:29 dectech-6af36c hypridle[2559]: [LOG] ScreenSaver inhibit: true dbus message from vlc (owner: :1.232) with content Playing some media.
May 09 23:36:29 dectech-6af36c hypridle[2559]: [LOG] Inhibit locks: 1
May 09 23:36:29 dectech-6af36c hypridle[2559]: [LOG] Cookie 1416 sent
May 09 23:36:29 dectech-6af36c hypridle[2559]: [LOG] ScreenSaver inhibit: false dbus message from vlc (owner: :1.232) with content Playing some media.
May 09 23:36:29 dectech-6af36c hypridle[2559]: [LOG] Inhibit locks: 0
May 09 23:36:29 dectech-6af36c hypridle[2559]: [LOG] ScreenSaver inhibit: true dbus message from vlc (owner: :1.233) with content Playing some media.
May 09 23:36:29 dectech-6af36c hypridle[2559]: [LOG] Inhibit locks: 1
May 09 23:36:29 dectech-6af36c hypridle[2559]: [LOG] Cookie 1417 sent
May 09 23:36:30 dectech-6af36c hypridle[2559]: [LOG] ScreenSaver inhibit: false dbus message from vlc (owner: :1.233) with content Playing some media.
May 09 23:36:30 dectech-6af36c hypridle[2559]: [LOG] Inhibit locks: 0
May 09 23:36:30 dectech-6af36c hypridle[2559]: [LOG] ScreenSaver inhibit: true dbus message from vlc (owner: :1.236) with content Playing some media.
May 09 23:36:30 dectech-6af36c hypridle[2559]: [LOG] Inhibit locks: 1
May 09 23:36:30 dectech-6af36c hypridle[2559]: [LOG] Cookie 1418 sent
May 09 23:36:31 dectech-6af36c hypridle[2559]: [LOG] ScreenSaver inhibit: false dbus message from vlc (owner: :1.236) with content Playing some media.
May 09 23:36:31 dectech-6af36c hypridle[2559]: [LOG] Inhibit locks: 0
May 09 23:36:31 dectech-6af36c hypridle[2559]: [LOG] ScreenSaver inhibit: true dbus message from vlc (owner: :1.237) with content Playing some media.
May 09 23:36:31 dectech-6af36c hypridle[2559]: [LOG] Inhibit locks: 1
May 09 23:36:31 dectech-6af36c hypridle[2559]: [LOG] Cookie 1419 sent
May 09 23:36:31 dectech-6af36c gjs[2561]: player.vala:768: GDBus.Error:org.freedesktop.DBus.Error.NoReply: Remote peer disconnected
May 09 23:36:32 dectech-6af36c hypridle[2559]: [LOG] ScreenSaver inhibit: false dbus message from vlc (owner: :1.237) with content Playing some media.
May 09 23:36:32 dectech-6af36c hypridle[2559]: [LOG] Inhibit locks: 0
May 09 23:36:32 dectech-6af36c hypridle[2559]: [LOG] ScreenSaver inhibit: true dbus message from vlc (owner: :1.240) with content Playing some media.
May 09 23:36:32 dectech-6af36c hypridle[2559]: [LOG] Inhibit locks: 1
May 09 23:36:32 dectech-6af36c hypridle[2559]: [LOG] Cookie 1420 sent
May 09 23:36:32 dectech-6af36c hypridle[2559]: [LOG] ScreenSaver inhibit: false dbus message from vlc (owner: :1.240) with content Playing some media.
May 09 23:36:32 dectech-6af36c hypridle[2559]: [LOG] Inhibit locks: 0
May 09 23:36:32 dectech-6af36c hypridle[2559]: [LOG] ScreenSaver inhibit: true dbus message from vlc (owner: :1.241) with content Playing some media.
May 09 23:36:32 dectech-6af36c hypridle[2559]: [LOG] Inhibit locks: 1
May 09 23:36:32 dectech-6af36c hypridle[2559]: [LOG] Cookie 1421 sent
May 09 23:36:33 dectech-6af36c hypridle[2559]: [LOG] ScreenSaver inhibit: false dbus message from vlc (owner: :1.241) with content Playing some media.
May 09 23:36:33 dectech-6af36c hypridle[2559]: [LOG] Inhibit locks: 0
May 09 23:36:33 dectech-6af36c hypridle[2559]: [LOG] ScreenSaver inhibit: true dbus message from vlc (owner: :1.244) with content Playing some media.
May 09 23:36:33 dectech-6af36c hypridle[2559]: [LOG] Inhibit locks: 1
May 09 23:36:33 dectech-6af36c hypridle[2559]: [LOG] Cookie 1422 sent
May 09 23:36:33 dectech-6af36c hypridle[2559]: [LOG] ScreenSaver inhibit: false dbus message from vlc (owner: :1.244) with content Playing some media.
May 09 23:36:33 dectech-6af36c hypridle[2559]: [LOG] Inhibit locks: 0
May 09 23:36:33 dectech-6af36c hypridle[2559]: [LOG] ScreenSaver inhibit: true dbus message from vlc (owner: :1.245) with content Playing some media.
May 09 23:36:33 dectech-6af36c hypridle[2559]: [LOG] Inhibit locks: 1
May 09 23:36:33 dectech-6af36c hypridle[2559]: [LOG] Cookie 1423 sent
May 09 23:36:33 dectech-6af36c hypridle[2559]: [LOG] ScreenSaver inhibit: false dbus message from vlc (owner: :1.245) with content Playing some media.
May 09 23:36:33 dectech-6af36c hypridle[2559]: [LOG] Inhibit locks: 0
May 09 23:36:33 dectech-6af36c hypridle[2559]: [LOG] ScreenSaver inhibit: true dbus message from vlc (owner: :1.246) with content Playing some media.
May 09 23:36:33 dectech-6af36c hypridle[2559]: [LOG] Inhibit locks: 1
May 09 23:36:33 dectech-6af36c hypridle[2559]: [LOG] Cookie 1424 sent
May 09 23:36:35 dectech-6af36c hypridle[2559]: [LOG] ScreenSaver inhibit: false dbus message from vlc (owner: :1.246) with content Playing some media.
May 09 23:36:35 dectech-6af36c hypridle[2559]: [LOG] Inhibit locks: 0
May 09 23:36:35 dectech-6af36c hypridle[2559]: [LOG] ScreenSaver inhibit: true dbus message from vlc (owner: :1.249) with content Playing some media.
May 09 23:36:35 dectech-6af36c hypridle[2559]: [LOG] Inhibit locks: 1
May 09 23:36:35 dectech-6af36c hypridle[2559]: [LOG] Cookie 1425 sent
May 09 23:36:36 dectech-6af36c hypridle[2559]: [LOG] ScreenSaver inhibit: false dbus message from vlc (owner: :1.249) with content Playing some media.
May 09 23:36:36 dectech-6af36c hypridle[2559]: [LOG] Inhibit locks: 0
May 09 23:36:36 dectech-6af36c hypridle[2559]: [LOG] ScreenSaver inhibit: true dbus message from vlc (owner: :1.250) with content Playing some media.
May 09 23:36:36 dectech-6af36c hypridle[2559]: [LOG] Inhibit locks: 1
May 09 23:36:36 dectech-6af36c hypridle[2559]: [LOG] Cookie 1426 sent
May 09 23:36:37 dectech-6af36c hypridle[2559]: [LOG] ScreenSaver inhibit: false dbus message from vlc (owner: :1.250) with content Playing some media.
May 09 23:36:37 dectech-6af36c hypridle[2559]: [LOG] Inhibit locks: 0
May 09 23:36:37 dectech-6af36c hypridle[2559]: [LOG] ScreenSaver inhibit: true dbus message from vlc (owner: :1.253) with content Playing some media.
May 09 23:36:37 dectech-6af36c hypridle[2559]: [LOG] Inhibit locks: 1
May 09 23:36:37 dectech-6af36c hypridle[2559]: [LOG] Cookie 1427 sent
May 09 23:36:38 dectech-6af36c hypridle[2559]: [LOG] ScreenSaver inhibit: false dbus message from vlc (owner: :1.253) with content Playing some media.
May 09 23:36:38 dectech-6af36c hypridle[2559]: [LOG] Inhibit locks: 0
May 09 23:36:38 dectech-6af36c hypridle[2559]: [LOG] ScreenSaver inhibit: true dbus message from vlc (owner: :1.254) with content Playing some media.
May 09 23:36:38 dectech-6af36c hypridle[2559]: [LOG] Inhibit locks: 1
May 09 23:36:38 dectech-6af36c hypridle[2559]: [LOG] Cookie 1428 sent
May 09 23:36:38 dectech-6af36c hypridle[2559]: [LOG] ScreenSaver inhibit: false dbus message from vlc (owner: :1.254) with content Playing some media.
May 09 23:36:38 dectech-6af36c hypridle[2559]: [LOG] Inhibit locks: 0
May 09 23:36:38 dectech-6af36c hypridle[2559]: [LOG] ScreenSaver inhibit: true dbus message from vlc (owner: :1.255) with content Playing some media.
May 09 23:36:38 dectech-6af36c hypridle[2559]: [LOG] Inhibit locks: 1
May 09 23:36:38 dectech-6af36c hypridle[2559]: [LOG] Cookie 1429 sent
May 09 23:36:40 dectech-6af36c hypridle[2559]: [LOG] ScreenSaver inhibit: false dbus message from vlc (owner: :1.255) with content Playing some media.
May 09 23:36:40 dectech-6af36c hypridle[2559]: [LOG] Inhibit locks: 0
May 09 23:36:40 dectech-6af36c hypridle[2559]: [LOG] ScreenSaver inhibit: true dbus message from vlc (owner: :1.258) with content Playing some media.
May 09 23:36:40 dectech-6af36c hypridle[2559]: [LOG] Inhibit locks: 1
May 09 23:36:40 dectech-6af36c hypridle[2559]: [LOG] Cookie 1430 sent
May 09 23:36:41 dectech-6af36c hypridle[2559]: [LOG] ScreenSaver inhibit: false dbus message from vlc (owner: :1.258) with content Playing some media.
May 09 23:36:41 dectech-6af36c hypridle[2559]: [LOG] Inhibit locks: 0
May 09 23:36:41 dectech-6af36c hypridle[2559]: [LOG] ScreenSaver inhibit: true dbus message from vlc (owner: :1.259) with content Playing some media.
May 09 23:36:41 dectech-6af36c hypridle[2559]: [LOG] Inhibit locks: 1
May 09 23:36:41 dectech-6af36c hypridle[2559]: [LOG] Cookie 1431 sent
May 09 23:36:43 dectech-6af36c hypridle[2559]: [LOG] ScreenSaver inhibit: false dbus message from vlc (owner: :1.259) with content Playing some media.
May 09 23:36:43 dectech-6af36c hypridle[2559]: [LOG] Inhibit locks: 0
May 09 23:36:43 dectech-6af36c hypridle[2559]: [LOG] ScreenSaver inhibit: true dbus message from vlc (owner: :1.262) with content Playing some media.
May 09 23:36:43 dectech-6af36c hypridle[2559]: [LOG] Inhibit locks: 1
May 09 23:36:43 dectech-6af36c hypridle[2559]: [LOG] Cookie 1432 sent
May 09 23:36:43 dectech-6af36c hypridle[2559]: [LOG] ScreenSaver inhibit: false dbus message from vlc (owner: :1.262) with content Playing some media.
May 09 23:36:43 dectech-6af36c hypridle[2559]: [LOG] Inhibit locks: 0
May 09 23:36:43 dectech-6af36c hypridle[2559]: [LOG] ScreenSaver inhibit: true dbus message from vlc (owner: :1.263) with content Playing some media.
May 09 23:36:43 dectech-6af36c hypridle[2559]: [LOG] Inhibit locks: 1
May 09 23:36:43 dectech-6af36c hypridle[2559]: [LOG] Cookie 1433 sent
May 09 23:36:43 dectech-6af36c hypridle[2559]: [LOG] ScreenSaver inhibit: false dbus message from vlc (owner: :1.263) with content Playing some media.
May 09 23:36:43 dectech-6af36c hypridle[2559]: [LOG] Inhibit locks: 0
May 09 23:36:43 dectech-6af36c hypridle[2559]: [LOG] ScreenSaver inhibit: true dbus message from vlc (owner: :1.264) with content Playing some media.
May 09 23:36:43 dectech-6af36c hypridle[2559]: [LOG] Inhibit locks: 1
May 09 23:36:43 dectech-6af36c hypridle[2559]: [LOG] Cookie 1434 sent
May 09 23:36:45 dectech-6af36c hypridle[2559]: [LOG] ScreenSaver inhibit: false dbus message from vlc (owner: :1.264) with content Playing some media.
May 09 23:36:45 dectech-6af36c hypridle[2559]: [LOG] Inhibit locks: 0
May 09 23:36:45 dectech-6af36c hypridle[2559]: [LOG] ScreenSaver inhibit: true dbus message from vlc (owner: :1.267) with content Playing some media.
May 09 23:36:45 dectech-6af36c hypridle[2559]: [LOG] Inhibit locks: 1
May 09 23:36:45 dectech-6af36c hypridle[2559]: [LOG] Cookie 1435 sent
May 09 23:36:45 dectech-6af36c hypridle[2559]: [LOG] ScreenSaver inhibit: false dbus message from vlc (owner: :1.267) with content Playing some media.
May 09 23:36:45 dectech-6af36c hypridle[2559]: [LOG] Inhibit locks: 0
May 09 23:36:45 dectech-6af36c hypridle[2559]: [LOG] ScreenSaver inhibit: true dbus message from vlc (owner: :1.268) with content Playing some media.
May 09 23:36:45 dectech-6af36c hypridle[2559]: [LOG] Inhibit locks: 1
May 09 23:36:45 dectech-6af36c hypridle[2559]: [LOG] Cookie 1436 sent
May 09 23:36:47 dectech-6af36c hypridle[2559]: [LOG] ScreenSaver inhibit: false dbus message from vlc (owner: :1.268) with content Playing some media.
May 09 23:36:47 dectech-6af36c hypridle[2559]: [LOG] Inhibit locks: 0
May 09 23:36:47 dectech-6af36c hypridle[2559]: [LOG] ScreenSaver inhibit: true dbus message from vlc (owner: :1.271) with content Playing some media.
May 09 23:36:47 dectech-6af36c hypridle[2559]: [LOG] Inhibit locks: 1
May 09 23:36:47 dectech-6af36c hypridle[2559]: [LOG] Cookie 1437 sent
May 09 23:36:48 dectech-6af36c hypridle[2559]: [LOG] ScreenSaver inhibit: false dbus message from vlc (owner: :1.271) with content Playing some media.
May 09 23:36:48 dectech-6af36c hypridle[2559]: [LOG] Inhibit locks: 0
May 09 23:36:48 dectech-6af36c hypridle[2559]: [LOG] ScreenSaver inhibit: true dbus message from vlc (owner: :1.272) with content Playing some media.
May 09 23:36:48 dectech-6af36c hypridle[2559]: [LOG] Inhibit locks: 1
May 09 23:36:48 dectech-6af36c hypridle[2559]: [LOG] Cookie 1438 sent
May 09 23:36:48 dectech-6af36c hypridle[2559]: [LOG] ScreenSaver inhibit: false dbus message from vlc (owner: :1.272) with content Playing some media.
May 09 23:36:48 dectech-6af36c hypridle[2559]: [LOG] Inhibit locks: 0
May 09 23:36:48 dectech-6af36c hypridle[2559]: [LOG] ScreenSaver inhibit: true dbus message from vlc (owner: :1.273) with content Playing some media.
May 09 23:36:48 dectech-6af36c hypridle[2559]: [LOG] Inhibit locks: 1
May 09 23:36:48 dectech-6af36c hypridle[2559]: [LOG] Cookie 1439 sent
May 09 23:36:49 dectech-6af36c hypridle[2559]: [LOG] ScreenSaver inhibit: false dbus message from vlc (owner: :1.273) with content Playing some media.
May 09 23:36:49 dectech-6af36c hypridle[2559]: [LOG] Inhibit locks: 0
May 09 23:36:49 dectech-6af36c hypridle[2559]: [LOG] ScreenSaver inhibit: true dbus message from vlc (owner: :1.276) with content Playing some media.
May 09 23:36:49 dectech-6af36c hypridle[2559]: [LOG] Inhibit locks: 1
May 09 23:36:49 dectech-6af36c hypridle[2559]: [LOG] Cookie 1440 sent
May 09 23:36:50 dectech-6af36c hypridle[2559]: [LOG] ScreenSaver inhibit: false dbus message from vlc (owner: :1.276) with content Playing some media.
May 09 23:36:50 dectech-6af36c hypridle[2559]: [LOG] Inhibit locks: 0
May 09 23:36:50 dectech-6af36c hypridle[2559]: [LOG] ScreenSaver inhibit: true dbus message from vlc (owner: :1.277) with content Playing some media.
May 09 23:36:50 dectech-6af36c hypridle[2559]: [LOG] Inhibit locks: 1
May 09 23:36:50 dectech-6af36c hypridle[2559]: [LOG] Cookie 1441 sent
May 09 23:36:50 dectech-6af36c hypridle[2559]: [LOG] ScreenSaver inhibit: false dbus message from vlc (owner: :1.277) with content Playing some media.
May 09 23:36:50 dectech-6af36c hypridle[2559]: [LOG] Inhibit locks: 0
May 09 23:36:50 dectech-6af36c hypridle[2559]: [LOG] ScreenSaver inhibit: true dbus message from vlc (owner: :1.278) with content Playing some media.
May 09 23:36:50 dectech-6af36c hypridle[2559]: [LOG] Inhibit locks: 1
May 09 23:36:50 dectech-6af36c hypridle[2559]: [LOG] Cookie 1442 sent
May 09 23:36:54 dectech-6af36c hypridle[2559]: [LOG] ScreenSaver inhibit: false dbus message from vlc (owner: :1.278) with content Playing some media.
May 09 23:36:54 dectech-6af36c hypridle[2559]: [LOG] Inhibit locks: 0
May 09 23:36:54 dectech-6af36c hypridle[2559]: [LOG] ScreenSaver inhibit: true dbus message from vlc (owner: :1.281) with content Playing some media.
May 09 23:36:54 dectech-6af36c hypridle[2559]: [LOG] Inhibit locks: 1
May 09 23:36:54 dectech-6af36c hypridle[2559]: [LOG] Cookie 1443 sent
May 09 23:36:54 dectech-6af36c hypridle[2559]: [LOG] ScreenSaver inhibit: false dbus message from vlc (owner: :1.281) with content Playing some media.
May 09 23:36:54 dectech-6af36c hypridle[2559]: [LOG] Inhibit locks: 0
May 09 23:36:54 dectech-6af36c hypridle[2559]: [LOG] ScreenSaver inhibit: true dbus message from vlc (owner: :1.282) with content Playing some media.
May 09 23:36:54 dectech-6af36c hypridle[2559]: [LOG] Inhibit locks: 1
May 09 23:36:54 dectech-6af36c hypridle[2559]: [LOG] Cookie 1444 sent
May 09 23:36:54 dectech-6af36c hypridle[2559]: [LOG] ScreenSaver inhibit: false dbus message from vlc (owner: :1.282) with content Playing some media.
May 09 23:36:54 dectech-6af36c hypridle[2559]: [LOG] Inhibit locks: 0
May 09 23:36:54 dectech-6af36c hypridle[2559]: [LOG] ScreenSaver inhibit: true dbus message from vlc (owner: :1.283) with content Playing some media.
May 09 23:36:54 dectech-6af36c hypridle[2559]: [LOG] Inhibit locks: 1
May 09 23:36:54 dectech-6af36c hypridle[2559]: [LOG] Cookie 1445 sent
May 09 23:36:57 dectech-6af36c hypridle[2559]: [LOG] ScreenSaver inhibit: false dbus message from vlc (owner: :1.283) with content Playing some media.
May 09 23:36:57 dectech-6af36c hypridle[2559]: [LOG] Inhibit locks: 0
May 09 23:36:57 dectech-6af36c hypridle[2559]: [LOG] ScreenSaver inhibit: true dbus message from vlc (owner: :1.286) with content Playing some media.
May 09 23:36:57 dectech-6af36c hypridle[2559]: [LOG] Inhibit locks: 1
May 09 23:36:57 dectech-6af36c hypridle[2559]: [LOG] Cookie 1446 sent
May 09 23:36:58 dectech-6af36c hypridle[2559]: [LOG] ScreenSaver inhibit: false dbus message from vlc (owner: :1.286) with content Playing some media.
May 09 23:36:58 dectech-6af36c hypridle[2559]: [LOG] Inhibit locks: 0
May 09 23:36:58 dectech-6af36c hypridle[2559]: [LOG] ScreenSaver inhibit: true dbus message from vlc (owner: :1.287) with content Playing some media.
May 09 23:36:58 dectech-6af36c hypridle[2559]: [LOG] Inhibit locks: 1
May 09 23:36:58 dectech-6af36c hypridle[2559]: [LOG] Cookie 1447 sent
May 09 23:36:58 dectech-6af36c hypridle[2559]: [LOG] ScreenSaver inhibit: false dbus message from vlc (owner: :1.287) with content Playing some media.
May 09 23:36:58 dectech-6af36c hypridle[2559]: [LOG] Inhibit locks: 0
May 09 23:36:58 dectech-6af36c hypridle[2559]: [LOG] ScreenSaver inhibit: true dbus message from vlc (owner: :1.288) with content Playing some media.
May 09 23:36:58 dectech-6af36c hypridle[2559]: [LOG] Inhibit locks: 1
May 09 23:36:58 dectech-6af36c hypridle[2559]: [LOG] Cookie 1448 sent
May 09 23:36:59 dectech-6af36c hypridle[2559]: [LOG] ScreenSaver inhibit: false dbus message from vlc (owner: :1.288) with content Playing some media.
May 09 23:36:59 dectech-6af36c hypridle[2559]: [LOG] Inhibit locks: 0
May 09 23:36:59 dectech-6af36c hypridle[2559]: [LOG] ScreenSaver inhibit: true dbus message from vlc (owner: :1.291) with content Playing some media.
May 09 23:36:59 dectech-6af36c hypridle[2559]: [LOG] Inhibit locks: 1
May 09 23:36:59 dectech-6af36c hypridle[2559]: [LOG] Cookie 1449 sent
May 09 23:37:00 dectech-6af36c hypridle[2559]: [LOG] ScreenSaver inhibit: false dbus message from vlc (owner: :1.291) with content Playing some media.
May 09 23:37:00 dectech-6af36c hypridle[2559]: [LOG] Inhibit locks: 0
May 09 23:37:00 dectech-6af36c hypridle[2559]: [LOG] ScreenSaver inhibit: true dbus message from vlc (owner: :1.292) with content Playing some media.
May 09 23:37:00 dectech-6af36c hypridle[2559]: [LOG] Inhibit locks: 1
May 09 23:37:00 dectech-6af36c hypridle[2559]: [LOG] Cookie 1450 sent
May 09 23:37:00 dectech-6af36c hypridle[2559]: [LOG] ScreenSaver inhibit: false dbus message from vlc (owner: :1.292) with content Playing some media.
May 09 23:37:00 dectech-6af36c hypridle[2559]: [LOG] Inhibit locks: 0
May 09 23:37:00 dectech-6af36c hypridle[2559]: [LOG] ScreenSaver inhibit: true dbus message from vlc (owner: :1.293) with content Playing some media.
May 09 23:37:00 dectech-6af36c hypridle[2559]: [LOG] Inhibit locks: 1
May 09 23:37:00 dectech-6af36c hypridle[2559]: [LOG] Cookie 1451 sent
May 09 23:37:03 dectech-6af36c hypridle[2559]: [LOG] ScreenSaver inhibit: false dbus message from vlc (owner: :1.293) with content Playing some media.
May 09 23:37:03 dectech-6af36c hypridle[2559]: [LOG] Inhibit locks: 0
May 09 23:37:03 dectech-6af36c hypridle[2559]: [LOG] ScreenSaver inhibit: true dbus message from vlc (owner: :1.294) with content Playing some media.
May 09 23:37:03 dectech-6af36c hypridle[2559]: [LOG] Inhibit locks: 1
May 09 23:37:03 dectech-6af36c hypridle[2559]: [LOG] Cookie 1452 sent
May 09 23:37:03 dectech-6af36c hypridle[2559]: [LOG] ScreenSaver inhibit: false dbus message from vlc (owner: :1.294) with content Playing some media.
May 09 23:37:03 dectech-6af36c hypridle[2559]: [LOG] Inhibit locks: 0
May 09 23:37:03 dectech-6af36c hypridle[2559]: [LOG] ScreenSaver inhibit: true dbus message from vlc (owner: :1.295) with content Playing some media.
May 09 23:37:03 dectech-6af36c hypridle[2559]: [LOG] Inhibit locks: 1
May 09 23:37:03 dectech-6af36c hypridle[2559]: [LOG] Cookie 1453 sent
May 09 23:37:03 dectech-6af36c hypridle[2559]: [LOG] ScreenSaver inhibit: false dbus message from vlc (owner: :1.295) with content Playing some media.
May 09 23:37:03 dectech-6af36c hypridle[2559]: [LOG] Inhibit locks: 0
May 09 23:37:03 dectech-6af36c hypridle[2559]: [LOG] ScreenSaver inhibit: true dbus message from vlc (owner: :1.296) with content Playing some media.
May 09 23:37:03 dectech-6af36c hypridle[2559]: [LOG] Inhibit locks: 1
May 09 23:37:03 dectech-6af36c hypridle[2559]: [LOG] Cookie 1454 sent
May 09 23:37:05 dectech-6af36c hypridle[2559]: [LOG] ScreenSaver inhibit: false dbus message from vlc (owner: :1.296) with content Playing some media.
May 09 23:37:05 dectech-6af36c hypridle[2559]: [LOG] Inhibit locks: 0
May 09 23:37:05 dectech-6af36c hypridle[2559]: [LOG] ScreenSaver inhibit: true dbus message from vlc (owner: :1.297) with content Playing some media.
May 09 23:37:05 dectech-6af36c hypridle[2559]: [LOG] Inhibit locks: 1
May 09 23:37:05 dectech-6af36c hypridle[2559]: [LOG] Cookie 1455 sent
May 09 23:37:05 dectech-6af36c hypridle[2559]: [LOG] ScreenSaver inhibit: false dbus message from vlc (owner: :1.297) with content Playing some media.
May 09 23:37:05 dectech-6af36c hypridle[2559]: [LOG] Inhibit locks: 0
May 09 23:37:05 dectech-6af36c hypridle[2559]: [LOG] ScreenSaver inhibit: true dbus message from vlc (owner: :1.298) with content Playing some media.
May 09 23:37:05 dectech-6af36c hypridle[2559]: [LOG] Inhibit locks: 1
May 09 23:37:05 dectech-6af36c hypridle[2559]: [LOG] Cookie 1456 sent
May 09 23:37:05 dectech-6af36c hypridle[2559]: [LOG] ScreenSaver inhibit: false dbus message from vlc (owner: :1.298) with content Playing some media.
May 09 23:37:05 dectech-6af36c hypridle[2559]: [LOG] Inhibit locks: 0
May 09 23:37:05 dectech-6af36c hypridle[2559]: [LOG] ScreenSaver inhibit: true dbus message from vlc (owner: :1.299) with content Playing some media.
May 09 23:37:05 dectech-6af36c hypridle[2559]: [LOG] Inhibit locks: 1
May 09 23:37:05 dectech-6af36c hypridle[2559]: [LOG] Cookie 1457 sent
May 09 23:37:06 dectech-6af36c hypridle[2559]: [LOG] ScreenSaver inhibit: false dbus message from vlc (owner: :1.299) with content Playing some media.
May 09 23:37:06 dectech-6af36c hypridle[2559]: [LOG] Inhibit locks: 0
May 09 23:37:06 dectech-6af36c hypridle[2559]: [LOG] ScreenSaver inhibit: true dbus message from vlc (owner: :1.302) with content Playing some media.
May 09 23:37:06 dectech-6af36c hypridle[2559]: [LOG] Inhibit locks: 1
May 09 23:37:06 dectech-6af36c hypridle[2559]: [LOG] Cookie 1458 sent
May 09 23:37:07 dectech-6af36c hypridle[2559]: [LOG] ScreenSaver inhibit: false dbus message from vlc (owner: :1.302) with content Playing some media.
May 09 23:37:07 dectech-6af36c hypridle[2559]: [LOG] Inhibit locks: 0
May 09 23:37:07 dectech-6af36c hypridle[2559]: [LOG] ScreenSaver inhibit: true dbus message from vlc (owner: :1.303) with content Playing some media.
May 09 23:37:07 dectech-6af36c hypridle[2559]: [LOG] Inhibit locks: 1
May 09 23:37:07 dectech-6af36c hypridle[2559]: [LOG] Cookie 1459 sent
May 09 23:37:07 dectech-6af36c hypridle[2559]: [LOG] ScreenSaver inhibit: false dbus message from vlc (owner: :1.303) with content Playing some media.
May 09 23:37:07 dectech-6af36c hypridle[2559]: [LOG] Inhibit locks: 0
May 09 23:37:07 dectech-6af36c hypridle[2559]: [LOG] ScreenSaver inhibit: true dbus message from vlc (owner: :1.304) with content Playing some media.
May 09 23:37:07 dectech-6af36c hypridle[2559]: [LOG] Inhibit locks: 1
May 09 23:37:07 dectech-6af36c hypridle[2559]: [LOG] Cookie 1460 sent
May 09 23:37:33 dectech-6af36c hypridle[2559]: [LOG] ScreenSaver inhibit: false dbus message from vlc (owner: :1.304) with content Playing some media.
May 09 23:37:33 dectech-6af36c hypridle[2559]: [LOG] Inhibit locks: 0
May 09 23:37:48 dectech-6af36c hypridle[2559]: [LOG] ScreenSaver inhibit: true dbus message from vlc (owner: :1.311) with content Playing some media.
May 09 23:37:48 dectech-6af36c hypridle[2559]: [LOG] Inhibit locks: 1
May 09 23:37:48 dectech-6af36c hypridle[2559]: [LOG] Cookie 1461 sent
May 09 23:37:48 dectech-6af36c hypridle[2559]: [LOG] ScreenSaver inhibit: false dbus message from vlc (owner: :1.311) with content Playing some media.
May 09 23:37:48 dectech-6af36c hypridle[2559]: [LOG] Inhibit locks: 0
May 09 23:37:49 dectech-6af36c hypridle[2559]: [LOG] ScreenSaver inhibit: true dbus message from vlc (owner: :1.312) with content Playing some media.
May 09 23:37:49 dectech-6af36c hypridle[2559]: [LOG] Inhibit locks: 1
May 09 23:37:49 dectech-6af36c hypridle[2559]: [LOG] Cookie 1462 sent
May 09 23:37:49 dectech-6af36c hypridle[2559]: [LOG] ScreenSaver inhibit: false dbus message from vlc (owner: :1.312) with content Playing some media.
May 09 23:37:49 dectech-6af36c hypridle[2559]: [LOG] Inhibit locks: 0
May 09 23:37:49 dectech-6af36c hypridle[2559]: [LOG] ScreenSaver inhibit: true dbus message from vlc (owner: :1.313) with content Playing some media.
May 09 23:37:49 dectech-6af36c hypridle[2559]: [LOG] Inhibit locks: 1
May 09 23:37:49 dectech-6af36c hypridle[2559]: [LOG] Cookie 1463 sent
May 09 23:37:51 dectech-6af36c hypridle[2559]: [LOG] ScreenSaver inhibit: false dbus message from vlc (owner: :1.313) with content Playing some media.
May 09 23:37:51 dectech-6af36c hypridle[2559]: [LOG] Inhibit locks: 0
May 09 23:37:51 dectech-6af36c hypridle[2559]: [LOG] ScreenSaver inhibit: true dbus message from vlc (owner: :1.314) with content Playing some media.
May 09 23:37:51 dectech-6af36c hypridle[2559]: [LOG] Inhibit locks: 1
May 09 23:37:51 dectech-6af36c hypridle[2559]: [LOG] Cookie 1464 sent
May 09 23:37:52 dectech-6af36c hypridle[2559]: [LOG] ScreenSaver inhibit: false dbus message from vlc (owner: :1.314) with content Playing some media.
May 09 23:37:52 dectech-6af36c hypridle[2559]: [LOG] Inhibit locks: 0
May 09 23:37:52 dectech-6af36c hypridle[2559]: [LOG] ScreenSaver inhibit: true dbus message from vlc (owner: :1.315) with content Playing some media.
May 09 23:37:52 dectech-6af36c hypridle[2559]: [LOG] Inhibit locks: 1
May 09 23:37:52 dectech-6af36c hypridle[2559]: [LOG] Cookie 1465 sent
May 09 23:37:52 dectech-6af36c hypridle[2559]: [LOG] ScreenSaver inhibit: false dbus message from vlc (owner: :1.315) with content Playing some media.
May 09 23:37:52 dectech-6af36c hypridle[2559]: [LOG] Inhibit locks: 0
May 09 23:37:52 dectech-6af36c hypridle[2559]: [LOG] ScreenSaver inhibit: true dbus message from vlc (owner: :1.316) with content Playing some media.
May 09 23:37:52 dectech-6af36c hypridle[2559]: [LOG] Inhibit locks: 1
May 09 23:37:52 dectech-6af36c hypridle[2559]: [LOG] Cookie 1466 sent
May 09 23:38:32 dectech-6af36c hypridle[2559]: [LOG] ScreenSaver inhibit: false dbus message from vlc (owner: :1.316) with content Playing some media.
May 09 23:38:32 dectech-6af36c hypridle[2559]: [LOG] Inhibit locks: 0
May 09 23:38:32 dectech-6af36c hypridle[2559]: [LOG] ScreenSaver inhibit: true dbus message from vlc (owner: :1.320) with content Playing some media.
May 09 23:38:32 dectech-6af36c hypridle[2559]: [LOG] Inhibit locks: 1
May 09 23:38:32 dectech-6af36c hypridle[2559]: [LOG] Cookie 1467 sent
May 09 23:38:32 dectech-6af36c hypridle[2559]: [LOG] ScreenSaver inhibit: false dbus message from vlc (owner: :1.320) with content Playing some media.
May 09 23:38:32 dectech-6af36c hypridle[2559]: [LOG] Inhibit locks: 0
May 09 23:38:32 dectech-6af36c hypridle[2559]: [LOG] ScreenSaver inhibit: true dbus message from vlc (owner: :1.321) with content Playing some media.
May 09 23:38:32 dectech-6af36c hypridle[2559]: [LOG] Inhibit locks: 1
May 09 23:38:32 dectech-6af36c hypridle[2559]: [LOG] Cookie 1468 sent
May 09 23:38:32 dectech-6af36c hypridle[2559]: [LOG] ScreenSaver inhibit: false dbus message from vlc (owner: :1.321) with content Playing some media.
May 09 23:38:32 dectech-6af36c hypridle[2559]: [LOG] Inhibit locks: 0
May 09 23:38:32 dectech-6af36c hypridle[2559]: [LOG] ScreenSaver inhibit: true dbus message from vlc (owner: :1.322) with content Playing some media.
May 09 23:38:32 dectech-6af36c hypridle[2559]: [LOG] Inhibit locks: 1
May 09 23:38:32 dectech-6af36c hypridle[2559]: [LOG] Cookie 1469 sent
May 09 23:38:34 dectech-6af36c hypridle[2559]: [LOG] ScreenSaver inhibit: false dbus message from vlc (owner: :1.322) with content Playing some media.
May 09 23:38:34 dectech-6af36c hypridle[2559]: [LOG] Inhibit locks: 0
May 09 23:42:50 dectech-6af36c syncthing[1847]: 2026-05-09 23:42:50 WRN Failed to acquire open port (mapping="[::]:22000/TCP" id=NAT-PMP@192.168.1.1 error="getting new lease on NAT-PMP@192.168.1.1 (external port 20885 -> internal port 22000): read udp 192.168.1.122:44727->192.168.1.1:5351: recvfrom: connection refused" log.pkg=nat)
May 09 23:42:50 dectech-6af36c hypridle[2559]: [LOG] Idled: rule 63d5681b30f0
May 09 23:42:50 dectech-6af36c hypridle[2559]: [LOG] Running hyprlock
May 09 23:42:50 dectech-6af36c hypridle[2559]: [LOG] Executing hyprlock
May 09 23:42:50 dectech-6af36c hypridle[2559]: [LOG] Process Created with pid 92129
May 09 23:42:50 dectech-6af36c hypridle[92129]: Hyprlock version v0.9.5
May 09 23:42:50 dectech-6af36c hypridle[92129]: ERR ]: Config has errors:
May 09 23:42:50 dectech-6af36c hypridle[92129]: Config error in file /nix/store/dij327znj7cd5xkgp77hbflar7kq1pvd-hm_hyprhyprlock.conf at line 3: too few arguments
May 09 23:42:50 dectech-6af36c hypridle[92129]: Config error in file /nix/store/dij327znj7cd5xkgp77hbflar7kq1pvd-hm_hyprhyprlock.conf at line 4: config option <animations:fade_in:duration> does not exist.
May 09 23:42:50 dectech-6af36c hypridle[92129]: Config error in file /nix/store/dij327znj7cd5xkgp77hbflar7kq1pvd-hm_hyprhyprlock.conf at line 8: too few arguments
May 09 23:42:50 dectech-6af36c hypridle[92129]: Config error in file /nix/store/dij327znj7cd5xkgp77hbflar7kq1pvd-hm_hyprhyprlock.conf at line 9: config option <animations:fade_out:duration> does not exist.
May 09 23:42:50 dectech-6af36c hypridle[92129]: Config error in file /nix/store/dij327znj7cd5xkgp77hbflar7kq1pvd-hm_hyprhyprlock.conf at line 19: config option <general:after_sleep_cmd> does not exist.
May 09 23:42:50 dectech-6af36c hypridle[92129]: Config error in file /nix/store/dij327znj7cd5xkgp77hbflar7kq1pvd-hm_hyprhyprlock.conf at line 20: config option <general:before_sleep_cmd> does not exist.
May 09 23:42:50 dectech-6af36c hypridle[92129]: Config error in file /nix/store/dij327znj7cd5xkgp77hbflar7kq1pvd-hm_hyprhyprlock.conf at line 22: config option <general:ignore_dbus_inhibit> does not exist.
May 09 23:42:50 dectech-6af36c hypridle[92129]: Config error in file /nix/store/dij327znj7cd5xkgp77hbflar7kq1pvd-hm_hyprhyprlock.conf at line 24: config option <general:lock_cmd> does not exist.
May 09 23:42:50 dectech-6af36c hypridle[92129]: Proceeding ignoring faulty entries
May 09 23:42:50 dectech-6af36c hypridle[92129]: DEBUG ]:   | got iface: wl_seat v9
May 09 23:42:50 dectech-6af36c hypridle[92129]: DEBUG ]:    > Bound to wl_seat v9
May 09 23:42:50 dectech-6af36c hypridle[92129]: DEBUG ]:   | got iface: wl_data_device_manager v3
May 09 23:42:50 dectech-6af36c hypridle[92129]: DEBUG ]:   | got iface: wl_compositor v6
May 09 23:42:50 dectech-6af36c hypridle[92129]: DEBUG ]:    > Bound to wl_compositor v6
May 09 23:42:50 dectech-6af36c hypridle[92129]: DEBUG ]:   | got iface: wl_subcompositor v1
May 09 23:42:50 dectech-6af36c hypridle[92129]: DEBUG ]:   | got iface: wl_shm v2
May 09 23:42:50 dectech-6af36c hypridle[92129]: DEBUG ]:    > Bound to wl_shm v2
May 09 23:42:50 dectech-6af36c hypridle[92129]: DEBUG ]:   | got iface: wp_viewporter v1
May 09 23:42:50 dectech-6af36c hypridle[92129]: DEBUG ]:    > Bound to wp_viewporter v1
May 09 23:42:50 dectech-6af36c hypridle[92129]: DEBUG ]:   | got iface: wp_tearing_control_manager_v1 v1
May 09 23:42:50 dectech-6af36c hypridle[92129]: DEBUG ]:   | got iface: wp_fractional_scale_manager_v1 v1
May 09 23:42:50 dectech-6af36c hypridle[92129]: DEBUG ]:    > Bound to wp_fractional_scale_manager_v1 v1
May 09 23:42:50 dectech-6af36c hypridle[92129]: DEBUG ]:   | got iface: zxdg_output_manager_v1 v3
May 09 23:42:50 dectech-6af36c hypridle[92129]: DEBUG ]:   | got iface: wp_cursor_shape_manager_v1 v2
May 09 23:42:50 dectech-6af36c hypridle[92129]: DEBUG ]:    > Bound to wp_cursor_shape_manager_v1 v2
May 09 23:42:50 dectech-6af36c hypridle[92129]: DEBUG ]:   | got iface: zwp_idle_inhibit_manager_v1 v1
May 09 23:42:50 dectech-6af36c hypridle[92129]: DEBUG ]:   | got iface: zwp_relative_pointer_manager_v1 v1
May 09 23:42:50 dectech-6af36c hypridle[92129]: DEBUG ]:   | got iface: zxdg_decoration_manager_v1 v1
May 09 23:42:50 dectech-6af36c hypridle[92129]: DEBUG ]:   | got iface: wp_alpha_modifier_v1 v1
May 09 23:42:50 dectech-6af36c hypridle[92129]: DEBUG ]:   | got iface: zwlr_gamma_control_manager_v1 v1
May 09 23:42:50 dectech-6af36c hypridle[92129]: DEBUG ]:   | got iface: ext_foreign_toplevel_list_v1 v1
May 09 23:42:50 dectech-6af36c hypridle[92129]: DEBUG ]:   | got iface: zwp_pointer_gestures_v1 v3
May 09 23:42:50 dectech-6af36c hypridle[92129]: DEBUG ]:   | got iface: zwlr_foreign_toplevel_manager_v1 v3
May 09 23:42:50 dectech-6af36c hypridle[92129]: DEBUG ]:   | got iface: zwp_keyboard_shortcuts_inhibit_manager_v1 v1
May 09 23:42:50 dectech-6af36c hypridle[92129]: DEBUG ]:   | got iface: zwp_text_input_manager_v1 v1
May 09 23:42:50 dectech-6af36c hypridle[92129]: DEBUG ]:   | got iface: zwp_text_input_manager_v3 v1
May 09 23:42:50 dectech-6af36c hypridle[92129]: DEBUG ]:   | got iface: zwp_pointer_constraints_v1 v1
May 09 23:42:50 dectech-6af36c hypridle[92129]: DEBUG ]:   | got iface: zwlr_output_power_manager_v1 v1
May 09 23:42:50 dectech-6af36c hypridle[92129]: DEBUG ]:   | got iface: xdg_activation_v1 v1
May 09 23:42:50 dectech-6af36c hypridle[92129]: DEBUG ]:   | got iface: ext_idle_notifier_v1 v2
May 09 23:42:50 dectech-6af36c hypridle[92129]: DEBUG ]:   | got iface: hyprland_lock_notifier_v1 v1
May 09 23:42:50 dectech-6af36c hypridle[92129]: DEBUG ]:   | got iface: ext_session_lock_manager_v1 v1
May 09 23:42:50 dectech-6af36c hypridle[92129]: DEBUG ]:    > Bound to ext_session_lock_manager_v1 v1
May 09 23:42:50 dectech-6af36c hypridle[92129]: DEBUG ]:   | got iface: zwp_input_method_manager_v2 v1
May 09 23:42:50 dectech-6af36c hypridle[92129]: DEBUG ]:   | got iface: zwp_virtual_keyboard_manager_v1 v1
May 09 23:42:50 dectech-6af36c hypridle[92129]: DEBUG ]:   | got iface: zwlr_virtual_pointer_manager_v1 v2
May 09 23:42:50 dectech-6af36c hypridle[92129]: DEBUG ]:   | got iface: zwlr_output_manager_v1 v4
May 09 23:42:50 dectech-6af36c hypridle[92129]: DEBUG ]:   | got iface: org_kde_kwin_server_decoration_manager v1
May 09 23:42:50 dectech-6af36c hypridle[92129]: DEBUG ]:   | got iface: hyprland_focus_grab_manager_v1 v1
May 09 23:42:50 dectech-6af36c hypridle[92129]: DEBUG ]:   | got iface: zwp_tablet_manager_v2 v1
May 09 23:42:50 dectech-6af36c hypridle[92129]: DEBUG ]:   | got iface: zwlr_layer_shell_v1 v5
May 09 23:42:50 dectech-6af36c hypridle[92129]: DEBUG ]:   | got iface: wp_presentation v2
May 09 23:42:50 dectech-6af36c hypridle[92129]: DEBUG ]:   | got iface: xdg_wm_base v7
May 09 23:42:50 dectech-6af36c hypridle[92129]: DEBUG ]:   | got iface: zwlr_data_control_manager_v1 v2
May 09 23:42:50 dectech-6af36c hypridle[92129]: DEBUG ]:   | got iface: zwp_primary_selection_device_manager_v1 v1
May 09 23:42:50 dectech-6af36c hypridle[92129]: DEBUG ]:   | got iface: xwayland_shell_v1 v1
May 09 23:42:50 dectech-6af36c hypridle[92129]: DEBUG ]:   | got iface: hyprland_toplevel_mapping_manager_v1 v1
May 09 23:42:50 dectech-6af36c hypridle[92129]: DEBUG ]:   | got iface: hyprland_global_shortcuts_manager_v1 v1
May 09 23:42:50 dectech-6af36c hypridle[92129]: DEBUG ]:   | got iface: xdg_wm_dialog_v1 v1
May 09 23:42:50 dectech-6af36c hypridle[92129]: DEBUG ]:   | got iface: wp_single_pixel_buffer_manager_v1 v1
May 09 23:42:50 dectech-6af36c hypridle[92129]: DEBUG ]:   | got iface: wp_security_context_manager_v1 v1
May 09 23:42:50 dectech-6af36c hypridle[92129]: DEBUG ]:   | got iface: hyprland_ctm_control_manager_v1 v2
May 09 23:42:50 dectech-6af36c hypridle[92129]: DEBUG ]:   | got iface: hyprland_surface_manager_v1 v2
May 09 23:42:50 dectech-6af36c hypridle[92129]: DEBUG ]:   | got iface: wp_content_type_manager_v1 v1
May 09 23:42:50 dectech-6af36c hypridle[92129]: DEBUG ]:   | got iface: xdg_toplevel_tag_manager_v1 v1
May 09 23:42:50 dectech-6af36c hypridle[92129]: DEBUG ]:   | got iface: xdg_system_bell_v1 v1
May 09 23:42:50 dectech-6af36c hypridle[92129]: DEBUG ]:   | got iface: ext_workspace_manager_v1 v1
May 09 23:42:50 dectech-6af36c hypridle[92129]: DEBUG ]:   | got iface: ext_data_control_manager_v1 v1
May 09 23:42:50 dectech-6af36c hypridle[92129]: DEBUG ]:   | got iface: wp_pointer_warp_v1 v1
May 09 23:42:50 dectech-6af36c hypridle[92129]: DEBUG ]:   | got iface: wp_fifo_manager_v1 v1
May 09 23:42:50 dectech-6af36c hypridle[92129]: DEBUG ]:   | got iface: wp_commit_timing_manager_v1 v1
May 09 23:42:50 dectech-6af36c hypridle[92129]: DEBUG ]:   | got iface: zwlr_screencopy_manager_v1 v3
May 09 23:42:50 dectech-6af36c hypridle[92129]: DEBUG ]:    > Bound to zwlr_screencopy_manager_v1 v3
May 09 23:42:50 dectech-6af36c hypridle[92129]: DEBUG ]:   | got iface: hyprland_toplevel_export_manager_v1 v2
May 09 23:42:50 dectech-6af36c hypridle[92129]: DEBUG ]:   | got iface: ext_output_image_capture_source_manager_v1 v1
May 09 23:42:50 dectech-6af36c hypridle[92129]: DEBUG ]:   | got iface: ext_foreign_toplevel_image_capture_source_manager_v1 v1
May 09 23:42:50 dectech-6af36c hypridle[92129]: DEBUG ]:   | got iface: ext_image_copy_capture_manager_v1 v1
May 09 23:42:50 dectech-6af36c hypridle[92129]: DEBUG ]:   | got iface: wp_color_manager_v1 v1
May 09 23:42:50 dectech-6af36c hypridle[92129]: DEBUG ]:   | got iface: wp_drm_lease_device_v1 v1
May 09 23:42:50 dectech-6af36c hypridle[92129]: DEBUG ]:   | got iface: wp_linux_drm_syncobj_manager_v1 v1
May 09 23:42:50 dectech-6af36c hypridle[92129]: DEBUG ]:   | got iface: wl_drm v2
May 09 23:42:50 dectech-6af36c hypridle[92129]: DEBUG ]:   | got iface: zwp_linux_dmabuf_v1 v5
May 09 23:42:50 dectech-6af36c hypridle[92129]: DEBUG ]:    > Bound to zwp_linux_dmabuf_v1 v5
May 09 23:42:50 dectech-6af36c hypridle[92129]: DEBUG ]:   | got iface: wl_output v4
May 09 23:42:50 dectech-6af36c hypridle[92129]: DEBUG ]:    > Bound to wl_output v4
May 09 23:42:50 dectech-6af36c hypridle[92129]: DEBUG ]: Exposed seat name: Hyprland
May 09 23:42:50 dectech-6af36c hypridle[92129]: DEBUG ]: [core] dmabufFeedbackMainDevice
May 09 23:42:50 dectech-6af36c hypridle[92129]: DEBUG ]: output DP-1 name DP-1
May 09 23:42:50 dectech-6af36c hypridle[92129]: DEBUG ]: output 66 description Samsung Electric Company C32JG5x HTOKA00006 (DP-1)
May 09 23:42:50 dectech-6af36c hypridle[92129]: DEBUG ]: output 66 make Samsung Electric Company model C32JG5x
May 09 23:42:50 dectech-6af36c hypridle[92129]: DEBUG ]: output 66 done
May 09 23:42:50 dectech-6af36c hypridle[92129]: ERR ]: Pam module "/etc/pam.d/hyprlock" does not exist! Falling back to "/etc/pam.d/su"
May 09 23:42:50 dectech-6af36c hypridle[92129]: DEBUG ]: Running on Hyprland
May 09 23:42:50 dectech-6af36c hypridle[92129]: DEBUG ]: eglQueryDmaBufModifiersEXT found 13 mods
May 09 23:42:50 dectech-6af36c hypridle[92129]: DEBUG ]: [bo] has 1 plane(s)
May 09 23:42:50 dectech-6af36c hypridle[92129]: DEBUG ]: [bo] chose modifier 300000000e08014
May 09 23:42:50 dectech-6af36c hypridle[92129]: DEBUG ]: Got dma frame with size [Vector2D: x: 2560, y: 1440]
May 09 23:42:50 dectech-6af36c hypridle[92129]: DEBUG ]: Gathered all screencopy frames - removing dmabuf listeners
May 09 23:42:50 dectech-6af36c hypridle[92129]: DEBUG ]: Resources gathered after 4 milliseconds
May 09 23:42:50 dectech-6af36c hypridle[92129]: DEBUG ]: Locking session
May 09 23:42:50 dectech-6af36c hypridle[92129]: DEBUG ]: Starting fade in
May 09 23:42:50 dectech-6af36c hypridle[92129]: DEBUG ]: Got fractional scale: 100.0%
May 09 23:42:50 dectech-6af36c hypridle[92129]: DEBUG ]: configure with serial 53793
May 09 23:42:50 dectech-6af36c hypridle[92129]: DEBUG ]: Configuring surface for logical [Vector2D: x: 2560, y: 1440] and pixel [Vector2D: x: 2560, y: 1440]
May 09 23:42:50 dectech-6af36c hypridle[92129]: DEBUG ]: Updating placeholder text: <i>Input Password</i>
May 09 23:42:50 dectech-6af36c hypridle[2559]: [LOG] Wayland session got locked
May 09 23:42:50 dectech-6af36c hypridle[92129]: DEBUG ]: onLockLocked called
May 09 23:42:51 dectech-6af36c hypridle[2559]: [LOG] Resumed: rule 63d5681b30f0
May 09 23:42:51 dectech-6af36c hypridle[2559]: [LOG] Ignoring, onRestore is empty.
May 09 23:42:54 dectech-6af36c hypridle[92129]: DEBUG ]: Authenticating
May 09 23:42:54 dectech-6af36c hypridle[92129]: DEBUG ]: PAM_PROMPT: Password:
May 09 23:42:54 dectech-6af36c hypridle[92129]: DEBUG ]: auth: authenticated for su
May 09 23:42:55 dectech-6af36c hypridle[92129]: DEBUG ]: Unlocking session
May 09 23:42:55 dectech-6af36c hypridle[92129]: DEBUG ]: Unlocked, exiting!
May 09 23:42:55 dectech-6af36c hypridle[2559]: [LOG] Wayland session got unlocked
May 09 23:42:55 dectech-6af36c hypridle[92129]: DEBUG ]: Reached the end, exiting
May 09 23:43:00 dectech-6af36c syncthing[1847]: 2026-05-09 23:43:00 WRN Failed to acquire open port (mapping=0.0.0.0:22000/UDP id=NAT-PMP@192.168.1.1 error="getting new lease on NAT-PMP@192.168.1.1 (external port 20885 -> internal port 22000): read udp 192.168.1.122:57798->192.168.1.1:5351: recvfrom: connection refused" log.pkg=nat)
May 09 23:44:25 dectech-6af36c systemd-logind[1556]: The system will power off now!
May 09 23:44:25 dectech-6af36c systemd-logind[1556]: System is powering down.
May 09 23:44:25 dectech-6af36c systemd[1]: Stopping libcrun container...
May 09 23:44:25 dectech-6af36c systemd[1]: Stopping [systemd-run] /nix/store/1y9yqcgynsi97sb17was2rfw53048nf7-podman-5.8.2/libexec/podman/aardvark-dns --config /run/containers/networks/aardvark-dns -p 53 run...
May 09 23:44:25 dectech-6af36c sddm-helper[2376]: Signal received: SIGTERM
May 09 23:44:25 dectech-6af36c sddm[2373]: Authentication error: SDDM::Auth::ERROR_INTERNAL "Process crashed"
May 09 23:44:25 dectech-6af36c sddm[2373]: Auth: sddm-helper (--socket /tmp/sddm-auth-d06f3118-9ae2-4b21-9f31-e38876ed73d6 --id 1 --start /nix/store/w67njz292q66f6qzksl2xqh48hhv2ifv-hyprland-0.54.3/bin/start-hyprland --user zozano --autologin) crashed (exit code 1)
May 09 23:44:25 dectech-6af36c sddm[2373]: Authentication error: SDDM::Auth::ERROR_INTERNAL "Process crashed"
May 09 23:44:25 dectech-6af36c sddm[2373]: Auth: sddm-helper exited with 1
May 09 23:44:25 dectech-6af36c systemd-coredump[92832]: Process 2493 (start-hyprland) of user 1000 terminated abnormally with signal 6/ABRT, processing...
May 09 23:44:25 dectech-6af36c systemd[1]: Stopping Session 1 of User zozano...
May 09 23:44:25 dectech-6af36c systemd[1]: Removed slice Slice /system/modprobe.
May 09 23:44:25 dectech-6af36c systemd[1]: Removed slice Slice /system/systemd-coredump.
May 09 23:44:25 dectech-6af36c systemd[1]: system-systemd\x2dcoredump.slice: Consumed 511ms CPU time over 3h 4min 53.490s wall clock time, 252.4M memory peak, 4.9M read from disk, 3.4M written to disk.
May 09 23:44:25 dectech-6af36c systemd[1]: Removed slice Slice /system/systemd-cryptsetup.
May 09 23:44:25 dectech-6af36c systemd[1]: system-systemd\x2dcryptsetup.slice: Consumed 5.570s CPU time over 3h 5min 22.048s wall clock time, 1G memory peak.
May 09 23:44:25 dectech-6af36c systemd[1]: Stopped target Bluetooth Support.
May 09 23:44:25 dectech-6af36c pipewire[2681]: mod.x11-bell: X11 I/O error handler called on display :0
May 09 23:44:25 dectech-6af36c pipewire[2681]: mod.x11-bell: X11 display (:0) has encountered a fatal I/O error
May 09 23:44:25 dectech-6af36c systemd[1]: Stopped target Graphical Interface.
May 09 23:44:25 dectech-6af36c systemd[1]: Stopped target Host and Network Name Lookups.
May 09 23:44:25 dectech-6af36c systemd[1]: Stopped target Sound Card.
May 09 23:44:25 dectech-6af36c systemd[1]: Stopped target Timer Units.
May 09 23:44:25 dectech-6af36c systemd[1]: fstrim.timer: Deactivated successfully.
May 09 23:44:25 dectech-6af36c systemd[1]: Stopped Discard unused filesystem blocks once a week.
May 09 23:44:25 dectech-6af36c systemd[1]: logrotate.timer: Deactivated successfully.
May 09 23:44:25 dectech-6af36c systemd[1]: Stopped logrotate.timer.
May 09 23:44:25 dectech-6af36c systemd[1]: nix-gc.timer: Deactivated successfully.
May 09 23:44:25 dectech-6af36c systemd[1]: Stopped nix-gc.timer.
May 09 23:44:25 dectech-6af36c systemd[1]: podman-prune.timer: Deactivated successfully.
May 09 23:44:25 dectech-6af36c systemd[1]: Stopped podman-prune.timer.
May 09 23:44:25 dectech-6af36c systemd[1]: systemd-tmpfiles-clean.timer: Deactivated successfully.
May 09 23:44:25 dectech-6af36c systemd[1]: Stopped Daily Cleanup of Temporary Directories.
May 09 23:44:25 dectech-6af36c systemd[1]: Stopped target Trusted Platform Module.
May 09 23:44:25 dectech-6af36c systemd[1]: systemd-rfkill.socket: Deactivated successfully.
May 09 23:44:25 dectech-6af36c systemd[1]: Closed Load/Save RF Kill Switch Status /dev/rfkill Watch.
May 09 23:44:25 dectech-6af36c systemd[1]: Unmounting /data...
May 09 23:44:25 dectech-6af36c systemd[1]: Mounting /run/initramfs...
May 09 23:44:25 dectech-6af36c systemd[1]: Unmounting /server...
May 09 23:44:25 dectech-6af36c bluetoothd[1501]: Terminating
May 09 23:44:25 dectech-6af36c systemd[1]: Stopping Bluetooth service...
May 09 23:44:25 dectech-6af36c sddm[2373]: Signal received: SIGTERM
May 09 23:44:25 dectech-6af36c systemd[1]: Stopping Display Manager...
May 09 23:44:25 dectech-6af36c systemd[1]: Stopping Export full session journal to /home/zozano/.dotfiles/shutdown.log on shutdown...
May 09 23:44:25 dectech-6af36c systemd[1]: Stopping Nix Daemon...
May 09 23:44:25 dectech-6af36c systemd[1]: Stopping Authorization Manager...
May 09 23:44:25 dectech-6af36c systemd[1]: Stopping RealtimeKit Scheduling Policy Service...
May 09 23:44:25 dectech-6af36c systemd[1]: Stopping Disk Manager...
May 09 23:44:25 dectech-6af36c systemd[1]: display-manager.service: Deactivated successfully.
May 09 23:44:25 dectech-6af36c systemd[1]: Stopped Display Manager.
May 09 23:44:25 dectech-6af36c systemd[1]: display-manager.service: Consumed 47ms CPU time over 3h 5min 2.145s wall clock time, 20.4M memory peak, 13.4M read from disk, 32K written to disk.
May 09 23:44:25 dectech-6af36c systemd[1]: nix-daemon.service: Deactivated successfully.
May 09 23:44:25 dectech-6af36c systemd[1]: Stopped Nix Daemon.
May 09 23:44:25 dectech-6af36c systemd[1]: nix-daemon.service: Consumed 83ms CPU time over 3h 5min 3.983s wall clock time, 12.3M memory peak, 2.7M read from disk, 124K written to disk.
May 09 23:44:25 dectech-6af36c systemd[1]: polkit.service: Deactivated successfully.
May 09 23:44:25 dectech-6af36c systemd[1]: Stopped Authorization Manager.
May 09 23:44:25 dectech-6af36c systemd[1]: polkit.service: Consumed 290ms CPU time over 3h 5min 501ms wall clock time, 9.8M memory peak, 4.2M read from disk.
May 09 23:44:25 dectech-6af36c systemd[1]: rtkit-daemon.service: Deactivated successfully.
May 09 23:44:25 dectech-6af36c systemd[1]: Stopped RealtimeKit Scheduling Policy Service.
May 09 23:44:25 dectech-6af36c systemd[1]: udisks2.service: Deactivated successfully.
May 09 23:44:25 dectech-6af36c systemd[1]: Stopped Disk Manager.
May 09 23:44:25 dectech-6af36c systemd[1]: udisks2.service: Consumed 1.763s CPU time over 3h 4min 46.954s wall clock time, 11.1M memory peak, 5.1M read from disk.
May 09 23:44:25 dectech-6af36c systemd[1]: data.mount: Deactivated successfully.
May 09 23:44:25 dectech-6af36c systemd[1]: data.mount: Unit process 3839 (ssh) remains running after unit stopped.
May 09 23:44:25 dectech-6af36c systemd[1]: data.mount: Unit process 4195 (.sshfs-wrapped) remains running after unit stopped.
May 09 23:44:25 dectech-6af36c systemd[1]: Unmounted /data.
May 09 23:44:25 dectech-6af36c systemd[1]: data.mount: Consumed 631ms CPU time over 3h 4min 57.966s wall clock time, 7.2M memory peak, 1.4M read from disk, 123.8M incoming IP traffic, 795.5K outgoing IP traffic.
May 09 23:44:25 dectech-6af36c systemd[1]: Mounted /run/initramfs.
May 09 23:44:25 dectech-6af36c systemd[1]: server.mount: Deactivated successfully.
May 09 23:44:25 dectech-6af36c systemd[1]: server.mount: Unit process 4647 (ssh) remains running after unit stopped.
May 09 23:44:25 dectech-6af36c systemd[1]: server.mount: Unit process 4685 (.sshfs-wrapped) remains running after unit stopped.
May 09 23:44:25 dectech-6af36c systemd[1]: Unmounted /server.
May 09 23:44:25 dectech-6af36c systemd[1]: server.mount: Consumed 102ms CPU time over 3h 4min 57.168s wall clock time, 4.3M memory peak, 140.1K incoming IP traffic, 136.4K outgoing IP traffic.
May 09 23:44:25 dectech-6af36c systemd[1]: run-p4427-i4637.scope: Deactivated successfully.
May 09 23:44:25 dectech-6af36c systemd[1]: Stopped [systemd-run] /nix/store/1y9yqcgynsi97sb17was2rfw53048nf7-podman-5.8.2/libexec/podman/aardvark-dns --config /run/containers/networks/aardvark-dns -p 53 run.
May 09 23:44:25 dectech-6af36c systemd[1]: run-p4427-i4637.scope: Consumed 5ms CPU time over 3h 4min 57.327s wall clock time, 4.8M memory peak, 2.3M read from disk.
May 09 23:44:25 dectech-6af36c systemd-logind[1556]: Session 1 logged out. Waiting for processes to exit.
May 09 23:44:25 dectech-6af36c bluetoothd[1501]: Endpoint unregistered: sender=:1.33 path=/MediaEndpoint/A2DPSource/ldac
May 09 23:44:25 dectech-6af36c bluetoothd[1501]: Endpoint unregistered: sender=:1.33 path=/MediaEndpoint/A2DPSink/aptx_hd
May 09 23:44:25 dectech-6af36c bluetoothd[1501]: Endpoint unregistered: sender=:1.33 path=/MediaEndpoint/A2DPSource/aptx_hd
May 09 23:44:25 dectech-6af36c bluetoothd[1501]: Endpoint unregistered: sender=:1.33 path=/MediaEndpoint/A2DPSink/aptx
May 09 23:44:25 dectech-6af36c bluetoothd[1501]: Endpoint unregistered: sender=:1.33 path=/MediaEndpoint/A2DPSource/aptx
May 09 23:44:25 dectech-6af36c bluetoothd[1501]: Endpoint unregistered: sender=:1.33 path=/MediaEndpoint/A2DPSink/aac
May 09 23:44:25 dectech-6af36c bluetoothd[1501]: Endpoint unregistered: sender=:1.33 path=/MediaEndpoint/A2DPSource/aac
May 09 23:44:25 dectech-6af36c bluetoothd[1501]: Endpoint unregistered: sender=:1.33 path=/MediaEndpoint/A2DPSink/opus_g
May 09 23:44:25 dectech-6af36c bluetoothd[1501]: Endpoint unregistered: sender=:1.33 path=/MediaEndpoint/A2DPSource/opus_g
May 09 23:44:25 dectech-6af36c bluetoothd[1501]: Endpoint unregistered: sender=:1.33 path=/MediaEndpoint/A2DPSink/sbc
May 09 23:44:25 dectech-6af36c bluetoothd[1501]: Endpoint unregistered: sender=:1.33 path=/MediaEndpoint/A2DPSource/sbc
May 09 23:44:25 dectech-6af36c bluetoothd[1501]: Endpoint unregistered: sender=:1.33 path=/MediaEndpoint/A2DPSource/aptx_ll_1
May 09 23:44:25 dectech-6af36c bluetoothd[1501]: Endpoint unregistered: sender=:1.33 path=/MediaEndpoint/A2DPSource/aptx_ll_0
May 09 23:44:25 dectech-6af36c bluetoothd[1501]: Endpoint unregistered: sender=:1.33 path=/MediaEndpoint/A2DPSource/aptx_ll_duplex_1
May 09 23:44:25 dectech-6af36c bluetoothd[1501]: Endpoint unregistered: sender=:1.33 path=/MediaEndpoint/A2DPSource/aptx_ll_duplex_0
May 09 23:44:25 dectech-6af36c bluetoothd[1501]: Endpoint unregistered: sender=:1.33 path=/MediaEndpoint/A2DPSource/faststream
May 09 23:44:25 dectech-6af36c bluetoothd[1501]: Endpoint unregistered: sender=:1.33 path=/MediaEndpoint/A2DPSource/faststream_duplex
May 09 23:44:25 dectech-6af36c bluetoothd[1501]: Endpoint unregistered: sender=:1.33 path=/MediaEndpoint/A2DPSink/opus_05
May 09 23:44:25 dectech-6af36c bluetoothd[1501]: Endpoint unregistered: sender=:1.33 path=/MediaEndpoint/A2DPSource/opus_05
May 09 23:44:25 dectech-6af36c bluetoothd[1501]: Endpoint unregistered: sender=:1.33 path=/MediaEndpoint/A2DPSink/opus_05_duplex
May 09 23:44:25 dectech-6af36c bluetoothd[1501]: Endpoint unregistered: sender=:1.33 path=/MediaEndpoint/A2DPSource/opus_05_duplex
May 09 23:44:25 dectech-6af36c systemd[1]: Starting Generate shutdown ramfs...
May 09 23:44:25 dectech-6af36c systemd[2417]: app-signal-2533.scope: Consumed 2min 3.017s CPU time over 3h 4min 59.362s wall clock time, 575.7M memory peak.
May 09 23:44:25 dectech-6af36c make-initrd-ng[92903]: /etc/initrd-release -> /nix/store/mvss00azy1614f193zd4zwzsfhg8v8y3-etc-os-release
May 09 23:44:25 dectech-6af36c make-initrd-ng[92903]: /etc/os-release -> /nix/store/mvss00azy1614f193zd4zwzsfhg8v8y3-etc-os-release
May 09 23:44:25 dectech-6af36c make-initrd-ng[92903]: /shutdown -> /nix/store/9rpism89x6lyjcwzzkp6kana25rs03nn-systemd-260.1/lib/systemd/systemd-shutdown
May 09 23:44:25 dectech-6af36c make-initrd-ng[92903]: Warning: Couldn't satisfy dependency libc.so.6 for "/nix/store/fjkx1l5cnskzrqacf08z7i8z17256w0j-glibc-2.42-61/lib/libdl.so.2"
May 09 23:44:25 dectech-6af36c dbus-broker[1497]: A security policy denied :1.4 to send method call /midi/profile:org.bluez.GattProfile1.Release to :1.34.
May 09 23:44:25 dectech-6af36c bluetoothd[1501]: Battery Provider Manager destroyed
May 09 23:44:25 dectech-6af36c bluetoothd[1501]: Stopping SDP server
May 09 23:44:25 dectech-6af36c bluetoothd[1501]: Exit
May 09 23:44:25 dectech-6af36c systemd[1]: bluetooth.service: Deactivated successfully.
May 09 23:44:25 dectech-6af36c systemd[1]: Stopped Bluetooth service.
May 09 23:44:25 dectech-6af36c systemd[1]: bluetooth.service: Consumed 41ms CPU time over 3h 5min 4.236s wall clock time, 6.7M memory peak, 4.8M read from disk, 8K written to disk.
May 09 23:44:25 dectech-6af36c make-initrd-ng[92903]: Warning: Couldn't satisfy dependency ld-linux-x86-64.so.2 for "/nix/store/fjkx1l5cnskzrqacf08z7i8z17256w0j-glibc-2.42-61/lib/libc.so.6"
May 09 23:44:25 dectech-6af36c make-initrd-ng[92903]: Warning: Couldn't satisfy dependency libcrypt.so.1 for "/nix/store/9rpism89x6lyjcwzzkp6kana25rs03nn-systemd-260.1/lib/systemd/libsystemd-shared-260.so"
May 09 23:44:25 dectech-6af36c make-initrd-ng[92903]: Warning: Couldn't satisfy dependency libcrypt.so.1.1 for "/nix/store/9rpism89x6lyjcwzzkp6kana25rs03nn-systemd-260.1/lib/systemd/libsystemd-shared-260.so"
May 09 23:44:25 dectech-6af36c make-initrd-ng[92903]: Warning: Couldn't satisfy dependency libc.so.6 for "/nix/store/fjkx1l5cnskzrqacf08z7i8z17256w0j-glibc-2.42-61/lib/libm.so.6"
May 09 23:44:25 dectech-6af36c make-initrd-ng[92903]: Warning: Couldn't satisfy dependency ld-linux-x86-64.so.2 for "/nix/store/fjkx1l5cnskzrqacf08z7i8z17256w0j-glibc-2.42-61/lib/libm.so.6"
May 09 23:44:25 dectech-6af36c make-initrd-ng[92903]: Warning: Couldn't satisfy dependency libc.so.6 for "/nix/store/fjkx1l5cnskzrqacf08z7i8z17256w0j-glibc-2.42-61/lib/libpthread.so.0"
May 09 23:44:25 dectech-6af36c systemd[1]: generate-shutdown-ramfs.service: Deactivated successfully.
May 09 23:44:25 dectech-6af36c systemd[1]: Finished Generate shutdown ramfs.
May 09 23:44:25 dectech-6af36c systemd[1]: generate-shutdown-ramfs.service: Consumed 76ms CPU time over 99ms wall clock time, 32.2M memory peak, 4.8M read from disk.
May 09 23:44:25 dectech-6af36c gjs[2561]: Error reading events from display: Connection reset by peer
May 09 23:44:25 dectech-6af36c hypridle[2559]: [CRITICAL] [core] Disconnected from pollfd id 1
May 09 23:44:25 dectech-6af36c kernel: .xdg-desktop-po[2678]: segfault at 6c ip 00007c30c4ec7a48 sp 00007ffe044fa3c0 error 6 in libwayland-client.so.0.24.0[ca48,7c30c4ec1000+7000] likely on CPU 6 (core 0, socket 0)
May 09 23:44:25 dectech-6af36c kernel: Code: fa 00 00 f0 00 77 7b 48 8b 07 48 c1 e8 03 39 d0 0f 82 7c 00 00 00 39 c2 74 28 45 01 c0 48 8b 47 10 89 d2 41 83 e0 02 4c 09 c1 <48> 89 0c d0 31 c0 c9 31 d2 31 c9 31 f6 31 ff 45 31 c0 c3 0f 1f 44
May 09 23:44:25 dectech-6af36c systemd-coredump[92919]: Process 2678 (.xdg-desktop-po) of user 1000 terminated abnormally with signal 11/SEGV, processing...
May 09 23:44:25 dectech-6af36c systemd[2417]: hyprpanel.service: Main process exited, code=exited, status=1/FAILURE
May 09 23:44:25 dectech-6af36c systemd[2417]: hyprpanel.service: Killing process 2832 (python3.13) with signal SIGKILL.
May 09 23:44:25 dectech-6af36c systemd[2417]: hyprpanel.service: Failed with result 'exit-code'.
May 09 23:44:25 dectech-6af36c systemd[2417]: hyprpanel.service: Consumed 7min 7.496s CPU time over 3h 5min 869ms wall clock time, 230.1M memory peak.
May 09 23:44:26 dectech-6af36c xdg-desktop-portal-hyprland[2678]: [LOG]  | Got interface: wl
May 09 23:44:26 dectech-6af36c systemd[2417]: xdg-desktop-portal-hyprland.service: Main process exited, code=dumped, status=11/SEGV
May 09 23:44:26 dectech-6af36c systemd[2417]: xdg-desktop-portal-hyprland.service: Failed with result 'core-dump'.
May 09 23:44:26 dectech-6af36c systemd[2417]: hyprpanel.service: Scheduled restart job, restart counter is at 1.
May 09 23:44:26 dectech-6af36c systemd[2417]: Started Bar/Panel for Hyprland with extensive customizability.
May 09 23:44:26 dectech-6af36c systemd[1]: session-1.scope: Deactivated successfully.
May 09 23:44:26 dectech-6af36c systemd[1]: Stopped Session 1 of User zozano.
May 09 23:44:26 dectech-6af36c systemd[1]: session-1.scope: Consumed 55min 34.317s CPU time over 3h 5min 2.264s wall clock time, 8.5G memory peak, 5.4G read from disk, 2.2G written to disk, 278.8M incoming IP traffic, 28.8M outgoing IP traffic.
May 09 23:44:26 dectech-6af36c systemd[1]: Stopping User Manager for UID 1000...
May 09 23:44:26 dectech-6af36c systemd-logind[1556]: Removed session 1.
May 09 23:44:26 dectech-6af36c systemd[2417]: Activating special unit Exit the Session...
May 09 23:44:26 dectech-6af36c systemd[2417]: xdg-desktop-portal-hyprland.service: Stop job pending for unit, skipping automatic restart.
May 09 23:44:26 dectech-6af36c systemd[2417]: Removed slice User Background Tasks Slice.
May 09 23:44:26 dectech-6af36c systemd[2417]: Stopped target Main User Target.
May 09 23:44:26 dectech-6af36c systemd[2417]: Stopped target Hyprland compositor session.
May 09 23:44:26 dectech-6af36c systemd[2417]: Stopping User preferences database...
May 09 23:44:26 dectech-6af36c systemd[2417]: Stopping Virtual filesystem service - Apple File Conduit monitor...
May 09 23:44:26 dectech-6af36c systemd[2417]: Stopping Virtual filesystem service...
May 09 23:44:26 dectech-6af36c systemd[2417]: Stopping Virtual filesystem service - GNOME Online Accounts monitor...
May 09 23:44:26 dectech-6af36c systemd[2417]: Stopping Virtual filesystem service - digital camera monitor...
May 09 23:44:26 dectech-6af36c systemd[2417]: Stopping Virtual filesystem metadata service...
May 09 23:44:26 dectech-6af36c systemd[2417]: Stopping Virtual filesystem service - Media Transfer Protocol monitor...
May 09 23:44:26 dectech-6af36c systemd[2417]: Stopping Virtual filesystem service - disk device monitor...
May 09 23:44:26 dectech-6af36c systemd[2417]: Stopping hypridle...
May 09 23:44:26 dectech-6af36c systemd[2417]: Stopped Restart HyprPanel on monitor hotplug (debounced).
May 09 23:44:26 dectech-6af36c systemd[1]: run-user-1000-gvfs.mount: Deactivated successfully.
May 09 23:44:26 dectech-6af36c systemd[1]: Unmounted /run/user/1000/gvfs.
May 09 23:44:26 dectech-6af36c systemd[2417]: Stopping Bar/Panel for Hyprland with extensive customizability...
May 09 23:44:26 dectech-6af36c mpdris2-rs[4216]:  INFO [mpdris2_rs] Exit signal received, closing D-Bus connection
May 09 23:44:26 dectech-6af36c systemd[2417]: Stopping MPRIS bridge for MPD...
May 09 23:44:26 dectech-6af36c systemd[2417]: Stopping PipeWire PulseAudio...
May 09 23:44:26 dectech-6af36c systemd[2417]: Stopping Signal read receipt notifier...
May 09 23:44:26 dectech-6af36c ssh-agent[2494]: exiting on signal 15
May 09 23:44:26 dectech-6af36c systemd[2417]: Stopping SSH Agent...
May 09 23:44:26 dectech-6af36c systemd[2417]: Stopping Multimedia Service Session Manager...
May 09 23:44:26 dectech-6af36c systemd[2417]: Stopped Portal service (Hyprland implementation).
May 09 23:44:26 dectech-6af36c wireplumber[2684]: pw.core: 0x5a0df665a860: leaked proxy 0x5a0df669dca0 id:3
May 09 23:44:26 dectech-6af36c wireplumber[2684]: pw.core: 0x5a0df665a860: leaked proxy 0x5a0df669fd70 id:4
May 09 23:44:26 dectech-6af36c wireplumber[2684]: pw.core: 0x5a0df665a860: leaked proxy 0x5a0df66a2f80 id:5
May 09 23:44:26 dectech-6af36c systemd[2417]: Stopping Portal service...
May 09 23:44:26 dectech-6af36c systemd[2417]: Stopping flatpak document portal service...
May 09 23:44:26 dectech-6af36c systemd[2417]: Stopping sandboxed app permission store...
May 09 23:44:26 dectech-6af36c systemd[1]: run-user-1000-doc.mount: Deactivated successfully.
May 09 23:44:26 dectech-6af36c systemd[1]: Unmounted /run/user/1000/doc.
May 09 23:44:26 dectech-6af36c systemd[2417]: Stopped SSH Agent.
May 09 23:44:26 dectech-6af36c systemd[2417]: Stopped hypridle.
May 09 23:44:26 dectech-6af36c systemd[2417]: Stopped Signal read receipt notifier.
May 09 23:44:26 dectech-6af36c systemd[2417]: signal-read-notify.service: Consumed 1min 8.811s CPU time over 3h 5min 1.143s wall clock time, 52.4M memory peak.
May 09 23:44:26 dectech-6af36c systemd[2417]: Stopped Portal service.
May 09 23:44:26 dectech-6af36c systemd[2417]: Stopped sandboxed app permission store.
May 09 23:44:26 dectech-6af36c systemd[2417]: Stopped Virtual filesystem service.
May 09 23:44:26 dectech-6af36c systemd[2417]: Stopped flatpak document portal service.
May 09 23:44:26 dectech-6af36c systemd[2417]: Stopped Virtual filesystem metadata service.
May 09 23:44:26 dectech-6af36c systemd[2417]: Stopped PipeWire PulseAudio.
May 09 23:44:26 dectech-6af36c systemd[2417]: pipewire-pulse.service: Consumed 5.271s CPU time over 3h 4min 58.395s wall clock time, 23.4M memory peak.
May 09 23:44:26 dectech-6af36c systemd[2417]: Stopped MPRIS bridge for MPD.
May 09 23:44:26 dectech-6af36c systemd[2417]: Stopped User preferences database.
May 09 23:44:26 dectech-6af36c systemd[2417]: Stopped Virtual filesystem service - disk device monitor.
May 09 23:44:26 dectech-6af36c systemd[2417]: Stopped Virtual filesystem service - digital camera monitor.
May 09 23:44:26 dectech-6af36c systemd[2417]: Stopped Multimedia Service Session Manager.
May 09 23:44:26 dectech-6af36c systemd[2417]: wireplumber.service: Consumed 1.934s CPU time over 3h 5min 944ms wall clock time, 26M memory peak.
May 09 23:44:26 dectech-6af36c systemd[2417]: Stopped Virtual filesystem service - Apple File Conduit monitor.
May 09 23:44:26 dectech-6af36c systemd[2417]: Stopped Virtual filesystem service - GNOME Online Accounts monitor.
May 09 23:44:26 dectech-6af36c systemd[2417]: Stopped Virtual filesystem service - Media Transfer Protocol monitor.
May 09 23:44:26 dectech-6af36c systemd[2417]: Stopped Bar/Panel for Hyprland with extensive customizability.
May 09 23:44:26 dectech-6af36c systemd[2417]: Stopped target Current graphical user session.
May 09 23:44:26 dectech-6af36c systemd[2417]: Stopped target Session services which should run early before the graphical session is brought up.
May 09 23:44:26 dectech-6af36c systemd[2417]: Stopping Music Player Daemon...
May 09 23:44:26 dectech-6af36c systemd[2417]: Stopping PipeWire Multimedia Service...
May 09 23:44:26 dectech-6af36c systemd[2417]: Stopped PipeWire Multimedia Service.
May 09 23:44:26 dectech-6af36c systemd[2417]: pipewire.service: Consumed 4.086s CPU time over 3h 5min 951ms wall clock time, 15.2M memory peak.
May 09 23:44:26 dectech-6af36c systemd[2417]: Stopped Music Player Daemon.
May 09 23:44:26 dectech-6af36c systemd[2417]: mpd.service: Consumed 332ms CPU time over 3h 5min 2.310s wall clock time, 79.4M memory peak.
May 09 23:44:26 dectech-6af36c systemd[2417]: Stopped target Basic System.
May 09 23:44:26 dectech-6af36c systemd[2417]: Stopped target Paths.
May 09 23:44:26 dectech-6af36c systemd[2417]: Stopped target Sockets.
May 09 23:44:26 dectech-6af36c systemd[2417]: Stopped target Timers.
May 09 23:44:26 dectech-6af36c systemd[2417]: Stopped Daily Cleanup of User's Temporary Directories.
May 09 23:44:26 dectech-6af36c systemd[2417]: Closed PipeWire PulseAudio.
May 09 23:44:26 dectech-6af36c systemd[2417]: Closed PipeWire Multimedia System Sockets.
May 09 23:44:26 dectech-6af36c systemd[2417]: Closed Podman API Socket.
May 09 23:44:26 dectech-6af36c systemd[2417]: Closed Speech Dispatcher Socket.
May 09 23:44:26 dectech-6af36c dbus-broker[2547]: Dispatched 48474 messages @ 2(±2)μs / message.
May 09 23:44:26 dectech-6af36c systemd[1]: Requested transaction contradicts existing jobs: Transaction for sound.target/start is destructive (shutdown.target has 'start' job queued, but 'stop' is included in transaction).
May 09 23:44:26 dectech-6af36c systemd[1]: sys-devices-pci0000:00-0000:00:08.1-0000:0b:00.1-sound-card1-controlC1.device: Failed to enqueue SYSTEMD_WANTS job, ignoring: Transaction for sound.target/start is destructive (shutdown.target has 'start' job queued, but 'stop' is included in transaction).
May 09 23:44:26 dectech-6af36c systemd[2417]: Stopping D-Bus User Message Bus...
May 09 23:44:26 dectech-6af36c systemd[2417]: Stopped Create User Files and Directories.
May 09 23:44:26 dectech-6af36c systemd[2417]: Requested transaction contradicts existing jobs: Transaction for sound.target/start is destructive (shutdown.target has 'start' job queued, but 'stop' is included in transaction).
May 09 23:44:26 dectech-6af36c systemd[2417]: sys-devices-pci0000:00-0000:00:08.1-0000:0b:00.1-sound-card1-controlC1.device: Failed to enqueue SYSTEMD_USER_WANTS job, ignoring: Transaction for sound.target/start is destructive (shutdown.target has 'start' job queued, but 'stop' is included in transaction).
May 09 23:44:26 dectech-6af36c systemd[1]: Requested transaction contradicts existing jobs: Transaction for sound.target/start is destructive (systemd-poweroff.service has 'start' job queued, but 'stop' is included in transaction).
May 09 23:44:26 dectech-6af36c systemd[2417]: Requested transaction contradicts existing jobs: Transaction for sound.target/start is destructive (systemd-exit.service has 'start' job queued, but 'stop' is included in transaction).
May 09 23:44:26 dectech-6af36c systemd[1]: sys-devices-pci0000:00-0000:00:01.1-0000:01:00.1-sound-card0-controlC0.device: Failed to enqueue SYSTEMD_WANTS job, ignoring: Transaction for sound.target/start is destructive (systemd-poweroff.service has 'start' job queued, but 'stop' is included in transaction).
May 09 23:44:26 dectech-6af36c systemd[2417]: sys-devices-pci0000:00-0000:00:01.1-0000:01:00.1-sound-card0-controlC0.device: Failed to enqueue SYSTEMD_USER_WANTS job, ignoring: Transaction for sound.target/start is destructive (systemd-exit.service has 'start' job queued, but 'stop' is included in transaction).
May 09 23:44:26 dectech-6af36c systemd[2417]: Stopped D-Bus User Message Bus.
May 09 23:44:26 dectech-6af36c systemd[2417]: dbus-broker.service: Consumed 1.105s CPU time over 3h 5min 1.228s wall clock time, 4M memory peak.
May 09 23:44:26 dectech-6af36c systemd[2417]: Removed slice User Core Session Slice.
May 09 23:44:26 dectech-6af36c systemd[2417]: session.slice: Consumed 13.346s CPU time over 3h 5min 1.229s wall clock time, 105.5M memory peak.
May 09 23:44:26 dectech-6af36c systemd[2417]: Closed D-Bus User Message Bus Socket.
May 09 23:44:26 dectech-6af36c systemd[2417]: Removed slice User Application Slice.
May 09 23:44:26 dectech-6af36c systemd[2417]: app.slice: Consumed 10min 20.566s CPU time over 3h 5min 2.337s wall clock time, 919.3M memory peak.
May 09 23:44:26 dectech-6af36c systemd[2417]: Reached target Shutdown.
May 09 23:44:26 dectech-6af36c systemd[2417]: Finished Exit the Session.
May 09 23:44:26 dectech-6af36c systemd[2417]: Reached target Exit the Session.
May 09 23:44:26 dectech-6af36c systemd[1]: Requested transaction contradicts existing jobs: Transaction for systemd-rfkill.socket/start is destructive (systemd-poweroff.service has 'start' job queued, but 'stop' is included in transaction).
May 09 23:44:26 dectech-6af36c systemd[1]: sys-devices-virtual-misc-rfkill.device: Failed to enqueue SYSTEMD_WANTS job, ignoring: Transaction for systemd-rfkill.socket/start is destructive (systemd-poweroff.service has 'start' job queued, but 'stop' is included in transaction).
May 09 23:44:26 dectech-6af36c systemd[1]: Requested transaction contradicts existing jobs: Transaction for sound.target/start is destructive (poweroff.target has 'start' job queued, but 'stop' is included in transaction).
May 09 23:44:26 dectech-6af36c systemd[1]: sys-devices-pci0000:00-0000:00:08.1-0000:0b:00.6-sound-card2-controlC2.device: Failed to enqueue SYSTEMD_WANTS job, ignoring: Transaction for sound.target/start is destructive (poweroff.target has 'start' job queued, but 'stop' is included in transaction).
